id,customer_id,receipt_id,receipt_number,transaction_id,order_number,tx_no,branch_id,shipping_address,payment_method,payment_status,fulfillment_status,delivery_method,subtotal,delivery_fee,discount_amount,total,promo_code,notes,metadata,created_at,updated_at,cancellation_reason,cancelled_at,is_seed_test
b7ce3180-9e50-4e6c-9230-f5580f298615,550e8400-e29b-41d4-a716-446655440046,18592,0000018592,3c93af23-c3bf-4863-ab03-4052231b3e3c,TXN-61739,61739,3,"Manila city, Jabonga, Agusan Del Norte",Credit / Debit Card,paid,Delivered,claim_at_branch,52.18,71.66,0,555.59,,,"{""source"":""web-checkout""}",2026-05-30T23:11:27.636798+00:00,2026-05-22T18:45:24.506219+00:00,,,true
44d3d66e-6f21-480a-a636-3d28f3e5417e,550e8400-e29b-41d4-a716-446655440050,18996,0000018996,c0cbc381-dc78-44f3-8344-decfb38aecb0,TXN-61827,61827,3,"Pickup at Branch 3, Quezon Avenue, Quezon City",Credit / Debit Card,paid,In Transit,scheduled,260.33,77.37,21.19,556.37,,,"{""source"":""web-checkout""}",2026-05-30T22:20:48.0554+00:00,2026-05-22T18:45:24.506219+00:00,,,true
8050a2d0-a00f-44cc-82fa-0e7db35abc8d,550e8400-e29b-41d4-a716-446655440030,18926,0000018926,ab6cd3ef-01fa-4981-8d5a-374eccc135d3,TXN-61596,61596,3,"Pickup at Branch 3, Quezon Avenue, Quezon City",Maya,paid,In Transit,claim_at_branch,179.89,140.93,0,378.72,,,"{""source"":""web-checkout""}",2026-05-30T21:40:19.158849+00:00,2026-05-22T18:45:24.506219+00:00,,,true
2ecd7aa2-e9c8-4068-8920-e0baf5f3220e,550e8400-e29b-41d4-a716-446655440049,18595,0000018595,3cf4bcc0-4bce-4210-ad21-7e01dfc1ddcf,TXN-61682,61682,3,"Blk 454 lot23, Malita, Davao Occidental",GCash,paid,Processing,scheduled,92.54,237.98,28.26,655.01,,,"{""source"":""web-checkout""}",2026-05-30T17:50:21.992482+00:00,2026-05-22T18:45:24.506219+00:00,,,true
30b7cd3f-ac6a-4981-8531-aa0c4fda1efe,550e8400-e29b-41d4-a716-446655440056,18502,0000018502,1d44e249-ceca-4a92-b2bf-01e511f73c09,TXN-61711,61711,3,"Manila city, Jabonga, Agusan Del Norte",Maya,paid,Delivered,claim_at_branch,260.55,212.37,0,140.35,,,"{""source"":""web-checkout""}",2026-05-30T16:57:48.029506+00:00,2026-05-22T18:45:24.506219+00:00,,,true
3a7149a1-8da0-49cf-904c-d0fedc51c124,550e8400-e29b-41d4-a716-446655440037,18533,0000018533,2844d40c-032b-46a4-907d-b0e1cf1fee1a,TXN-61532,61532,3,"Miilionaires Village, Manila City, Metro Manila",Cash on Delivery,paid,Cancelled,scheduled,143.97,124.32,0,378.77,,,"{""source"":""web-checkout""}",2026-05-30T09:05:43.226461+00:00,2026-05-22T18:45:24.506219+00:00,,,true
a7c8083f-34b7-46a7-96e5-74badacbb3b2,550e8400-e29b-41d4-a716-446655440057,19103,0000019103,e135bf3a-32db-4d49-90f3-e5d7696f82aa,TXN-61612,61612,3,"Miilionaires Village, Manila City, Metro Manila",GCash,failed,Cancelled,claim_at_branch,175.57,134.62,0,269.45,,,"{""source"":""web-checkout""}",2026-05-30T03:47:33.11632+00:00,2026-05-23T06:26:46.624031+00:00,Cleaned up stale pending session,2026-05-23T06:26:46.624031+00:00,true
dfa2ce5f-4dad-40c6-a025-f022420e1f07,550e8400-e29b-41d4-a716-446655440029,18575,0000018575,37f14720-507c-4f4e-85a8-1608b71df23b,TXN-61665,61665,3,"Blk 454 lot23, Malita, Davao Occidental",GCash,paid,Processing,scheduled,279.42,76.77,0,139.79,,,"{""source"":""web-checkout""}",2026-05-29T22:09:21.398093+00:00,2026-05-22T18:45:24.506219+00:00,,,true
ee9a1d7a-137a-4477-b1fb-e12fcce5f8ad,550e8400-e29b-41d4-a716-446655440058,18854,0000018854,9a3115c5-17c3-4ce9-9d60-dce85c482ee0,TXN-61684,61684,3,"Quezon city greenfields, Quezon City, Metro Manila",Maya,paid,Processing,scheduled,187.11,122.43,3.72,574.26,,,"{""source"":""web-checkout""}",2026-05-29T22:07:26.681612+00:00,2026-05-22T18:45:24.506219+00:00,,,true
ced0a7f7-92b8-423b-9d42-654b4bb9b865,550e8400-e29b-41d4-a716-446655440031,18977,0000018977,bb71ca15-bc25-48f3-af03-e6c9ade753f2,TXN-61563,61563,3,"Manila city, Jabonga, Agusan Del Norte",Cash on Delivery,paid,Delivered,claim_at_branch,335.57,246.76,0,408.06,,,"{""source"":""web-checkout""}",2026-05-29T21:17:09.366985+00:00,2026-05-22T18:45:24.506219+00:00,,,true
7a6b2f17-a8f4-425f-b7d1-13eb368993bf,550e8400-e29b-41d4-a716-446655440027,19073,0000019073,da3dd4bb-98b7-4443-9139-0b5522a550b0,TXN-61468,61468,3,"Miilionaires Village, Manila City, Metro Manila",Cash on Delivery,paid,Cancelled,scheduled,380.98,106.56,0,233.87,,,"{""source"":""web-checkout""}",2026-05-29T18:46:30.914619+00:00,2026-05-22T18:45:24.506219+00:00,,,true
1907c65e-458a-437e-82ea-cbc74f0f1d9b,550e8400-e29b-41d4-a716-446655440049,19145,0000019145,edb3e019-ec38-4807-8826-02bfebb9505e,TXN-61304,61304,3,"Blk 454 lot23, Malita, Davao Occidental",Cash on Delivery,paid,Processing,claim_at_branch,53.46,156.44,0,600.96,,,"{""source"":""web-checkout""}",2026-05-29T16:47:30.455694+00:00,2026-05-22T18:45:24.506219+00:00,,,true
d39ce99b-7890-498b-9b4e-749ea85e34f6,550e8400-e29b-41d4-a716-446655440046,18842,0000018842,96a74d78-5aa7-46ad-99d1-29d593465907,TXN-61816,61816,3,"Manila city, Jabonga, Agusan Del Norte",Maya,paid,Delivered,scheduled,112.15,119.84,0,212.71,,,"{""source"":""web-checkout""}",2026-05-29T15:05:29.511409+00:00,2026-05-22T18:45:24.506219+00:00,,,true
ae8d4cf1-ab62-4b53-963f-85160e6da810,550e8400-e29b-41d4-a716-446655440036,18732,0000018732,73d95856-1c02-48b5-b085-c61cb28bfa4b,TXN-61261,61261,3,"Manila city, Jabonga, Agusan Del Norte",Credit / Debit Card,paid,Delivered,scheduled,375.56,68.61,47.05,305.08,,,"{""source"":""web-checkout""}",2026-05-29T13:09:11.404198+00:00,2026-05-22T18:45:24.506219+00:00,,,true
6c395f10-8f24-4b28-8ed9-184cdda967df,550e8400-e29b-41d4-a716-446655440029,18425,0000018425,05a5e260-156b-44a8-a2d3-5a5cb5043671,TXN-61501,61501,3,"Blk 454 lot23, Malita, Davao Occidental",Cash on Delivery,paid,Processing,scheduled,429.38,239.97,0,271.41,,,"{""source"":""web-checkout""}",2026-05-29T12:03:21.278257+00:00,2026-05-22T18:45:24.506219+00:00,,,true
b1cc48b3-be08-4a70-84a0-45450160803e,550e8400-e29b-41d4-a716-446655440058,18754,0000018754,7bd01d61-0f3d-4fcc-8156-01fbc503fb27,TXN-61578,61578,3,"Quezon city greenfields, Quezon City, Metro Manila",Maya,paid,Processing,scheduled,434.15,84.53,0,562.63,,,"{""source"":""web-checkout""}",2026-05-29T09:11:38.891632+00:00,2026-05-22T18:45:24.506219+00:00,,,true
6613051b-ff21-4668-93e4-91e75690a6e6,550e8400-e29b-41d4-a716-446655440035,18731,0000018731,736b2d94-d557-4154-b03b-a6f19ff79f73,TXN-61913,61913,3,"Pickup at Branch 3, Quezon Avenue, Quezon City",GCash,failed,Cancelled,scheduled,213.52,195.69,0,580.48,,,"{""source"":""web-checkout""}",2026-05-29T07:20:13.395429+00:00,2026-05-23T06:26:46.624031+00:00,Cleaned up stale pending session,2026-05-23T06:26:46.624031+00:00,true
0ca064e6-329a-4cda-9313-2e27a5d04380,550e8400-e29b-41d4-a716-446655440010,18756,0000018756,7c54bb28-1d4a-40a4-8b95-435bc4e32f5b,TXN-61941,61941,3,"Pickup at Branch 3, Quezon Avenue, Quezon City",Credit / Debit Card,paid,In Transit,scheduled,422.38,171.1,22.46,669.01,,,"{""source"":""web-checkout""}",2026-05-29T04:17:12.277847+00:00,2026-05-22T18:45:24.506219+00:00,,,true
7a8da8fa-0ec2-4969-96f7-39a976131854,550e8400-e29b-41d4-a716-446655440051,18647,0000018647,54069e25-e632-47f5-b316-c882e6460ee1,TXN-61486,61486,3,"Manila city, Jabonga, Agusan Del Norte",GCash,paid,Delivered,scheduled,316.57,205.8,0,217.37,,,"{""source"":""web-checkout""}",2026-05-29T03:44:44.341247+00:00,2026-05-22T18:45:24.506219+00:00,,,true
e294b501-092b-43fe-b550-e2d4bb3f3962,550e8400-e29b-41d4-a716-446655440016,18662,0000018662,59b28347-e3e8-4c8c-b7fe-da1438995bec,TXN-61569,61569,3,"Manila city, Jabonga, Agusan Del Norte",Maya,paid,Delivered,claim_at_branch,175.91,50.62,0,447.43,,,"{""source"":""web-checkout""}",2026-05-28T23:15:43.597026+00:00,2026-05-22T18:45:24.506219+00:00,,,true
a8d2c57d-7b9e-4c4a-ac60-40d168bded99,550e8400-e29b-41d4-a716-446655440010,18506,0000018506,1ef79093-9a35-47d0-a31a-92b39b2e4618,TXN-61522,61522,3,"Pickup at Branch 3, Quezon Avenue, Quezon City",Maya,failed,Cancelled,scheduled,427.62,63.3,0,494.04,,,"{""source"":""web-checkout""}",2026-05-28T20:23:36.320447+00:00,2026-05-23T06:26:46.624031+00:00,Cleaned up stale pending session,2026-05-23T06:26:46.624031+00:00,true
df24e337-93b2-47ff-9b58-9ce777504bb5,550e8400-e29b-41d4-a716-446655440058,19154,0000019154,f02b5321-a101-4621-aefe-91e8b8e88cca,TXN-61953,61953,3,"Quezon city greenfields, Quezon City, Metro Manila",Maya,paid,Processing,scheduled,181.92,205.85,0,634.22,,,"{""source"":""web-checkout""}",2026-05-28T19:43:32.028411+00:00,2026-05-22T18:45:24.506219+00:00,,,true
5549882a-b5b0-42ce-9f1f-320da5e837bd,550e8400-e29b-41d4-a716-446655440019,18515,0000018515,21203c72-5cca-4731-ac04-56f5c759fa52,TXN-61498,61498,3,"Blk 454 lot23, Malita, Davao Occidental",GCash,paid,Processing,scheduled,52.87,136.4,21.48,630.29,,,"{""source"":""web-checkout""}",2026-05-28T16:44:53.982261+00:00,2026-05-22T18:45:24.506219+00:00,,,true
3936ddb2-0841-4067-8a8f-ca22195eed28,550e8400-e29b-41d4-a716-446655440018,18414,0000018414,029ab8a0-1850-4fbd-9ef8-aeaac7374e87,TXN-61824,61824,3,"Quezon city greenfields, Quezon City, Metro Manila",Maya,paid,Processing,claim_at_branch,239.23,83.26,21.57,534,,,"{""source"":""web-checkout""}",2026-05-28T06:36:35.303404+00:00,2026-05-22T18:45:24.506219+00:00,,,true
39f5f96d-3710-4970-a9ff-90618af9abbd,550e8400-e29b-41d4-a716-446655440055,18451,0000018451,0e05e5d6-02fe-4569-ae14-b0b1ce7ff8a7,TXN-61666,61666,3,"Pickup at Branch 3, Quezon Avenue, Quezon City",GCash,paid,In Transit,scheduled,434.92,121.16,0,564.75,,,"{""source"":""web-checkout""}",2026-05-28T00:37:25.981833+00:00,2026-05-22T18:45:24.506219+00:00,,,true
7dc418d1-6f99-4757-8650-41de6ed02c13,550e8400-e29b-41d4-a716-446655440019,18865,0000018865,9c4e0428-8c37-4db8-964b-29dea52c3ae4,TXN-61494,61494,3,"Blk 454 lot23, Malita, Davao Occidental",Cash on Delivery,failed,Cancelled,scheduled,55.61,56.25,0,506.37,,,"{""source"":""web-checkout""}",2026-05-27T14:44:55.49786+00:00,2026-05-23T06:26:46.624031+00:00,Cleaned up stale pending session,2026-05-23T06:26:46.624031+00:00,true
cdab9d85-57f1-4e3b-b4c1-222a45e6f880,550e8400-e29b-41d4-a716-446655440052,18448,0000018448,0d5b6fba-f170-4613-b9fc-1a8ec04b4051,TXN-61716,61716,3,"Miilionaires Village, Manila City, Metro Manila",Credit / Debit Card,paid,Cancelled,claim_at_branch,124.88,203.73,0,587.9,,,"{""source"":""web-checkout""}",2026-05-27T10:30:41.665282+00:00,2026-05-22T18:45:24.506219+00:00,,,true
6e7e5f84-e888-4a57-b625-4e8e2765bbcd,550e8400-e29b-41d4-a716-446655440017,18963,0000018963,b6a793f3-3659-42fa-8a7d-6fac27c16b0c,TXN-61683,61683,3,"Miilionaires Village, Manila City, Metro Manila",GCash,paid,Cancelled,claim_at_branch,256.39,80.58,10.6,588.38,,,"{""source"":""web-checkout""}",2026-05-27T10:08:11.089004+00:00,2026-05-22T18:45:24.506219+00:00,,,true
f6f1a8bf-b003-4305-91f7-0e32cdd8f917,550e8400-e29b-41d4-a716-446655440038,18734,0000018734,73faae1b-5b18-4a9a-b0e5-0e918c7a5bc1,TXN-61714,61714,3,"Quezon city greenfields, Quezon City, Metro Manila",Maya,paid,Processing,scheduled,331.95,94.97,49.75,199.24,,,"{""source"":""web-checkout""}",2026-05-27T05:48:34.842057+00:00,2026-05-22T18:45:24.506219+00:00,,,true
ac0f0173-655d-4f97-b70d-008567645a3a,550e8400-e29b-41d4-a716-446655440010,18456,0000018456,0fa55c6b-fc84-4651-8d42-af36b158245f,TXN-61657,61657,3,"Pickup at Branch 3, Quezon Avenue, Quezon City",Credit / Debit Card,paid,In Transit,claim_at_branch,197.85,195.22,0,129.19,,,"{""source"":""web-checkout""}",2026-05-27T04:09:54.117028+00:00,2026-05-22T18:45:24.506219+00:00,,,true
db2cce62-3ff2-475e-b55a-c5417008a7c2,550e8400-e29b-41d4-a716-446655440040,18486,0000018486,18c7f895-1251-4cef-a7f2-f3fcb0dc86bb,TXN-61269,61269,3,"Pickup at Branch 3, Quezon Avenue, Quezon City",Maya,paid,In Transit,scheduled,415.87,192.45,0,436.05,,,"{""source"":""web-checkout""}",2026-05-27T01:49:38.375954+00:00,2026-05-22T18:45:24.506219+00:00,,,true
19eabb50-5dcd-4a0b-b227-568ca11719f9,550e8400-e29b-41d4-a716-446655440049,19045,0000019045,d23fa3fe-0349-4f8d-8535-fe595ee9e6c6,TXN-61896,61896,3,"Blk 454 lot23, Malita, Davao Occidental",Cash on Delivery,paid,Processing,scheduled,205.51,108.53,0,535.55,,,"{""source"":""web-checkout""}",2026-05-26T23:15:37.058652+00:00,2026-05-22T18:45:24.506219+00:00,,,true
46be53f4-ec8f-42c1-8fe5-f7483e8d2e8d,550e8400-e29b-41d4-a716-446655440021,18567,0000018567,34eeea8f-d4c7-4a54-8f41-ce8078a362a1,TXN-61398,61398,3,"Manila city, Jabonga, Agusan Del Norte",GCash,paid,Delivered,scheduled,249.76,215.62,0,367.88,,,"{""source"":""web-checkout""}",2026-05-26T19:11:49.203408+00:00,2026-05-22T18:45:24.506219+00:00,,,true
f7f02d10-b1b0-46bf-8e44-44e696a93995,550e8400-e29b-41d4-a716-446655440054,18600,0000018600,40fef6e0-fc6b-4565-98ab-220855c5ad70,TXN-61646,61646,3,"Blk 454 lot23, Malita, Davao Occidental",Credit / Debit Card,paid,Processing,scheduled,125.87,207.52,0,207.6,,,"{""source"":""web-checkout""}",2026-05-26T15:39:39.383581+00:00,2026-05-22T18:45:24.506219+00:00,,,true
d5f40f2a-971f-4970-ae96-4ad94287f961,550e8400-e29b-41d4-a716-446655440030,18676,0000018676,5f4ebf36-ca8d-4d18-a080-b20ccd0445d1,TXN-61234,61234,3,"Pickup at Branch 3, Quezon Avenue, Quezon City",Credit / Debit Card,paid,In Transit,claim_at_branch,67.59,198.42,0,208.16,,,"{""source"":""web-checkout""}",2026-05-26T10:22:04.269696+00:00,2026-05-22T18:45:24.506219+00:00,,,true
2aa5d358-27a7-4bae-a2c1-d70e3d766123,550e8400-e29b-41d4-a716-446655440012,18508,0000018508,1f359798-378e-4e06-8e78-2854f6abf6ec,TXN-61459,61459,3,"Miilionaires Village, Manila City, Metro Manila",Credit / Debit Card,paid,Cancelled,scheduled,54.22,107.02,36.83,270.62,,,"{""source"":""web-checkout""}",2026-05-26T10:20:40.145714+00:00,2026-05-22T18:45:24.506219+00:00,,,true
72637790-3a78-4ecc-9aea-e29311b0f045,550e8400-e29b-41d4-a716-446655440056,18702,0000018702,69ae6380-84d7-40b6-be61-ba4931761f7a,TXN-61729,61729,3,"Manila city, Jabonga, Agusan Del Norte",Maya,paid,Delivered,claim_at_branch,56.73,53.95,0,427.01,,,"{""source"":""web-checkout""}",2026-05-26T04:48:24.8439+00:00,2026-05-22T18:45:24.506219+00:00,,,true
95aa6529-c57c-479c-9f66-8db525f2df90,550e8400-e29b-41d4-a716-446655440047,18493,0000018493,1a870f14-a509-48ae-8e41-4ef935cb23d2,TXN-61664,61664,3,"Miilionaires Village, Manila City, Metro Manila",Cash on Delivery,paid,Cancelled,claim_at_branch,211.52,209.67,0,336.85,,,"{""source"":""web-checkout""}",2026-05-25T20:45:47.689538+00:00,2026-05-22T18:45:24.506219+00:00,,,true
8bd0d03d-873a-44ed-9520-2c53dc83f997,550e8400-e29b-41d4-a716-446655440031,18627,0000018627,4cd377fc-159c-41dc-b812-444f0b62d547,TXN-61876,61876,3,"Manila city, Jabonga, Agusan Del Norte",GCash,paid,Delivered,claim_at_branch,76.78,161.29,0,379.77,,,"{""source"":""web-checkout""}",2026-05-25T19:06:51.941711+00:00,2026-05-22T18:45:24.506219+00:00,,,true
96aec019-2ef3-433f-a320-1fe500f9c022,550e8400-e29b-41d4-a716-446655440013,18709,0000018709,6c6feb7f-894f-4002-b4df-414b468b5a33,TXN-61811,61811,3,"Quezon city greenfields, Quezon City, Metro Manila",Cash on Delivery,paid,Processing,claim_at_branch,83.11,202.78,0,649.47,,,"{""source"":""web-checkout""}",2026-05-25T17:51:44.706118+00:00,2026-05-22T18:45:24.506219+00:00,,,true
b0a23f5b-f00d-42e8-a01e-751a3a4e54ba,550e8400-e29b-41d4-a716-446655440026,18422,0000018422,04c90d7c-3ec7-4535-b1e6-5d3c0869b844,TXN-61829,61829,3,"Manila city, Jabonga, Agusan Del Norte",Maya,failed,Cancelled,scheduled,342.15,249.66,0,377.71,,,"{""source"":""web-checkout""}",2026-05-25T16:20:13.437638+00:00,2026-05-23T06:26:46.624031+00:00,Cleaned up stale pending session,2026-05-23T06:26:46.624031+00:00,true
0ed7c6be-da16-45cd-8f5d-a83d4a1617e2,550e8400-e29b-41d4-a716-446655440037,18933,0000018933,ad9b7b94-6d0b-42c4-ab73-a10dd28fe4d7,TXN-61396,61396,3,"Miilionaires Village, Manila City, Metro Manila",Cash on Delivery,paid,Cancelled,claim_at_branch,176.2,219.52,0,513.77,,,"{""source"":""web-checkout""}",2026-05-25T15:04:37.262393+00:00,2026-05-22T18:45:24.506219+00:00,,,true
72dcea1f-90a9-403b-8218-ae027fefabb3,550e8400-e29b-41d4-a716-446655440045,18991,0000018991,c009b745-d286-4d92-8e70-38eea671b776,TXN-61519,61519,3,"Pickup at Branch 3, Quezon Avenue, Quezon City",GCash,paid,In Transit,scheduled,325.08,168.44,0,624.16,,,"{""source"":""web-checkout""}",2026-05-25T14:36:35.477667+00:00,2026-05-22T18:45:24.506219+00:00,,,true
627f2a1a-81e1-4fef-bf93-1bafbe04bddf,550e8400-e29b-41d4-a716-446655440055,18601,0000018601,413a434d-2387-4668-b68a-3d1e4be50ed1,TXN-61613,61613,3,"Pickup at Branch 3, Quezon Avenue, Quezon City",Cash on Delivery,paid,In Transit,scheduled,263.4,104.07,0,417.48,,,"{""source"":""web-checkout""}",2026-05-25T08:01:53.233261+00:00,2026-05-22T18:45:24.506219+00:00,,,true
8ed66c5c-a75b-4625-8c04-ee2169c91b28,550e8400-e29b-41d4-a716-446655440025,18771,0000018771,80c0dae3-73bd-48f7-a47c-359e10e981e8,TXN-61725,61725,3,"Pickup at Branch 3, Quezon Avenue, Quezon City",GCash,paid,In Transit,scheduled,423.94,116.7,0,671.92,,,"{""source"":""web-checkout""}",2026-05-25T06:51:53.501658+00:00,2026-05-22T18:45:24.506219+00:00,,,true
122d0f8b-9aad-4611-b324-991acde0e7cd,550e8400-e29b-41d4-a716-446655440042,18838,0000018838,940eb2c1-1cbe-46fd-85c5-796849ea122c,TXN-61341,61341,3,"Miilionaires Village, Manila City, Metro Manila",Maya,paid,Cancelled,claim_at_branch,406.09,141.46,0,406.61,,,"{""source"":""web-checkout""}",2026-05-25T03:49:19.038726+00:00,2026-05-22T18:45:24.506219+00:00,,,true
584b5724-8252-4ad4-90c7-ad3f22b713e5,550e8400-e29b-41d4-a716-446655440020,18616,0000018616,46dd0a6b-4c43-4037-b1fe-0541f118faa4,TXN-61998,61998,3,"Pickup at Branch 3, Quezon Avenue, Quezon City",Credit / Debit Card,paid,In Transit,scheduled,423.56,185.61,22.74,501.14,,,"{""source"":""web-checkout""}",2026-05-24T21:37:16.290681+00:00,2026-05-22T18:45:24.506219+00:00,,,true
c3ad51e8-92ba-4f51-b071-61b91e4942db,550e8400-e29b-41d4-a716-446655440021,18667,0000018667,5c746b65-f17c-4e11-893c-30737fcf085c,TXN-61625,61625,3,"Manila city, Jabonga, Agusan Del Norte",GCash,paid,Delivered,claim_at_branch,359.57,171.67,0,637.99,,,"{""source"":""web-checkout""}",2026-05-24T17:40:14.909423+00:00,2026-05-22T18:45:24.506219+00:00,,,true
5a2716ab-02e7-4069-8c1e-f689d72d090d,550e8400-e29b-41d4-a716-446655440037,18883,0000018883,a25f93f7-4251-4024-87eb-1571fc2a34d8,TXN-61651,61651,3,"Miilionaires Village, Manila City, Metro Manila",GCash,paid,Cancelled,claim_at_branch,443.82,201.09,42.84,438.23,,,"{""source"":""web-checkout""}",2026-05-24T16:21:10.368964+00:00,2026-05-22T18:45:24.506219+00:00,,,true
f69d0e0b-4fc6-4de1-bc2e-f212a1d84df2,550e8400-e29b-41d4-a716-446655440022,18518,0000018518,21ff5711-c529-43fd-a2ed-7e9c104cb870,TXN-61254,61254,3,"Miilionaires Village, Manila City, Metro Manila",Maya,paid,Cancelled,scheduled,232.91,84.2,0,358.11,,,"{""source"":""web-checkout""}",2026-05-24T10:44:52.889887+00:00,2026-05-22T18:45:24.506219+00:00,,,true
c6262958-a639-4e27-9fbe-a68721e5f478,550e8400-e29b-41d4-a716-446655440032,19078,0000019078,dae9ec45-6478-4da5-8922-150ca0e60564,TXN-61472,61472,3,"Miilionaires Village, Manila City, Metro Manila",Maya,paid,Cancelled,scheduled,280.2,232.36,0,647.64,,,"{""source"":""web-checkout""}",2026-05-24T09:58:59.406404+00:00,2026-05-22T18:45:24.506219+00:00,,,true
7fe3a23a-c1a0-4d43-99c0-f2e73cf0424a,550e8400-e29b-41d4-a716-446655440034,18880,0000018880,a1d7b670-34d5-42fa-a9f0-67f5abf74135,TXN-61592,61592,3,"Blk 454 lot23, Malita, Davao Occidental",Credit / Debit Card,paid,Processing,scheduled,297.24,173.93,0,401.04,,,"{""source"":""web-checkout""}",2026-05-24T04:58:40.988989+00:00,2026-05-22T18:45:24.506219+00:00,,,true
a4e35003-b22c-4da6-8a2f-ffbaf2bb9c02,550e8400-e29b-41d4-a716-446655440048,18844,0000018844,971c1643-2393-4178-b018-a68045a766a4,TXN-61560,61560,3,"Quezon city greenfields, Quezon City, Metro Manila",Credit / Debit Card,paid,Processing,claim_at_branch,410.01,66.12,0,101.76,,,"{""source"":""web-checkout""}",2026-05-24T00:32:16.952135+00:00,2026-05-22T18:45:24.506219+00:00,,,true
e1093001-d75e-413c-8e75-fb2e6639cd82,550e8400-e29b-41d4-a716-446655440041,18437,0000018437,09b227d0-a658-4975-b715-b7d5e383305e,TXN-61376,61376,3,"Manila city, Jabonga, Agusan Del Norte",Cash on Delivery,failed,Cancelled,claim_at_branch,60.12,83.04,0,180.54,,,"{""source"":""web-checkout""}",2026-05-24T00:05:00.664708+00:00,2026-05-23T06:26:46.624031+00:00,Cleaned up stale pending session,2026-05-23T06:26:46.624031+00:00,true
4d8c5e9a-7f66-451e-a438-93b2f8eaab4d,550e8400-e29b-41d4-a716-446655440058,18904,0000018904,a65c231a-3493-40cd-9a88-59180c0cd76f,TXN-61841,61841,3,"Quezon city greenfields, Quezon City, Metro Manila",Credit / Debit Card,paid,Processing,claim_at_branch,76.5,79.3,0,606.21,,,"{""source"":""web-checkout""}",2026-05-23T23:06:16.084168+00:00,2026-05-22T18:45:24.506219+00:00,,,true
27b5fa9d-f67f-498f-b2aa-b4f514602734,550e8400-e29b-41d4-a716-446655440033,18779,0000018779,832ca008-d22d-4b3d-ae79-4565373755c1,TXN-61456,61456,3,"Quezon city greenfields, Quezon City, Metro Manila",GCash,paid,Processing,claim_at_branch,166.33,236.13,0,405.27,,,"{""source"":""web-checkout""}",2026-05-23T13:28:17.419741+00:00,2026-05-22T18:45:24.506219+00:00,,,true
e35050d4-2704-487b-8909-195bc90c7eec,550e8400-e29b-41d4-a716-446655440036,19132,0000019132,e9d873e9-08f6-4c6c-b1c6-eb636ab9a431,TXN-61545,61545,3,"Manila city, Jabonga, Agusan Del Norte",Credit / Debit Card,paid,Delivered,scheduled,147.23,131.35,0,469.46,,,"{""source"":""web-checkout""}",2026-05-23T11:02:41.89922+00:00,2026-05-22T18:45:24.506219+00:00,,,true
e058f798-d52a-4807-951f-5de2dae585c2,6fdd00c9-d664-42e0-853d-e624549371a3,19222,0000017203,2a46efc1-efe8-4434-bce3-c6bd3c67e662,TXN-1775748838036,1775748838036,3,"Pickup at Branch 3, Quezon Avenue, Quezon City, Metro Manila",Maya,paid,Processing,claim_at_branch,82.98,0,0,82.98,,,"{""source"":""web-checkout"",""checkoutId"":""cs_364da48c272026f65153aea5"",""paymentFlow"":""online""}",2026-05-23T05:14:35.516814+00:00,2026-05-23T05:14:56.57635+00:00,,,false
5e30124b-e044-4475-b19d-ebb8c98dfb8c,40ddf839-6d72-4b20-b05f-7571335c4ac0,19221,0000017202,6b0288ab-c286-4216-8380-b553c10652a8,TXN-1775748838035,1775748838035,,"123 Welcome Rotunda, Quezon City, Metro Manila, 1000",Cash on Delivery,paid,Processing,claim_at_branch,107.82,0,0,107.82,,,"{""source"":""web-checkout""}",2026-05-23T05:11:04.115133+00:00,2026-05-23T05:11:04.115133+00:00,,,false
bc7baf34-868e-4160-b12e-cdec7b68b6e4,6fdd00c9-d664-42e0-853d-e624549371a3,19220,0000017201,54245ad8-5b6b-4b17-8642-d2074b48ae88,TXN-1775748838034,1775748838034,3,"Pickup at Branch 3, Quezon Avenue, Quezon City, Metro Manila",Maya,paid,Processing,claim_at_branch,82.98,0,0,82.98,,,"{""source"":""web-checkout"",""checkoutId"":""cs_9ecd3cbb9c3e53abce6e6913"",""paymentFlow"":""online""}",2026-05-23T05:04:22.030542+00:00,2026-05-23T05:04:44.631269+00:00,,,false
3196a74d-57a7-4b5a-a2a8-5047872146d4,6fdd00c9-d664-42e0-853d-e624549371a3,19219,0000017200,b6e645e0-04a3-48bc-af8f-827d69646cc6,TXN-1775748838033,1775748838033,3,"Pickup at Branch 3, Quezon Avenue, Quezon City, Metro Manila",Maya,paid,Processing,claim_at_branch,82.98,0,0,82.98,,,"{""source"":""web-checkout"",""checkoutId"":""cs_86b60f93ddea737e77e746a2"",""paymentFlow"":""online""}",2026-05-23T05:01:33.791565+00:00,2026-05-23T05:01:55.930144+00:00,,,false
5f5f8b98-602e-4a90-a611-266b5402df30,6fdd00c9-d664-42e0-853d-e624549371a3,19218,0000017199,0eccc80f-90b4-4bd3-816d-57f2422776b3,TXN-1775748838032,1775748838032,3,"manila city , Jabonga, Agusan Del Norte",Maya,paid,Processing,scheduled,82.98,140,0,222.98,,,"{""source"":""web-checkout"",""checkoutId"":""cs_9d7eb74b3567e509f59ae579"",""paymentFlow"":""online""}",2026-05-23T04:56:21.384552+00:00,2026-05-23T04:56:41.378354+00:00,,,false
7533db20-8b25-4b85-841c-aa70876ab00f,6fdd00c9-d664-42e0-853d-e624549371a3,19215,0000017196,cef6110e-484a-4dc8-a08d-f2beb7d90729,TXN-1775748838029,1775748838029,3,"millionaires village
, Manila City, Metro Manila",GCash,paid,Processing,same_day,67.92,109,0,176.92,,,"{""source"":""web-checkout"",""checkoutId"":""cs_1fe20a73e1f5821e935660a8"",""paymentFlow"":""online""}",2026-05-23T04:08:12.780408+00:00,2026-05-23T04:10:36.434397+00:00,,,false
f3db8eaf-f491-4210-af06-0ee7e17f4aa6,6fdd00c9-d664-42e0-853d-e624549371a3,19213,0000017194,d4e2238f-178b-471a-98eb-20baa687db87,TXN-1775748838027,1775748838027,3,"Pickup at Branch 3, Quezon Avenue, Quezon City, Metro Manila",Maya,paid,Processing,claim_at_branch,82.98,0,0,82.98,,,"{""source"":""web-checkout"",""checkoutId"":""cs_9049c1e73350df131fddbb9d"",""paymentFlow"":""online""}",2026-05-23T03:08:57.331028+00:00,2026-05-23T03:09:21.385691+00:00,,,false
fa0e46a7-337e-49ca-8dc6-ee2bb6a3d133,550e8400-e29b-41d4-a716-446655440021,19167,0000019167,f3aa9258-7874-4987-ae48-e3f0a9156feb,TXN-61821,61821,3,"Manila city, Jabonga, Agusan Del Norte",GCash,paid,Delivered,scheduled,444.71,82.76,48.56,294.91,,,"{""source"":""web-checkout""}",2026-05-22T21:42:02.735002+00:00,2026-05-22T18:45:24.506219+00:00,,,true
01367391-0728-4a63-8115-beca9bb03e7d,550e8400-e29b-41d4-a716-446655440021,19117,0000019117,e532d6fd-9f15-4199-bae8-ea4bca89a081,TXN-61636,61636,3,"Manila city, Jabonga, Agusan Del Norte",Cash on Delivery,paid,Delivered,claim_at_branch,137.15,165.85,0,695.5,,,"{""source"":""web-checkout""}",2026-05-22T21:38:18.396884+00:00,2026-05-22T18:45:24.506219+00:00,,,true
c47c0cfa-8878-4528-b42d-e294167a743c,550e8400-e29b-41d4-a716-446655440024,18870,0000018870,9ea4db79-e660-4f33-82db-dea85af4a1df,TXN-61450,61450,3,"Blk 454 lot23, Malita, Davao Occidental",Maya,paid,Processing,scheduled,219.9,138.71,42.68,520.26,,,"{""source"":""web-checkout""}",2026-05-22T19:16:22.727397+00:00,2026-05-22T18:45:24.506219+00:00,,,true
f830ad80-e6f5-43f8-8ed6-ea124ee8cdb5,6fdd00c9-d664-42e0-853d-e624549371a3,19208,0000017189,9b4be153-a9e8-4099-8c8f-eef985167fcc,TXN-1775748838022,1775748838022,3,"Pickup at Branch 3, Quezon Avenue, Quezon City, Metro Manila",Maya,paid,Processing,claim_at_branch,99.98,0,0,99.98,,,"{""source"":""web-checkout"",""checkoutId"":""cs_a12e506f06b7d2f120e5d0d3"",""paymentFlow"":""online""}",2026-05-22T18:49:15.882216+00:00,2026-05-22T18:50:14.224085+00:00,,,false
32d5d764-fbd5-4155-89d5-d2e5c8c63412,6fdd00c9-d664-42e0-853d-e624549371a3,19207,0000017188,111b3341-3e1e-4b24-8f4d-317f94092eeb,TXN-1775748838021,1775748838021,3,"Pickup at Branch 3, Quezon Avenue, Quezon City, Metro Manila",GCash,failed,Cancelled,claim_at_branch,82.98,0,0,82.98,,,"{""source"":""web-checkout"",""checkoutId"":""cs_dbba00d78a1b92e544ed8f7f"",""paymentFlow"":""online""}",2026-05-22T18:46:36.92539+00:00,2026-05-23T06:26:46.624031+00:00,Cleaned up stale pending session,2026-05-23T06:26:46.624031+00:00,false
b4ce0a5e-b7d0-4407-933a-f342c97c2fab,6fdd00c9-d664-42e0-853d-e624549371a3,19206,0000017187,06918573-5e63-4099-b1b9-ae89dce0c69b,TXN-1775748838020,1775748838020,3,"Pickup at Branch 3, Quezon Avenue, Quezon City, Metro Manila",GCash,failed,Cancelled,claim_at_branch,112.97,0,0,112.97,,,"{""source"":""web-checkout"",""checkoutId"":""cs_0ab87875ef9cfe5658586e0d"",""paymentFlow"":""online""}",2026-05-22T18:46:05.123542+00:00,2026-05-23T06:26:46.624031+00:00,Cleaned up stale pending session,2026-05-23T06:26:46.624031+00:00,false
44c2489f-3fc7-47f4-8397-4c5911cb9ce2,6fdd00c9-d664-42e0-853d-e624549371a3,17205,0000017186,001445dd-1d17-457a-97dc-899ed8872d95,TXN-1775748838019,1775748838019,3,"Pickup at Branch 3, Quezon Avenue, Quezon City, Metro Manila",Maya,failed,Cancelled,claim_at_branch,162.96,0,0,162.96,,,"{""source"":""web-checkout"",""checkoutId"":""cs_8a5211b3a52c51c5af60d579"",""paymentFlow"":""online""}",2026-05-22T18:38:34.836609+00:00,2026-05-23T06:26:46.624031+00:00,Cleaned up stale pending session,2026-05-23T06:26:46.624031+00:00,false
c28e2f4c-f497-4c8f-92c3-08048bc87924,6fdd00c9-d664-42e0-853d-e624549371a3,17198,0000017179,25f738a8-16d7-4348-b7f1-b7ac0f19f794,TXN-1775748838015,1775748838015,3,"Pickup at Branch 3, Quezon Avenue, Quezon City, Metro Manila",GCash,paid,Processing,claim_at_branch,82.98,0,0,82.98,,,"{""source"":""web-checkout"",""checkoutId"":""cs_f5ce7c8412e9a5c0d71919d7"",""paymentFlow"":""online""}",2026-05-22T15:25:34.420872+00:00,2026-05-22T15:25:50.826286+00:00,,,false
11f27ba7-d0c1-4280-ac43-c120fe3b311c,6fdd00c9-d664-42e0-853d-e624549371a3,17197,0000017178,10b72f21-fad2-44af-895d-1a7baa6d8d6a,TXN-1775748838014,1775748838014,3,"Pickup at Branch 3, Quezon Avenue, Quezon City, Metro Manila",GCash,paid,Processing,claim_at_branch,82.98,0,0,82.98,,,"{""source"":""web-checkout"",""checkoutId"":""cs_e7294ca4f5bb2f77fa8fb283"",""paymentFlow"":""online""}",2026-05-22T15:21:20.168969+00:00,2026-05-22T15:24:34.349775+00:00,,,false
4c1b9e50-0181-4829-b7cb-ef86158dc82a,6fdd00c9-d664-42e0-853d-e624549371a3,17196,0000017177,5e793c5a-a3c9-4586-85c3-d689ba30de49,TXN-1775748838013,1775748838013,3,"Pickup at Branch 3, Quezon Avenue, Quezon City, Metro Manila",Maya,failed,Cancelled,claim_at_branch,56.98,0,0,56.98,,,"{""source"":""web-checkout"",""checkoutId"":""cs_9a0f912a11714a2a5a5923f1"",""paymentFlow"":""online""}",2026-05-22T15:19:32.412103+00:00,2026-05-23T06:26:46.624031+00:00,Cleaned up stale pending session,2026-05-23T06:26:46.624031+00:00,false
0f8215b0-6eef-4935-aa04-719a255b338d,6fdd00c9-d664-42e0-853d-e624549371a3,17195,0000017176,,TXN-1775748838012,1775748838012,3,"Pickup at Branch 3, Quezon Avenue, Quezon City, Metro Manila",GCash,failed,Cancelled,claim_at_branch,82.98,0,0,82.98,,,"{""source"":""web-checkout"",""checkoutId"":""cs_e340aeead96cd1743ba56e4e"",""paymentFlow"":""online""}",2026-05-22T15:06:58.975904+00:00,2026-05-23T06:26:46.624031+00:00,Cleaned up stale pending session,2026-05-23T06:26:46.624031+00:00,false
a69f4534-ae2c-4c0b-82e5-fff9a309d926,6fdd00c9-d664-42e0-853d-e624549371a3,17192,0000017173,,TXN-1775748838008,1775748838008,3,"millionaires village
, Manila City, Metro Manila",Maya,paid,Processing,same_day,57.48,109,0,166.48,,,"{""source"":""web-checkout"",""checkoutId"":""cs_4120e2e68201709494826717"",""paymentFlow"":""online""}",2026-05-22T12:17:44.8857+00:00,2026-05-22T15:15:10.157317+00:00,,,false
1a3433ad-9176-488b-82cf-bb4d176c0471,550e8400-e29b-41d4-a716-446655440024,19170,0000019170,f4c28c54-4e33-43a6-9fff-c1591f7f4538,TXN-61308,61308,3,"Blk 454 lot23, Malita, Davao Occidental",Maya,paid,Processing,claim_at_branch,328.7,218.54,0,649.64,,,"{""source"":""web-checkout""}",2026-05-22T11:44:23.357129+00:00,2026-05-22T18:45:24.506219+00:00,,,true
5ea264dd-8043-43e5-bd61-0cc132e3959a,6fdd00c9-d664-42e0-853d-e624549371a3,17183,0000017164,,TXN-1775748837999,1775748837999,3,"manila city , Jabonga, Agusan Del Norte",Maya,paid,Processing,scheduled,66.91,140,0,206.91,,,"{""source"":""web-checkout"",""checkoutId"":""cs_58b06e2d82f3ca997c629895"",""paymentFlow"":""online""}",2026-05-22T11:32:59.344827+00:00,2026-05-22T15:15:10.157317+00:00,,,false
137a1a36-f93f-48d5-b843-b5d9df113692,6fdd00c9-d664-42e0-853d-e624549371a3,17181,0000017162,,TXN-1775748837997,1775748837997,3,"millionaires village
, Manila City, Metro Manila",Maya,failed,Cancelled,same_day,57.92,109,0,166.92,,,"{""source"":""web-checkout"",""paymentFlow"":""online""}",2026-05-22T11:26:00.151262+00:00,2026-05-23T06:26:46.624031+00:00,Cleaned up stale pending session,2026-05-23T06:26:46.624031+00:00,false
48598243-ea16-4a10-8785-53e066aa5020,6fdd00c9-d664-42e0-853d-e624549371a3,17179,0000017160,,TXN-1775748837994,1775748837994,3,"millionaires village
, Manila City, Metro Manila",Maya,failed,Cancelled,same_day,57.92,109,0,166.92,,,"{""source"":""web-checkout"",""paymentFlow"":""online""}",2026-05-22T11:22:53.619751+00:00,2026-05-23T06:26:46.624031+00:00,Cleaned up stale pending session,2026-05-23T06:26:46.624031+00:00,false
100f6b98-83e4-4c39-ad05-a0575c8327e9,6fdd00c9-d664-42e0-853d-e624549371a3,17178,0000017159,,TXN-1775748837993,1775748837993,3,"manila city , Jabonga, Agusan Del Norte",Maya,failed,Cancelled,scheduled,43.94,140,0,183.94,,,"{""source"":""web-checkout"",""paymentFlow"":""online""}",2026-05-22T11:13:35.535733+00:00,2026-05-23T06:26:46.624031+00:00,Cleaned up stale pending session,2026-05-23T06:26:46.624031+00:00,false
a1b36209-e64e-4e02-ba25-7655595c3eaa,550e8400-e29b-41d4-a716-446655440035,19081,0000019081,dc04d0d3-14d0-4ec3-a126-baddd91bb4af,TXN-61990,61990,3,"Pickup at Branch 3, Quezon Avenue, Quezon City",Cash on Delivery,paid,In Transit,scheduled,423.82,229.65,36.67,461.93,,,"{""source"":""web-checkout""}",2026-05-22T09:07:50.307689+00:00,2026-05-22T18:45:24.506219+00:00,,,true
c2fd26ef-8d06-4eff-b910-3fd80d6e86dc,550e8400-e29b-41d4-a716-446655440036,18982,0000018982,bd5e0902-41ee-453e-b11f-24f404994024,TXN-61987,61987,3,"Manila city, Jabonga, Agusan Del Norte",Maya,paid,Delivered,claim_at_branch,128.28,142.92,0,368.55,,,"{""source"":""web-checkout""}",2026-05-22T08:54:10.829706+00:00,2026-05-22T18:45:24.506219+00:00,,,true
5884c472-46ad-41f2-82d5-1a5f7ba7cb66,550e8400-e29b-41d4-a716-446655440055,18901,0000018901,a58e486c-b313-4193-bfdf-aa620bc38252,TXN-61251,61251,3,"Pickup at Branch 3, Quezon Avenue, Quezon City",Cash on Delivery,paid,In Transit,scheduled,428.38,208.8,0,595.98,,,"{""source"":""web-checkout""}",2026-05-21T07:23:35.674904+00:00,2026-05-22T18:45:24.506219+00:00,,,true
f841002f-d864-42bd-95d3-97f3bc6f23cb,550e8400-e29b-41d4-a716-446655440020,18866,0000018866,9ca8f154-c06d-4143-aaf0-53f82f18a361,TXN-61658,61658,3,"Pickup at Branch 3, Quezon Avenue, Quezon City",Maya,paid,In Transit,scheduled,296.46,133.82,0,424.37,,,"{""source"":""web-checkout""}",2026-05-21T07:12:11.292963+00:00,2026-05-22T18:45:24.506219+00:00,,,true
2b818557-2f5e-446d-b16e-4a00509cf300,550e8400-e29b-41d4-a716-446655440022,18718,0000018718,6f97c474-6d24-4a95-907f-6dbf9ef7b177,TXN-61271,61271,3,"Miilionaires Village, Manila City, Metro Manila",Maya,failed,Cancelled,scheduled,216.19,133.37,0,301.92,,,"{""source"":""web-checkout""}",2026-05-20T15:09:01.950081+00:00,2026-05-23T06:26:46.624031+00:00,Cleaned up stale pending session,2026-05-23T06:26:46.624031+00:00,true
f19887c9-f79b-4352-ae01-b02cbafb9ca3,550e8400-e29b-41d4-a716-446655440047,18943,0000018943,b1502159-3401-4396-b358-2f9915902c1f,TXN-61610,61610,3,"Miilionaires Village, Manila City, Metro Manila",GCash,failed,Cancelled,claim_at_branch,279.96,57.77,0,467.19,,,"{""source"":""web-checkout""}",2026-05-20T08:11:20.604884+00:00,2026-05-23T06:26:46.624031+00:00,Cleaned up stale pending session,2026-05-23T06:26:46.624031+00:00,true
ca8958b7-1bd0-4ccd-8fe0-44da8e50e1d9,550e8400-e29b-41d4-a716-446655440019,18415,0000018415,02c6ad3b-e0ba-4693-8a51-003f8efa4cda,TXN-61854,61854,3,"Blk 454 lot23, Malita, Davao Occidental",GCash,failed,Cancelled,scheduled,295.69,144.35,9.78,539.45,,,"{""source"":""web-checkout""}",2026-05-19T20:52:53.863394+00:00,2026-05-23T06:26:46.624031+00:00,Cleaned up stale pending session,2026-05-23T06:26:46.624031+00:00,true
f8eaea40-d93b-4e5e-8572-d0db3322cdea,550e8400-e29b-41d4-a716-446655440059,19155,0000019155,f0add851-2f1d-48ca-aa8d-d7b96b16ee76,TXN-61282,61282,3,"Blk 454 lot23, Malita, Davao Occidental",GCash,paid,Processing,scheduled,429.69,97.88,0,514.35,,,"{""source"":""web-checkout""}",2026-05-19T18:40:32.544379+00:00,2026-05-22T18:45:24.506219+00:00,,,true
5e52e4f1-34c2-4e6c-a536-fb935a9fa571,550e8400-e29b-41d4-a716-446655440030,18526,0000018526,24ed786d-eb6e-4703-8295-13d75a036e9a,TXN-61726,61726,3,"Pickup at Branch 3, Quezon Avenue, Quezon City",Maya,paid,In Transit,scheduled,141.48,155.68,38.13,121.46,,,"{""source"":""web-checkout""}",2026-05-19T17:19:51.447025+00:00,2026-05-22T18:45:24.506219+00:00,,,true
2de1f8bf-948b-40bb-a7e0-c3c8c09e1a6c,6fdd00c9-d664-42e0-853d-e624549371a3,17140,0000017121,,TXN-1775748837950,1775748837950,3,"blk 454 lot23 , Malita, Davao Occidental",Maya,failed,Cancelled,scheduled,82.98,140,0,222.98,,,"{""source"":""web-checkout"",""checkoutId"":""cs_6a210ec262544baacd2fa54a"",""paymentFlow"":""online""}",2026-05-19T16:07:29.047284+00:00,2026-05-23T06:26:46.624031+00:00,Cleaned up stale pending session,2026-05-23T06:26:46.624031+00:00,false
215136a4-ad29-43ef-b2dd-5fa9649ce05b,6fdd00c9-d664-42e0-853d-e624549371a3,17139,0000017120,,TXN-1775748837949,1775748837949,3,"Pickup at Branch 3, Quezon Avenue, Quezon City, Metro Manila",Maya,failed,Cancelled,claim_at_branch,97.46,0,0,97.46,,,"{""source"":""web-checkout"",""checkoutId"":""cs_761646aa63843cf780922482"",""paymentFlow"":""online""}",2026-05-19T15:36:43.913239+00:00,2026-05-23T06:26:46.624031+00:00,Cleaned up stale pending session,2026-05-23T06:26:46.624031+00:00,false
9c3c8fc7-ff23-4b19-bfad-5810265c62be,6fdd00c9-d664-42e0-853d-e624549371a3,17138,0000017119,,TXN-1775748837948,1775748837948,3,"Pickup at Branch 3, Quezon Avenue, Quezon City, Metro Manila",Maya,failed,Cancelled,claim_at_branch,97.46,0,0,97.46,,,"{""source"":""web-checkout"",""checkoutId"":""cs_131fbe16996616762ca3da0b"",""paymentFlow"":""online""}",2026-05-19T15:32:35.338269+00:00,2026-05-23T06:26:46.624031+00:00,Cleaned up stale pending session,2026-05-23T06:26:46.624031+00:00,false
88bd061a-d15c-41fa-9ee0-4e4a3abe6cbd,6fdd00c9-d664-42e0-853d-e624549371a3,17137,0000017118,,TXN-1775748837947,1775748837947,3,"Pickup at Branch 3, Quezon Avenue, Quezon City, Metro Manila",Maya,failed,Cancelled,claim_at_branch,64.47,0,0,64.47,,,"{""source"":""web-checkout"",""checkoutId"":""cs_d8948689107a9082ba91960f"",""paymentFlow"":""online""}",2026-05-19T15:27:48.771941+00:00,2026-05-23T06:26:46.624031+00:00,Cleaned up stale pending session,2026-05-23T06:26:46.624031+00:00,false
8ac73071-dcba-46a3-a87f-2490eed7dfc9,550e8400-e29b-41d4-a716-446655440023,18819,0000018819,8df9f230-7e77-4600-8c94-a8f53ab4db46,TXN-61213,61213,3,"Quezon city greenfields, Quezon City, Metro Manila",GCash,failed,Cancelled,claim_at_branch,204.26,52.72,0,615.87,,,"{""source"":""web-checkout""}",2026-05-19T14:44:52.216065+00:00,2026-05-23T06:26:46.624031+00:00,Cleaned up stale pending session,2026-05-23T06:26:46.624031+00:00,true
6a43890c-8728-4fb8-ac00-4288ba590661,550e8400-e29b-41d4-a716-446655440020,19016,0000019016,c8a713cf-d17f-48e4-9cf1-254e3b84783a,TXN-61895,61895,3,"Pickup at Branch 3, Quezon Avenue, Quezon City",Credit / Debit Card,paid,In Transit,claim_at_branch,393.4,229.39,0,321.05,,,"{""source"":""web-checkout""}",2026-05-19T14:44:47.64111+00:00,2026-05-22T18:45:24.506219+00:00,,,true
1a695dd6-3533-49a0-ba9b-aa8c619a0628,6fdd00c9-d664-42e0-853d-e624549371a3,17136,0000017117,,TXN-1775748837946,1775748837946,3,"blk 454 lot23 , Malita, Davao Occidental",Credit / Debit Card,failed,Cancelled,scheduled,63.92,140,0,203.92,,,"{""source"":""web-checkout"",""checkoutId"":""cs_b0221b6f5c261a241db65d89"",""paymentFlow"":""online""}",2026-05-19T14:41:44.579061+00:00,2026-05-23T06:26:46.624031+00:00,Cleaned up stale pending session,2026-05-23T06:26:46.624031+00:00,false
a44efad0-02d3-425a-8525-79e79945e28e,40ddf839-6d72-4b20-b05f-7571335c4ac0,17135,0000017116,,TXN-1775748837945,1775748837945,3,"123 Welcome Rotunda, Quezon City, Metro Manila",Cash on Delivery,paid,In Transit,same_day,77.87,89,0,166.87,,,"{""source"":""web-checkout""}",2026-05-19T14:31:15.935837+00:00,2026-05-22T15:15:10.157317+00:00,,,false
c7221c72-1687-4896-b770-a30aa6b02045,550e8400-e29b-41d4-a716-446655440022,18818,0000018818,8db887ec-2072-42a5-83ea-c9b93745317c,TXN-61293,61293,3,"Miilionaires Village, Manila City, Metro Manila",Maya,paid,Cancelled,scheduled,216.14,201.24,0,537.72,,,"{""source"":""web-checkout""}",2026-05-19T13:07:10.470299+00:00,2026-05-22T18:45:24.506219+00:00,,,true
572a1357-0016-4066-9b7d-eefea4e16614,6fdd00c9-d664-42e0-853d-e624549371a3,17134,0000017115,,TXN-1775748837944,1775748837944,3,"Pickup at Branch 3, Quezon Avenue, Quezon City, Metro Manila",GCash,paid,Processing,claim_at_branch,65.94,0,0,65.94,,,"{""source"":""web-checkout"",""checkoutId"":""cs_86e1695f0553892b4961b5c3"",""paymentFlow"":""online""}",2026-05-19T12:37:23.089163+00:00,2026-05-22T15:15:10.157317+00:00,,,false
272fc41f-9c1f-492a-92bb-a50c142aae29,6fdd00c9-d664-42e0-853d-e624549371a3,17133,0000017114,,TXN-1775748837943,1775748837943,3,"blk 454 lot23 , Malita, Davao Occidental",GCash,paid,Processing,scheduled,75.46,140,0,215.46,,,"{""source"":""web-checkout"",""checkoutId"":""cs_52b428fe7a77742554b1b4b8"",""paymentFlow"":""online"",""customerEmail"":""justyn04314@gmail.com""}",2026-05-19T11:47:29.096458+00:00,2026-05-22T15:15:10.157317+00:00,,,false
8e54e53c-cb36-4cec-be55-dc3edea35da8,6fdd00c9-d664-42e0-853d-e624549371a3,17132,0000017113,,TXN-1775748837942,1775748837942,3,"blk 454 lot23 , Malita, Davao Occidental",Maya,paid,Processing,scheduled,75.46,140,0,215.46,,,"{""source"":""web-checkout"",""checkoutId"":""cs_ea4dec96054d4be082d550f2"",""paymentFlow"":""online"",""customerEmail"":""justyn04314@gmail.com""}",2026-05-19T11:38:59.406259+00:00,2026-05-22T15:15:10.157317+00:00,,,false
ddd59c42-69a8-46b6-b7a4-50337f704439,6fdd00c9-d664-42e0-853d-e624549371a3,17131,0000017112,,TXN-1775748837941,1775748837941,3,"blk 454 lot23 , Malita, Davao Occidental",GCash,paid,Processing,scheduled,58.48,140,0,198.48,,,"{""source"":""web-checkout"",""checkoutId"":""cs_24a13fa916e7c829196be26a"",""paymentFlow"":""online"",""customerEmail"":""justyn04314@gmail.com""}",2026-05-19T11:32:04.043625+00:00,2026-05-22T15:15:10.157317+00:00,,,false
5c45c19f-0d7b-4ef2-89b5-1352a8794c01,6fdd00c9-d664-42e0-853d-e624549371a3,17130,0000017111,,TXN-1775748837940,1775748837940,3,"blk 454 lot23 , Malita, Davao Occidental",Maya,paid,Processing,scheduled,58.48,140,0,198.48,,,"{""source"":""web-checkout"",""checkoutId"":""cs_796fc6a9091935e7edc29f2f"",""paymentFlow"":""online"",""customerEmail"":""justyn04314@gmail.com""}",2026-05-19T11:27:36.571127+00:00,2026-05-22T15:15:10.157317+00:00,,,false
8bfb2369-bcc8-43a3-93d7-f5fb73b50f3d,6fdd00c9-d664-42e0-853d-e624549371a3,17129,0000017110,,TXN-1775748837939,1775748837939,3,"blk 454 lot23 , Malita, Davao Occidental",Maya,failed,Cancelled,scheduled,58.48,140,0,198.48,,,"{""source"":""web-checkout"",""checkoutId"":""cs_ad3fdf2233adc8cd6ec4a3e2"",""paymentFlow"":""online"",""customerEmail"":""justyn04314@gmail.com""}",2026-05-19T11:07:33.078116+00:00,2026-05-23T06:26:46.624031+00:00,Cleaned up stale pending session,2026-05-23T06:26:46.624031+00:00,false
7eccc560-4ced-4adb-bdbd-3775c25a446d,550e8400-e29b-41d4-a716-446655440017,18813,0000018813,8cd8c802-7735-488a-8e6e-e33f37ae0bc1,TXN-61976,61976,3,"Miilionaires Village, Manila City, Metro Manila",Cash on Delivery,paid,Cancelled,scheduled,378.2,195.11,0,638.87,,,"{""source"":""web-checkout""}",2026-05-19T09:23:47.935817+00:00,2026-05-22T18:45:24.506219+00:00,,,true
572d5dda-c039-4deb-b2e2-12b2e9238a61,6fdd00c9-d664-42e0-853d-e624549371a3,17128,0000017109,,TXN-1775748837938,1775748837938,3,"blk 454 lot23 , Malita, Davao Occidental",Maya,failed,Cancelled,scheduled,58.48,140,0,198.48,,,"{""source"":""web-checkout"",""checkoutId"":""cs_2b0fd776f2966e553ae8118d"",""paymentFlow"":""online"",""customerEmail"":""justyn04314@gmail.com""}",2026-05-19T08:11:47.895541+00:00,2026-05-23T06:26:46.624031+00:00,Cleaned up stale pending session,2026-05-23T06:26:46.624031+00:00,false
0eeaf0f4-b130-4418-a248-75105b380729,6fdd00c9-d664-42e0-853d-e624549371a3,17127,0000017108,,TXN-1775748837937,1775748837937,3,"blk 454 lot23 , Malita, Davao Occidental",Maya,failed,Cancelled,scheduled,58.48,140,0,198.48,,,"{""source"":""web-checkout"",""checkoutId"":""cs_cdb64ccab5f538e8c43ec4dd"",""paymentFlow"":""online"",""customerEmail"":""justyn04314@gmail.com""}",2026-05-19T08:00:00.304291+00:00,2026-05-23T06:26:46.624031+00:00,Cleaned up stale pending session,2026-05-23T06:26:46.624031+00:00,false
25c59c91-cc47-4dcc-948a-fdeb23054853,6fdd00c9-d664-42e0-853d-e624549371a3,17126,0000017107,,TXN-1775748837936,1775748837936,3,"blk 454 lot23 , Malita, Davao Occidental",Maya,failed,Cancelled,scheduled,58.48,140,0,198.48,,,"{""source"":""web-checkout"",""checkoutId"":""cs_c598026c0b70c224f393a28b"",""paymentFlow"":""online""}",2026-05-19T07:57:22.275253+00:00,2026-05-23T06:26:46.624031+00:00,Cleaned up stale pending session,2026-05-23T06:26:46.624031+00:00,false
d265930e-e2c8-4afc-ad41-cabb3d8f99d5,6fdd00c9-d664-42e0-853d-e624549371a3,17125,0000017106,,TXN-1775748837935,1775748837935,3,"blk 454 lot23 , Malita, Davao Occidental",Maya,failed,Cancelled,scheduled,58.48,140,0,198.48,,,"{""source"":""web-checkout"",""checkoutId"":""cs_9e01ca851270c3bb0d920222"",""paymentFlow"":""online""}",2026-05-19T07:49:38.047262+00:00,2026-05-23T06:26:46.624031+00:00,Cleaned up stale pending session,2026-05-23T06:26:46.624031+00:00,false
5ae08325-63e8-4330-a919-054fa8b3f255,6fdd00c9-d664-42e0-853d-e624549371a3,17124,0000017105,,TXN-1775748837934,1775748837934,3,"blk 454 lot23 , Malita, Davao Occidental",Maya,paid,Processing,scheduled,70.96,140,0,210.96,,,"{""source"":""web-checkout"",""checkoutId"":""cs_cddf7e76a0f7d331532b4339"",""paymentFlow"":""online""}",2026-05-19T07:35:16.857312+00:00,2026-05-22T15:15:10.157317+00:00,,,false
2be86ec9-6c1e-4bb3-aaa0-7d1cdc0db66e,6fdd00c9-d664-42e0-853d-e624549371a3,17123,0000017104,,TXN-1775748837933,1775748837933,3,"blk 454 lot23 , Malita, Davao Occidental",Maya,paid,Processing,scheduled,70.96,140,0,210.96,,,"{""source"":""web-checkout"",""checkoutId"":""cs_ebee95dbacf81023c2009e80"",""paymentFlow"":""online""}",2026-05-19T07:30:12.680188+00:00,2026-05-22T15:15:10.157317+00:00,,,false
64187106-276e-40c5-91e0-23082ec82ecf,550e8400-e29b-41d4-a716-446655440051,19097,0000019097,e0afc8fb-fca8-4a51-b49d-e373c41b97aa,TXN-61894,61894,3,"Manila city, Jabonga, Agusan Del Norte",Cash on Delivery,paid,Delivered,scheduled,160.34,203.29,0,179.61,,,"{""source"":""web-checkout""}",2026-05-19T06:23:31.697485+00:00,2026-05-22T18:45:24.506219+00:00,,,true
636e2eab-7f6c-48c2-a29c-64e54ec61ed9,6fdd00c9-d664-42e0-853d-e624549371a3,17121,0000017102,,TXN-1775748837931,1775748837931,3,"Pickup at Branch 3, Quezon Avenue, Quezon City, Metro Manila",GCash,paid,Processing,claim_at_branch,70.96,0,0,70.96,,,"{""source"":""web-checkout"",""checkoutId"":""cs_2c5c63b229fb4188a2b1aa9d"",""paymentFlow"":""online""}",2026-05-19T06:05:51.689856+00:00,2026-05-22T15:15:10.157317+00:00,,,false
7d05f233-2bc7-410c-8583-ace6bd8d7e54,550e8400-e29b-41d4-a716-446655440010,18956,0000018956,b4de147e-15df-4c68-90aa-f973391844b0,TXN-61751,61751,3,"Pickup at Branch 3, Quezon Avenue, Quezon City",Credit / Debit Card,paid,In Transit,scheduled,59.6,203.58,0,169.06,,,"{""source"":""web-checkout""}",2026-05-19T05:34:55.947096+00:00,2026-05-22T18:45:24.506219+00:00,,,true
7b5f5a6f-f9e5-4685-8bfe-78f6ba41de51,550e8400-e29b-41d4-a716-446655440045,18741,0000018741,74f56996-58fb-4531-b9f9-f9e5bb527070,TXN-61930,61930,3,"Pickup at Branch 3, Quezon Avenue, Quezon City",Cash on Delivery,paid,In Transit,claim_at_branch,407.32,165.72,0,536.28,,,"{""source"":""web-checkout""}",2026-05-19T00:14:54.318894+00:00,2026-05-22T18:45:24.506219+00:00,,,true
24a52994-53dd-486a-af0c-89354e3594da,550e8400-e29b-41d4-a716-446655440044,18540,0000018540,2a67f4c5-e40c-41f9-96e7-8a9705a3c151,TXN-61962,61962,3,"Blk 454 lot23, Malita, Davao Occidental",Credit / Debit Card,paid,Processing,claim_at_branch,86.63,62.6,0,298.51,,,"{""source"":""web-checkout""}",2026-05-18T22:46:49.992566+00:00,2026-05-22T18:45:24.506219+00:00,,,true
e664ca73-3093-4263-babf-95bdc7c0bcb2,6fdd00c9-d664-42e0-853d-e624549371a3,17102,0000017083,,TXN-1775748837889,1775748837889,3,"blk 454 lot23 , Malita, Davao Occidental",Maya,paid,Cancelled,scheduled,58.46,140,0,198.46,,,"{""source"":""web-checkout"",""checkoutId"":""cs_fb8ac868a92a38a3e58beaa8"",""paymentFlow"":""online""}",2026-05-18T20:00:45.337865+00:00,2026-05-22T15:15:10.157317+00:00,Duplicate order,2026-05-18T20:15:04.218+00:00,false
124e6072-1493-4e81-85d3-3044824080cf,6fdd00c9-d664-42e0-853d-e624549371a3,17099,0000017080,,TXN-1775748837885,1775748837885,3,"blk 454 lot23 , Malita, Davao Occidental",Maya,failed,Cancelled,scheduled,58.46,140,0,198.46,,,"{""source"":""web-checkout"",""checkoutId"":""cs_36a0608497b1417f9c7712e2"",""paymentFlow"":""online""}",2026-05-18T19:53:41.41731+00:00,2026-05-23T06:26:46.624031+00:00,Cleaned up stale pending session,2026-05-23T06:26:46.624031+00:00,false
096b09c9-5276-4e3e-a42c-daa100eebae6,6fdd00c9-d664-42e0-853d-e624549371a3,17097,0000017078,,TXN-1775748837882,1775748837882,3,"blk 454 lot23 , Malita, Davao Occidental",Maya,failed,Cancelled,scheduled,58.46,140,0,198.46,,,"{""source"":""web-checkout"",""paymentFlow"":""online""}",2026-05-18T19:49:40.489902+00:00,2026-05-23T06:26:46.624031+00:00,Cleaned up stale pending session,2026-05-23T06:26:46.624031+00:00,false
5e9d5884-051d-4cf0-8d68-b2db8d3b5090,550e8400-e29b-41d4-a716-446655440035,18531,0000018531,27f0c716-eac1-4814-9df9-5d91d19a1a6c,TXN-61834,61834,3,"Pickup at Branch 3, Quezon Avenue, Quezon City",GCash,paid,In Transit,scheduled,160.6,147.95,0,224.19,,,"{""source"":""web-checkout""}",2026-05-18T12:52:48.648119+00:00,2026-05-22T18:45:24.506219+00:00,,,true
e4c73fd9-f553-4833-815f-89f0a42ccf2b,6fdd00c9-d664-42e0-853d-e624549371a3,17079,0000017060,,TXN-1775748837858,1775748837858,3,"Pickup at Branch 3, Quezon Avenue, Quezon City, Metro Manila",Cash,paid,Processing,claim_at_branch,55.93,0,0,55.93,,,"{""source"":""web-checkout""}",2026-05-18T12:25:21.779226+00:00,2026-05-22T15:15:10.157317+00:00,,,false
80b101d3-1a03-4de8-a5b3-f6e2fd59156d,550e8400-e29b-41d4-a716-446655440058,18554,0000018554,2f668622-3141-40c8-8907-6c7d29341019,TXN-61301,61301,3,"Quezon city greenfields, Quezon City, Metro Manila",Maya,paid,Processing,claim_at_branch,427.01,243.71,21.97,380.37,,,"{""source"":""web-checkout""}",2026-05-18T02:55:16.392246+00:00,2026-05-22T18:45:24.506219+00:00,,,true
83e87f50-1753-416e-8fe3-94d686a25298,6fdd00c9-d664-42e0-853d-e624549371a3,17053,0000017034,,TXN-1775748837821,1775748837821,3,"Pickup at Branch 3, Quezon Avenue, Quezon City, Metro Manila",Cash on Delivery,paid,Cancelled,claim_at_branch,53.47,0,0,53.47,,,"{""source"":""web-checkout""}",2026-05-17T17:44:27.717399+00:00,2026-05-22T15:15:10.157317+00:00,Found a better price elsewhere,2026-05-17T17:43:22.878+00:00,false
3c2ac07c-cf79-44a5-94c3-daada4ec3336,550e8400-e29b-41d4-a716-446655440044,19090,0000019090,df641350-283f-4a4c-b9b8-49542000cd60,TXN-61697,61697,3,"Blk 454 lot23, Malita, Davao Occidental",Maya,paid,Processing,scheduled,321.91,198.71,0,519.11,,,"{""source"":""web-checkout""}",2026-05-17T17:02:14.887433+00:00,2026-05-22T18:45:24.506219+00:00,,,true
1995918b-ea1a-4fc0-80c9-53571ef3f004,6fdd00c9-d664-42e0-853d-e624549371a3,17052,0000017033,,TXN-1775748837820,1775748837820,3,"Pickup at Branch 3, Quezon Avenue, Quezon City, Metro Manila",Cash on Delivery,paid,Cancelled,claim_at_branch,75.95,0,0,75.95,,,"{""source"":""web-checkout""}",2026-05-17T16:24:26.556146+00:00,2026-05-22T15:15:10.157317+00:00,Changed my mind,2026-05-17T16:22:36.616+00:00,false
0e1b2056-727b-4501-81ad-c34d9ee10b87,550e8400-e29b-41d4-a716-446655440011,18907,0000018907,a6e9df53-cef8-4b9c-b5be-7d73c6bf6bc9,TXN-61564,61564,3,"Manila city, Jabonga, Agusan Del Norte",GCash,paid,Delivered,scheduled,374,118.41,42.37,168.05,,,"{""source"":""web-checkout""}",2026-05-17T16:19:52.460747+00:00,2026-05-22T18:45:24.506219+00:00,,,true
cd1f0ad0-40c2-4fd2-9364-1ab0a3ff036f,6fdd00c9-d664-42e0-853d-e624549371a3,17051,0000017032,,TXN-1775748837819,1775748837819,3,"Pickup at Branch 3, Quezon Avenue, Quezon City, Metro Manila",Cash on Delivery,paid,Cancelled,claim_at_branch,53.97,0,0,53.97,,,"{""source"":""web-checkout""}",2026-05-17T15:59:52.090658+00:00,2026-05-22T15:15:10.157317+00:00,Cancelled by admin,2026-05-18T08:07:24.816+00:00,false
68e89019-6abd-48a2-8f3f-6e3dff7e1feb,6fdd00c9-d664-42e0-853d-e624549371a3,17050,0000017031,,TXN-1775748837818,1775748837818,3,"Pickup at Branch 3, Quezon Avenue, Quezon City, Metro Manila",Cash on Delivery,paid,Cancelled,claim_at_branch,74.97,0,0,74.97,,,"{""source"":""web-checkout""}",2026-05-17T14:50:49.150845+00:00,2026-05-22T15:15:10.157317+00:00,Cancelled by admin,2026-05-18T09:01:00.357+00:00,false
93273405-e507-4a98-93b3-28a4098eb2ab,550e8400-e29b-41d4-a716-446655440027,18673,0000018673,5e432114-7173-4aef-8d3d-2ec48e6871c8,TXN-61983,61983,3,"Miilionaires Village, Manila City, Metro Manila",Cash on Delivery,paid,Cancelled,scheduled,245.76,66.77,0,148.42,,,"{""source"":""web-checkout""}",2026-05-17T07:27:49.498831+00:00,2026-05-22T18:45:24.506219+00:00,,,true
b95d27ad-f373-4b0c-9a02-c786ddcf93e6,550e8400-e29b-41d4-a716-446655440053,18499,0000018499,1be71d1f-808e-4e5b-ab01-87674a420dcd,TXN-61297,61297,3,"Quezon city greenfields, Quezon City, Metro Manila",GCash,paid,Processing,scheduled,176.62,166.93,0,267.19,,,"{""source"":""web-checkout""}",2026-05-17T00:06:45.14503+00:00,2026-05-22T18:45:24.506219+00:00,,,true
655de3a4-cd41-4c5b-bf44-65765a3bfc4f,550e8400-e29b-41d4-a716-446655440034,19130,0000019130,e9553023-24d2-4218-b361-6e069658c57a,TXN-61320,61320,3,"Blk 454 lot23, Malita, Davao Occidental",Maya,failed,Cancelled,scheduled,403.12,148.88,0,500.64,,,"{""source"":""web-checkout""}",2026-05-16T19:56:28.040255+00:00,2026-05-23T06:26:46.624031+00:00,Cleaned up stale pending session,2026-05-23T06:26:46.624031+00:00,true
5e744e0e-b03c-4b81-93e0-12a32616893f,550e8400-e29b-41d4-a716-446655440052,18848,0000018848,982a2f87-b197-4f9a-81f5-5427edc61113,TXN-61384,61384,3,"Miilionaires Village, Manila City, Metro Manila",Credit / Debit Card,paid,Cancelled,scheduled,108.56,210.17,0,592.93,,,"{""source"":""web-checkout""}",2026-05-16T17:55:42.300248+00:00,2026-05-22T18:45:24.506219+00:00,,,true
0074daf6-a61e-4365-9d01-01970bbf741c,6fdd00c9-d664-42e0-853d-e624549371a3,17041,0000017022,,TXN-1775748837797,1775748837797,3,"blk 454 lot23 , Malita, Davao Occidental",Cash on Delivery,paid,Delivered,scheduled,118.96,140,0,258.96,,,"{""source"":""web-checkout""}",2026-05-16T17:36:45.652948+00:00,2026-05-22T15:15:10.157317+00:00,,,false
75615104-1629-4709-951d-00004cc811eb,6fdd00c9-d664-42e0-853d-e624549371a3,17040,0000017021,,TXN-1775748837796,1775748837796,3,"Pickup at Branch 3, Quezon Avenue, Quezon City, Metro Manila",Cash on Delivery,paid,In Transit,claim_at_branch,70.94,0,0,70.94,,,"{""source"":""web-checkout""}",2026-05-16T17:33:59.878632+00:00,2026-05-22T15:15:10.157317+00:00,,,false
7233088a-119a-4f71-a8d9-f1bb730fdcf0,6fdd00c9-d664-42e0-853d-e624549371a3,17039,0000017020,,TXN-1775748837795,1775748837795,3,"Pickup at Branch 3, Quezon Avenue, Quezon City, Metro Manila",Cash on Delivery,paid,Processing,claim_at_branch,60.41,0,0,60.41,,,"{""source"":""web-checkout""}",2026-05-16T17:23:57.866064+00:00,2026-05-22T15:15:10.157317+00:00,,,false
038ea5d5-11b4-407c-96eb-e8464e1086e4,6fdd00c9-d664-42e0-853d-e624549371a3,17038,0000017019,,TXN-1775748837794,1775748837794,3,"Pickup at Branch 3, Quezon Avenue, Quezon City, Metro Manila",Cash on Delivery,paid,In Transit,claim_at_branch,51.43,0,0,51.43,,,"{""source"":""web-checkout""}",2026-05-16T15:44:04.506308+00:00,2026-05-22T15:15:10.157317+00:00,,,false
7b7c75be-485d-4b0a-aa1a-82cb7e9eeab2,6fdd00c9-d664-42e0-853d-e624549371a3,17033,0000017014,,TXN-1775748837789,1775748837789,3,"Pickup at Branch 3, Quezon Avenue, Quezon City, Metro Manila",Cash on Delivery,paid,Processing,claim_at_branch,64.95,0,0,64.95,,,"{""source"":""web-checkout""}",2026-05-16T05:01:41.376065+00:00,2026-05-22T15:15:10.157317+00:00,,,false
847e6f6e-962a-415c-8f0c-a71241cc38e4,6fdd00c9-d664-42e0-853d-e624549371a3,17032,0000017013,,TXN-1775748837788,1775748837788,3,"Pickup at Branch 3, Quezon Avenue, Quezon City, Metro Manila",Cash on Delivery,paid,Processing,claim_at_branch,66.46,0,0,66.46,,,"{""source"":""web-checkout""}",2026-05-16T04:56:15.869139+00:00,2026-05-22T15:15:10.157317+00:00,,,false
a40c92e8-fb5b-4881-a6ce-1745e4b38078,6fdd00c9-d664-42e0-853d-e624549371a3,17031,0000017012,,TXN-1775748837787,1775748837787,2,"Pickup at Branch 2, Ortigas Center, Pasig City, Metro Manila",Cash on Delivery,paid,Processing,claim_at_branch,71.41,0,0,71.41,,,"{""source"":""web-checkout""}",2026-05-16T04:54:35.165614+00:00,2026-05-22T15:15:10.157317+00:00,,,false
5cc4e290-998f-4d0f-9244-8d9772af509b,6fdd00c9-d664-42e0-853d-e624549371a3,17030,0000017011,,TXN-1775748837786,1775748837786,2,"Pickup at Branch 2, Ortigas Center, Pasig City, Metro Manila",Cash on Delivery,paid,Processing,claim_at_branch,69.9,0,0,69.9,,,"{""source"":""web-checkout""}",2026-05-16T04:14:52.345361+00:00,2026-05-22T15:15:10.157317+00:00,,,false
5327baca-c994-466e-8de2-42f37190a60f,550e8400-e29b-41d4-a716-446655440031,19077,0000019077,dae0a662-ea9a-4f0f-8635-79475a1ee5da,TXN-61527,61527,3,"Manila city, Jabonga, Agusan Del Norte",Cash on Delivery,failed,Cancelled,scheduled,69.28,232.08,0,556.77,,,"{""source"":""web-checkout""}",2026-05-15T21:03:13.12068+00:00,2026-05-23T06:26:46.624031+00:00,Cleaned up stale pending session,2026-05-23T06:26:46.624031+00:00,true
0d4e3da8-db38-42c2-bbe7-864512d836d1,550e8400-e29b-41d4-a716-446655440012,18708,0000018708,6c2d6f22-ac1a-4122-b192-553af8e6e02f,TXN-61757,61757,3,"Miilionaires Village, Manila City, Metro Manila",Credit / Debit Card,paid,Cancelled,scheduled,335.34,105.75,0,240.99,,,"{""source"":""web-checkout""}",2026-05-15T17:08:44.058506+00:00,2026-05-22T18:45:24.506219+00:00,,,true
5fd995b1-239d-4d0d-94c7-3b94803e6117,550e8400-e29b-41d4-a716-446655440057,18653,0000018653,562901f8-deb9-4be0-9709-d7553b9891d3,TXN-61249,61249,3,"Miilionaires Village, Manila City, Metro Manila",Cash on Delivery,paid,Cancelled,scheduled,337.26,86.49,12.53,408.95,,,"{""source"":""web-checkout""}",2026-05-15T12:15:02.643115+00:00,2026-05-22T18:45:24.506219+00:00,,,true
f4d33410-2ea4-4c4d-a783-24c3538ac115,550e8400-e29b-41d4-a716-446655440015,18861,0000018861,9b1ba924-7b6b-4447-8fb2-cd2d2ec8134b,TXN-61820,61820,3,"Pickup at Branch 3, Quezon Avenue, Quezon City",Cash on Delivery,paid,In Transit,claim_at_branch,272.22,167.58,0,640.49,,,"{""source"":""web-checkout""}",2026-05-15T02:10:54.612485+00:00,2026-05-22T18:45:24.506219+00:00,,,true
2b2ea634-df17-4c90-a028-2e478b1b8a4d,550e8400-e29b-41d4-a716-446655440053,18649,0000018649,557ef621-ccb7-432c-9e4e-8f595b6bf162,TXN-61939,61939,3,"Quezon city greenfields, Quezon City, Metro Manila",Cash on Delivery,paid,Processing,scheduled,127.63,118.65,49.37,289.58,,,"{""source"":""web-checkout""}",2026-05-14T23:21:47.240821+00:00,2026-05-22T18:45:24.506219+00:00,,,true
0ccf8a02-5f06-42fa-8115-9d26246b1527,550e8400-e29b-41d4-a716-446655440033,18729,0000018729,72ce5d70-e331-4f1e-9520-8fc65680c01c,TXN-61835,61835,3,"Quezon city greenfields, Quezon City, Metro Manila",Cash on Delivery,paid,Processing,claim_at_branch,281.3,111.29,0,492.83,,,"{""source"":""web-checkout""}",2026-05-14T16:23:29.076225+00:00,2026-05-22T18:45:24.506219+00:00,,,true
c9345a21-53af-450a-acaa-493d39dec541,550e8400-e29b-41d4-a716-446655440036,19032,0000019032,cef2b4c1-1a77-4ba3-8ac1-ebdb91bd0dd8,TXN-61650,61650,3,"Manila city, Jabonga, Agusan Del Norte",Credit / Debit Card,paid,Delivered,scheduled,329.87,123.64,0,325.05,,,"{""source"":""web-checkout""}",2026-05-14T14:23:28.043613+00:00,2026-05-22T18:45:24.506219+00:00,,,true
69dfead0-284e-4483-869c-c4051a67cb46,550e8400-e29b-41d4-a716-446655440040,18686,0000018686,630248cc-7481-4111-9158-70d11243e69a,TXN-61797,61797,3,"Pickup at Branch 3, Quezon Avenue, Quezon City",Maya,paid,In Transit,scheduled,304.96,151.19,0,560.86,,,"{""source"":""web-checkout""}",2026-05-14T14:11:27.323605+00:00,2026-05-22T18:45:24.506219+00:00,,,true
70ccbec8-c7ee-40e5-8491-270ac7bc74d9,6fdd00c9-d664-42e0-853d-e624549371a3,17029,0000017010,,TXN-1775748837785,1775748837785,1,"Pickup at Branch 1, Ayala Avenue, Makati City, Metro Manila",Cash on Delivery,paid,Processing,claim_at_branch,55.92,0,0,55.92,,,"{""source"":""web-checkout""}",2026-05-14T11:08:07.943447+00:00,2026-05-22T15:15:10.157317+00:00,,,false
add82658-0cc2-412d-a2f5-9ae93c8ee97b,6fdd00c9-d664-42e0-853d-e624549371a3,17028,0000017009,,TXN-1775748837784,1775748837784,1,"millionaires village
, Manila City, Metro Manila",Cash on Delivery,paid,Processing,scheduled,55.92,50,0,105.92,,,"{""source"":""web-checkout""}",2026-05-14T11:07:43.353176+00:00,2026-05-22T15:15:10.157317+00:00,,,false
e6ad89b9-d43c-47b0-a12b-a5a5c422657e,550e8400-e29b-41d4-a716-446655440024,18620,0000018620,48b112d3-8023-4df8-8edc-eea48eeec05b,TXN-61402,61402,3,"Blk 454 lot23, Malita, Davao Occidental",Credit / Debit Card,paid,Processing,scheduled,216.15,109.11,39.08,402.88,,,"{""source"":""web-checkout""}",2026-05-14T10:30:50.981265+00:00,2026-05-22T18:45:24.506219+00:00,,,true
5040f4b5-8daf-4fcd-b8a9-5d5ae3e4e847,6fdd00c9-d664-42e0-853d-e624549371a3,17027,0000017008,,TXN-1775748837783,1775748837783,3,"Quezon city greenfields
, Quezon City, Metro Manila",Cash on Delivery,paid,Processing,same_day,64.89,89,0,153.89,,,"{""source"":""web-checkout""}",2026-05-14T09:19:58.632717+00:00,2026-05-22T15:15:10.157317+00:00,,,false
9ac12574-7d8f-4021-bfe2-c9c9195396a9,550e8400-e29b-41d4-a716-446655440028,19124,0000019124,e780c578-97e1-4ecd-97ca-66eac8036e2d,TXN-61753,61753,3,"Quezon city greenfields, Quezon City, Metro Manila",Credit / Debit Card,failed,Cancelled,claim_at_branch,70.41,117.6,0,543.46,,,"{""source"":""web-checkout""}",2026-05-14T01:42:46.162098+00:00,2026-05-23T06:26:46.624031+00:00,Cleaned up stale pending session,2026-05-23T06:26:46.624031+00:00,true
0bb51ca3-f394-461a-8c42-93569dd253b4,550e8400-e29b-41d4-a716-446655440057,18603,0000018603,4243da4a-0f3f-4faa-ab7e-4223a37d386e,TXN-61467,61467,3,"Miilionaires Village, Manila City, Metro Manila",GCash,paid,Cancelled,scheduled,152.93,112.22,0,461.46,,,"{""source"":""web-checkout""}",2026-05-14T00:48:07.998589+00:00,2026-05-22T18:45:24.506219+00:00,,,true
bdaa4394-924a-4ee1-b609-35e1071764b8,550e8400-e29b-41d4-a716-446655440023,18969,0000018969,b8f2ba42-af1d-4eb9-98f0-7ecdf2d433b3,TXN-61524,61524,3,"Quezon city greenfields, Quezon City, Metro Manila",Cash on Delivery,paid,Processing,scheduled,351.28,111.1,0,297.71,,,"{""source"":""web-checkout""}",2026-05-13T21:25:56.47238+00:00,2026-05-22T18:45:24.506219+00:00,,,true
90e87afc-1318-4b3c-b104-549607b52433,6fdd00c9-d664-42e0-853d-e624549371a3,17022,0000017003,,TXN-1775748837764,1775748837764,3,"millionaires village
, Manila City, Metro Manila",Credit / Debit Card,paid,Processing,same_day,162.24,109,0,271.24,,,"{""source"":""web-checkout""}",2026-05-13T11:16:26.224451+00:00,2026-05-22T15:15:10.157317+00:00,,,false
b8311b47-f593-4612-b786-d86a0ad34836,6fdd00c9-d664-42e0-853d-e624549371a3,17021,0000017002,,TXN-1775748837763,1775748837763,2,"Pickup at Branch 2, Ortigas Center, Pasig City, Metro Manila",Cash on Delivery,paid,Processing,claim_at_branch,97.92,0,0,97.92,,,"{""source"":""web-checkout""}",2026-05-13T11:08:16.683681+00:00,2026-05-22T15:15:10.157317+00:00,,,false
d21d3df5-bec2-4731-a8eb-c12c44a9ac20,6fdd00c9-d664-42e0-853d-e624549371a3,17020,0000017001,,TXN-1775748837762,1775748837762,2,"Quezon city greenfields
, Quezon City, Metro Manila",Cash on Delivery,paid,Processing,same_day,61.91,149,0,210.91,,,"{""source"":""web-checkout""}",2026-05-13T11:05:05.341577+00:00,2026-05-22T15:15:10.157317+00:00,,,false
674d2acd-26d6-4f97-81e3-c586f24aedc1,6fdd00c9-d664-42e0-853d-e624549371a3,17015,0000016996,,TXN-1775748837757,1775748837757,3,"millionaires village
, Manila City, Metro Manila",Cash on Delivery,paid,Processing,same_day,57.9,109,0,166.9,,,"{""source"":""web-checkout""}",2026-05-13T10:06:37.96246+00:00,2026-05-22T15:15:10.157317+00:00,,,false
9fdfe75c-ce1e-4280-9c47-76161015a853,550e8400-e29b-41d4-a716-446655440013,18559,0000018559,31f4976c-25e0-45e2-b194-fd08c45e33ef,TXN-61642,61642,3,"Quezon city greenfields, Quezon City, Metro Manila",GCash,paid,Processing,scheduled,83.92,55.18,0,249.04,,,"{""source"":""web-checkout""}",2026-05-13T01:17:21.922827+00:00,2026-05-22T18:45:24.506219+00:00,,,true
a673f321-9435-45de-b728-dd47d62bee99,550e8400-e29b-41d4-a716-446655440023,18769,0000018769,807a1148-da52-4bab-8ef9-3fbf19ef061c,TXN-61978,61978,3,"Quezon city greenfields, Quezon City, Metro Manila",Cash on Delivery,failed,Cancelled,scheduled,159.13,230.25,0,330.16,,,"{""source"":""web-checkout""}",2026-05-13T00:52:24.850014+00:00,2026-05-23T06:26:46.624031+00:00,Cleaned up stale pending session,2026-05-23T06:26:46.624031+00:00,true
ca19e867-0394-4a4d-b923-619dac6a0d75,550e8400-e29b-41d4-a716-446655440029,18525,0000018525,24c32ab4-9166-4c1f-8566-c93e8bf5530d,TXN-61594,61594,3,"Blk 454 lot23, Malita, Davao Occidental",Cash on Delivery,paid,Processing,scheduled,251.06,185.43,0,634.24,,,"{""source"":""web-checkout""}",2026-05-12T21:08:51.07325+00:00,2026-05-22T18:45:24.506219+00:00,,,true
409701a5-91be-49a9-8764-d911b32e1a58,550e8400-e29b-41d4-a716-446655440052,18748,0000018748,77473f2e-c3e1-4f18-a9b4-edb8e5bd37b5,TXN-61374,61374,3,"Miilionaires Village, Manila City, Metro Manila",Credit / Debit Card,paid,Cancelled,claim_at_branch,423.1,101.01,22.15,190.94,,,"{""source"":""web-checkout""}",2026-05-12T20:58:09.134257+00:00,2026-05-22T18:45:24.506219+00:00,,,true
d17b36ed-adc8-458f-9f75-21e3c584ab72,6fdd00c9-d664-42e0-853d-e624549371a3,17013,0000016994,,TXN-1775748837755,1775748837755,3,"millionaires village
, Manila City, Metro Manila",Cash on Delivery,paid,Processing,same_day,57.42,109,0,166.42,,,"{""source"":""web-checkout""}",2026-05-12T18:19:41.604326+00:00,2026-05-22T15:15:10.157317+00:00,,,false
a0fb7b7d-e7ff-4430-bd76-a4c6b57f8eb2,550e8400-e29b-41d4-a716-446655440012,18658,0000018658,5875941d-14c0-4f2c-9e90-192ad6a17d6c,TXN-61229,61229,3,"Miilionaires Village, Manila City, Metro Manila",Maya,paid,Cancelled,scheduled,448.19,162.19,0,667.88,,,"{""source"":""web-checkout""}",2026-05-12T17:44:49.270238+00:00,2026-05-22T18:45:24.506219+00:00,,,true
da4ba22c-46c0-4a30-9c14-2c94aa78ac20,6fdd00c9-d664-42e0-853d-e624549371a3,17012,0000016993,,TXN-1775748837754,1775748837754,3,"millionaires village
, Manila City, Metro Manila",Cash on Delivery,paid,Processing,same_day,54.92,109,0,163.92,,,"{""source"":""web-checkout""}",2026-05-12T17:13:01.118015+00:00,2026-05-22T15:15:10.157317+00:00,,,false
469401a7-b894-46a0-9478-d19e90d1b769,550e8400-e29b-41d4-a716-446655440043,18489,0000018489,19bfc279-9cdf-4727-9f1e-f6064ad25829,TXN-61952,61952,3,"Quezon city greenfields, Quezon City, Metro Manila",Cash on Delivery,paid,Processing,scheduled,426.46,202.79,0,621.24,,,"{""source"":""web-checkout""}",2026-05-12T16:38:12.080918+00:00,2026-05-22T18:45:24.506219+00:00,,,true
5086c702-3bbb-4c63-9a04-bcdb046846ee,6fdd00c9-d664-42e0-853d-e624549371a3,17011,0000016992,,TXN-1775748837753,1775748837753,3,"blk 454 lot23 , Malita, Davao Occidental",Cash on Delivery,paid,Processing,scheduled,187.56,220,0,407.56,,,"{""source"":""web-checkout""}",2026-05-12T16:38:11.755984+00:00,2026-05-22T15:15:10.157317+00:00,,,false
4a9fc527-055f-4bd8-bd32-2822c268367d,550e8400-e29b-41d4-a716-446655440043,19189,0000019189,fcb1fc7b-79f2-4f64-b161-8a2f17d4a90f,TXN-61723,61723,3,"Quezon city greenfields, Quezon City, Metro Manila",Cash on Delivery,paid,Processing,claim_at_branch,401.57,143.73,0,309.01,,,"{""source"":""web-checkout""}",2026-05-12T13:52:29.502484+00:00,2026-05-22T18:45:24.506219+00:00,,,true
d95d8eb9-694a-4367-959c-198e0224669a,550e8400-e29b-41d4-a716-446655440046,18492,0000018492,1a4dad64-3a04-4bd6-bee5-24e737cb51f7,TXN-61575,61575,3,"Manila city, Jabonga, Agusan Del Norte",Credit / Debit Card,paid,Delivered,scheduled,359.53,122.56,0,668.32,,,"{""source"":""web-checkout""}",2026-05-12T09:58:23.903833+00:00,2026-05-22T18:45:24.506219+00:00,,,true
87929c67-52cb-4fea-8fa5-7249be94724c,550e8400-e29b-41d4-a716-446655440046,18692,0000018692,652306d2-4a82-452f-987d-50c10c2ffa4e,TXN-61889,61889,3,"Manila city, Jabonga, Agusan Del Norte",Credit / Debit Card,failed,Cancelled,claim_at_branch,261.6,174.06,5.5,391.2,,,"{""source"":""web-checkout""}",2026-05-12T07:44:22.272923+00:00,2026-05-23T06:26:46.624031+00:00,Cleaned up stale pending session,2026-05-23T06:26:46.624031+00:00,true
640f35a8-6d85-4d8e-8311-775126c7b568,6fdd00c9-d664-42e0-853d-e624549371a3,17010,0000016991,,TXN-1775748837752,1775748837752,2,"Quezon city greenfields
, Quezon City, Metro Manila",Cash on Delivery,paid,Processing,same_day,60.4,149,0,209.4,,,"{""source"":""web-checkout""}",2026-05-12T06:00:58.656287+00:00,2026-05-22T15:15:10.157317+00:00,,,false
2cbdfadc-cb59-4f43-a00a-a9eacc52dde9,550e8400-e29b-41d4-a716-446655440023,18569,0000018569,35734471-88c6-4853-b85e-9826a4f413d3,TXN-61428,61428,3,"Quezon city greenfields, Quezon City, Metro Manila",Cash on Delivery,paid,Processing,scheduled,74.37,242.07,0,161.36,,,"{""source"":""web-checkout""}",2026-05-12T04:12:45.27415+00:00,2026-05-22T18:45:24.506219+00:00,,,true
5a80569f-ea14-4601-aee5-369ab9954e92,550e8400-e29b-41d4-a716-446655440042,18888,0000018888,a32d6a72-4700-4e5c-beb5-90e038663486,TXN-61781,61781,3,"Miilionaires Village, Manila City, Metro Manila",Credit / Debit Card,failed,Cancelled,scheduled,360.06,151.11,0,617.33,,,"{""source"":""web-checkout""}",2026-05-11T16:21:35.821767+00:00,2026-05-23T06:26:46.624031+00:00,Cleaned up stale pending session,2026-05-23T06:26:46.624031+00:00,true
b6d014d9-8d7d-4036-ac89-efe102234e27,550e8400-e29b-41d4-a716-446655440048,18644,0000018644,53b227f1-6396-48d8-ad45-9045552c83cc,TXN-61526,61526,3,"Quezon city greenfields, Quezon City, Metro Manila",Credit / Debit Card,failed,Cancelled,claim_at_branch,195.06,183.05,34.2,629.12,,,"{""source"":""web-checkout""}",2026-05-11T10:42:01.028602+00:00,2026-05-23T06:26:46.624031+00:00,Cleaned up stale pending session,2026-05-23T06:26:46.624031+00:00,true
9409adbc-5f57-4b33-924e-dccda06760ca,550e8400-e29b-41d4-a716-446655440052,19198,0000019198,fe784e6a-98d3-4909-9a5f-cef25e87af91,TXN-61306,61306,3,"Miilionaires Village, Manila City, Metro Manila",Maya,paid,Cancelled,claim_at_branch,312.8,125.85,0,594.34,,,"{""source"":""web-checkout""}",2026-05-10T16:42:45.267299+00:00,2026-05-22T18:45:24.506219+00:00,,,true
7c54c12b-9c6b-4593-8da8-c2e29dc45c30,550e8400-e29b-41d4-a716-446655440014,18710,0000018710,6c75b624-2b23-4378-b9fc-94f99a274e4c,TXN-61552,61552,3,"Blk 454 lot23, Malita, Davao Occidental",Maya,paid,Processing,scheduled,197.54,57.75,0,208.71,,,"{""source"":""web-checkout""}",2026-05-10T14:52:44.227454+00:00,2026-05-22T18:45:24.506219+00:00,,,true
b079100a-d63c-4cb5-aa67-2be0280e71f0,550e8400-e29b-41d4-a716-446655440014,19010,0000019010,c6b1d0c5-7bf5-4cfb-8165-1ba6a64a1562,TXN-61325,61325,3,"Blk 454 lot23, Malita, Davao Occidental",Maya,paid,Processing,claim_at_branch,251.67,109.47,0,101.86,,,"{""source"":""web-checkout""}",2026-05-10T10:34:18.084005+00:00,2026-05-22T18:45:24.506219+00:00,,,true
f875a7db-0dd6-47c0-8988-2fcfa0b55176,550e8400-e29b-41d4-a716-446655440032,18878,0000018878,a152d59b-f91b-4238-b6a9-87bfa559b2e6,TXN-61204,61204,3,"Miilionaires Village, Manila City, Metro Manila",Maya,paid,Cancelled,claim_at_branch,415.02,161.74,3.4,325.64,,,"{""source"":""web-checkout""}",2026-05-09T16:58:44.665047+00:00,2026-05-22T18:45:24.506219+00:00,,,true
d5ba97e3-6368-40d4-9fcf-a144c4601d5f,550e8400-e29b-41d4-a716-446655440013,18509,0000018509,1ff91880-61e2-4e59-85a5-42eb943c41e6,TXN-61231,61231,3,"Quezon city greenfields, Quezon City, Metro Manila",Cash on Delivery,paid,Processing,claim_at_branch,223.73,112.8,0,646.26,,,"{""source"":""web-checkout""}",2026-05-09T06:45:28.110549+00:00,2026-05-22T18:45:24.506219+00:00,,,true
711beb13-2bfd-4bf3-8b47-2996ff9112e3,550e8400-e29b-41d4-a716-446655440023,19019,0000019019,c932dd61-2e5b-4bab-af66-34f63d2af5b7,TXN-61248,61248,3,"Quezon city greenfields, Quezon City, Metro Manila",GCash,paid,Processing,scheduled,160.82,206.17,0,693.6,,,"{""source"":""web-checkout""}",2026-05-08T19:23:22.918692+00:00,2026-05-22T18:45:24.506219+00:00,,,true
4b902499-02a5-4fc6-9108-3dd07edcf314,550e8400-e29b-41d4-a716-446655440011,18857,0000018857,9aa15490-6f5e-417d-9218-4b327db0dbbf,TXN-61463,61463,3,"Manila city, Jabonga, Agusan Del Norte",Cash on Delivery,paid,Delivered,claim_at_branch,336,210.85,48.75,121.05,,,"{""source"":""web-checkout""}",2026-05-08T16:23:01.391535+00:00,2026-05-22T18:45:24.506219+00:00,,,true
eb4790c2-5cc0-4b72-a10e-d7a716a06b2a,550e8400-e29b-41d4-a716-446655440029,18975,0000018975,ba8cc69d-7d55-4074-ac77-848c75af9751,TXN-61352,61352,3,"Blk 454 lot23, Malita, Davao Occidental",GCash,paid,Processing,claim_at_branch,256.9,128.48,19.8,154.27,,,"{""source"":""web-checkout""}",2026-05-08T10:14:05.055627+00:00,2026-05-22T18:45:24.506219+00:00,,,true
3752de97-b1e8-40bf-ac26-948078847a0d,550e8400-e29b-41d4-a716-446655440026,18622,0000018622,493c4e41-b2cc-4df6-84b7-a3e025a5d08c,TXN-61864,61864,3,"Manila city, Jabonga, Agusan Del Norte",Maya,paid,Delivered,claim_at_branch,382.9,94.67,0,172.98,,,"{""source"":""web-checkout""}",2026-05-08T04:43:20.518632+00:00,2026-05-22T18:45:24.506219+00:00,,,true
efbf409f-680c-4f70-8181-7b145f9a174f,550e8400-e29b-41d4-a716-446655440032,18928,0000018928,ab970087-40ff-45f9-817f-ec84d9e8f7f4,TXN-61542,61542,3,"Miilionaires Village, Manila City, Metro Manila",Credit / Debit Card,failed,Cancelled,claim_at_branch,270.71,128.29,0,644.68,,,"{""source"":""web-checkout""}",2026-05-07T18:26:38.270756+00:00,2026-05-23T06:26:46.624031+00:00,Cleaned up stale pending session,2026-05-23T06:26:46.624031+00:00,true
b3aa6491-b26a-490b-9424-8c4578f8c96e,550e8400-e29b-41d4-a716-446655440043,18839,0000018839,95278793-5355-4466-83f4-78dd6ac864aa,TXN-61322,61322,3,"Quezon city greenfields, Quezon City, Metro Manila",GCash,paid,Processing,claim_at_branch,115.78,173.25,23.28,324.05,,,"{""source"":""web-checkout""}",2026-05-07T14:33:03.996047+00:00,2026-05-22T18:45:24.506219+00:00,,,true
e438b1c6-09fa-41ff-9d14-c5b253e15206,550e8400-e29b-41d4-a716-446655440055,18651,0000018651,55c36452-e8d0-4be4-a255-39e44157b239,TXN-61943,61943,3,"Pickup at Branch 3, Quezon Avenue, Quezon City",GCash,paid,In Transit,scheduled,252.08,143.54,0,135.45,,,"{""source"":""web-checkout""}",2026-05-07T01:15:38.542891+00:00,2026-05-22T18:45:24.506219+00:00,,,true
d169f3d3-0a3f-4df5-8301-a355ed4905d7,550e8400-e29b-41d4-a716-446655440027,18623,0000018623,49e51607-c5af-4904-a0b6-1be2ef63159e,TXN-61506,61506,3,"Miilionaires Village, Manila City, Metro Manila",GCash,paid,Cancelled,claim_at_branch,313.91,154.68,34.12,630.1,,,"{""source"":""web-checkout""}",2026-05-07T01:05:32.674027+00:00,2026-05-22T18:45:24.506219+00:00,,,true
edc5b2d2-31e8-4cb3-9a41-671cc4d34301,550e8400-e29b-41d4-a716-446655440058,18504,0000018504,1e1b8ad7-2aad-406d-a869-f3ddabc28106,TXN-61686,61686,3,"Quezon city greenfields, Quezon City, Metro Manila",Credit / Debit Card,paid,Processing,claim_at_branch,152.95,182.76,0,265.23,,,"{""source"":""web-checkout""}",2026-05-06T20:55:40.568027+00:00,2026-05-22T18:45:24.506219+00:00,,,true
4c867781-d5a3-40cf-a145-e430b3b8cdf3,550e8400-e29b-41d4-a716-446655440051,18797,0000018797,887f8cb1-23f1-4393-b568-a8ddc82d6060,TXN-61360,61360,3,"Manila city, Jabonga, Agusan Del Norte",Cash on Delivery,paid,Delivered,scheduled,162.66,160.83,0,586.27,,,"{""source"":""web-checkout""}",2026-05-06T19:17:12.6333+00:00,2026-05-22T18:45:24.506219+00:00,,,true
c3f4443b-1ad7-4c27-bddc-ebe4a5fbb3c1,550e8400-e29b-41d4-a716-446655440011,18957,0000018957,b4e2906d-8840-4d8c-9765-0fbaf1a2e60c,TXN-61557,61557,3,"Manila city, Jabonga, Agusan Del Norte",Cash on Delivery,paid,Delivered,claim_at_branch,52.61,229.78,0,429.52,,,"{""source"":""web-checkout""}",2026-05-06T16:40:47.505428+00:00,2026-05-22T18:45:24.506219+00:00,,,true
1733fc40-0d44-4fe7-89ce-7edc895ea44c,550e8400-e29b-41d4-a716-446655440046,18792,0000018792,86b22129-e0d5-4e16-b5d2-4d92552faf89,TXN-61858,61858,3,"Manila city, Jabonga, Agusan Del Norte",Credit / Debit Card,paid,Delivered,claim_at_branch,445.49,121.86,0,125.06,,,"{""source"":""web-checkout""}",2026-05-06T10:22:08.289354+00:00,2026-05-22T18:45:24.506219+00:00,,,true
2038b73a-7938-4240-ba9c-18e5772a57ef,550e8400-e29b-41d4-a716-446655440034,18680,0000018680,602991c6-40f5-461e-b65a-74411a2881ab,TXN-61359,61359,3,"Blk 454 lot23, Malita, Davao Occidental",Credit / Debit Card,paid,Processing,claim_at_branch,53.27,106.32,0,563.13,,,"{""source"":""web-checkout""}",2026-05-05T08:04:00.357616+00:00,2026-05-22T18:45:24.506219+00:00,,,true
db7b3f36-950c-4b37-9de3-653930027595,550e8400-e29b-41d4-a716-446655440016,18812,0000018812,8ccee8cb-a235-406e-b167-301dea043fbc,TXN-61660,61660,3,"Manila city, Jabonga, Agusan Del Norte",Credit / Debit Card,paid,Delivered,claim_at_branch,384.8,187.72,11.93,639.2,,,"{""source"":""web-checkout""}",2026-05-05T04:42:06.293906+00:00,2026-05-22T18:45:24.506219+00:00,,,true
f979d01a-dff6-4e67-b231-28d4c5b31c9b,550e8400-e29b-41d4-a716-446655440045,18691,0000018691,650f784f-bddc-4e78-80f4-01fac1fd952c,TXN-61641,61641,3,"Pickup at Branch 3, Quezon Avenue, Quezon City",GCash,paid,In Transit,scheduled,199.77,244.76,18.79,545.15,,,"{""source"":""web-checkout""}",2026-05-05T03:20:01.683553+00:00,2026-05-22T18:45:24.506219+00:00,,,true
4f792fb5-9268-477c-82f5-b1151b20b395,550e8400-e29b-41d4-a716-446655440034,18530,0000018530,266f0769-4438-4664-96b0-ffe8dfbafb88,TXN-61567,61567,3,"Blk 454 lot23, Malita, Davao Occidental",Maya,paid,Processing,scheduled,378.38,70.34,0,210.2,,,"{""source"":""web-checkout""}",2026-05-04T23:20:51.656791+00:00,2026-05-22T18:45:24.506219+00:00,,,true
98778f19-7cb1-4708-b8a6-127c375020f2,550e8400-e29b-41d4-a716-446655440028,18524,0000018524,2481b1a7-3580-4a23-b8f6-b21cb6155afd,TXN-61570,61570,3,"Quezon city greenfields, Quezon City, Metro Manila",Credit / Debit Card,paid,Processing,scheduled,377.14,180.58,0,439.22,,,"{""source"":""web-checkout""}",2026-05-04T21:07:38.363904+00:00,2026-05-22T18:45:24.506219+00:00,,,true
abc75e45-aef2-49bc-8c09-e4e93eeac26e,550e8400-e29b-41d4-a716-446655440059,19205,0000019205,ffef1903-6af3-475c-a493-37c0d47f86c3,TXN-61228,61228,3,"Blk 454 lot23, Malita, Davao Occidental",Cash on Delivery,paid,Processing,scheduled,322.72,88.47,0,372.57,,,"{""source"":""web-checkout""}",2026-05-04T17:44:06.595655+00:00,2026-05-22T18:45:24.506219+00:00,,,true
290b55e0-cd41-4cce-a463-401b83efb97e,550e8400-e29b-41d4-a716-446655440020,18416,0000018416,02ebf917-3f5c-48fd-908d-2341ab2e9320,TXN-61920,61920,3,"Pickup at Branch 3, Quezon Avenue, Quezon City",Credit / Debit Card,paid,In Transit,scheduled,90.41,130.79,0,644.67,,,"{""source"":""web-checkout""}",2026-05-04T11:57:23.665171+00:00,2026-05-22T18:45:24.506219+00:00,,,true
4a227718-2c34-4d78-b900-610791731a6a,550e8400-e29b-41d4-a716-446655440052,19148,0000019148,ee4c6eed-3455-46cd-a5b7-f790f877f281,TXN-61789,61789,3,"Miilionaires Village, Manila City, Metro Manila",Credit / Debit Card,paid,Cancelled,scheduled,313.63,167.02,0,144.41,,,"{""source"":""web-checkout""}",2026-05-04T11:28:14.299628+00:00,2026-05-22T18:45:24.506219+00:00,,,true
d66727fc-fac2-4c87-b7b6-beb4c8ade8c9,550e8400-e29b-41d4-a716-446655440012,19008,0000019008,c5b704a7-4621-46a3-bd0c-01f2cb02aac7,TXN-61656,61656,3,"Miilionaires Village, Manila City, Metro Manila",Credit / Debit Card,failed,Cancelled,scheduled,357.12,166.18,7,569.41,,,"{""source"":""web-checkout""}",2026-05-04T09:59:23.580873+00:00,2026-05-23T06:26:46.624031+00:00,Cleaned up stale pending session,2026-05-23T06:26:46.624031+00:00,true
014d29fb-154d-4814-bdbe-6b1cbd9ca012,550e8400-e29b-41d4-a716-446655440012,18858,0000018858,9abc0e7f-2f59-4149-99eb-51139cde2399,TXN-61298,61298,3,"Miilionaires Village, Manila City, Metro Manila",Maya,failed,Cancelled,claim_at_branch,382.78,221.41,0,102.09,,,"{""source"":""web-checkout""}",2026-05-04T00:58:34.263355+00:00,2026-05-23T06:26:46.624031+00:00,Cleaned up stale pending session,2026-05-23T06:26:46.624031+00:00,true
41a17f48-52c7-4acb-ba59-bf510c769766,550e8400-e29b-41d4-a716-446655440054,19000,0000019000,c2c1738c-8a7e-4442-98f1-c894d5a3b581,TXN-61870,61870,3,"Blk 454 lot23, Malita, Davao Occidental",Credit / Debit Card,failed,Cancelled,scheduled,237.3,235.11,43.5,177.05,,,"{""source"":""web-checkout""}",2026-05-03T14:48:45.671356+00:00,2026-05-23T06:26:46.624031+00:00,Cleaned up stale pending session,2026-05-23T06:26:46.624031+00:00,true
f673e29e-fb70-433d-9642-6c967fc0209b,550e8400-e29b-41d4-a716-446655440052,18898,0000018898,a48e4743-27af-4b7a-b0ab-115376f995dd,TXN-61487,61487,3,"Miilionaires Village, Manila City, Metro Manila",Maya,paid,Cancelled,claim_at_branch,410.71,156.05,0,515.78,,,"{""source"":""web-checkout""}",2026-05-03T14:34:27.780934+00:00,2026-05-22T18:45:24.506219+00:00,,,true
41db93f8-1725-4c22-a75a-909ccd174295,550e8400-e29b-41d4-a716-446655440018,19114,0000019114,e4867eba-1d8c-4996-8e26-2314753de42c,TXN-61555,61555,3,"Quezon city greenfields, Quezon City, Metro Manila",Maya,paid,Processing,claim_at_branch,378.49,80.83,0,623.37,,,"{""source"":""web-checkout""}",2026-05-03T14:09:33.845132+00:00,2026-05-22T18:45:24.506219+00:00,,,true
6403a706-6797-4de0-9049-59b37c92e200,550e8400-e29b-41d4-a716-446655440053,18949,0000018949,b36b7a2f-13a3-460a-8cf7-386fa209f23d,TXN-61626,61626,3,"Quezon city greenfields, Quezon City, Metro Manila",Cash on Delivery,paid,Processing,scheduled,68.46,118.95,0,640.08,,,"{""source"":""web-checkout""}",2026-05-03T07:17:53.058142+00:00,2026-05-22T18:45:24.506219+00:00,,,true
16635a79-729d-45aa-90d2-f27ba0ca615a,550e8400-e29b-41d4-a716-446655440011,18807,0000018807,8be6784b-41f7-4452-8928-0e9ea2b89d82,TXN-61458,61458,3,"Manila city, Jabonga, Agusan Del Norte",GCash,paid,Delivered,scheduled,203.42,180.37,0,597.26,,,"{""source"":""web-checkout""}",2026-05-03T06:36:56.127197+00:00,2026-05-22T18:45:24.506219+00:00,,,true
1e28c3d7-f916-480d-897a-9f74c5c065d4,550e8400-e29b-41d4-a716-446655440024,18720,0000018720,6fb6fef9-7222-4439-9db7-3e06dc6e5132,TXN-61614,61614,3,"Blk 454 lot23, Malita, Davao Occidental",Credit / Debit Card,paid,Processing,scheduled,171.94,237.85,29.83,679.16,,,"{""source"":""web-checkout""}",2026-05-03T06:14:50.535843+00:00,2026-05-22T18:45:24.506219+00:00,,,true
4b7b2c0f-68a8-4904-b0c4-aed5412b2bcf,550e8400-e29b-41d4-a716-446655440056,18852,0000018852,99d87f0a-530b-4604-8555-d893a8bebdf5,TXN-61250,61250,3,"Manila city, Jabonga, Agusan Del Norte",Credit / Debit Card,paid,Delivered,scheduled,178.29,83.75,0,359,,,"{""source"":""web-checkout""}",2026-05-03T02:48:13.672125+00:00,2026-05-22T18:45:24.506219+00:00,,,true
3e7829f6-5f04-4b97-b850-801e9fa61382,550e8400-e29b-41d4-a716-446655440027,19023,0000019023,cb4a1f82-b949-4f75-a389-483771b10655,TXN-61629,61629,3,"Miilionaires Village, Manila City, Metro Manila",GCash,paid,Cancelled,scheduled,131.29,218.75,0,458.91,,,"{""source"":""web-checkout""}",2026-05-02T21:18:06.99135+00:00,2026-05-22T18:45:24.506219+00:00,,,true
540933d1-1481-4966-a112-0adeb9bd8473,550e8400-e29b-41d4-a716-446655440025,18521,0000018521,237cd66a-0136-4dd4-8522-511847d88b5b,TXN-61453,61453,3,"Pickup at Branch 3, Quezon Avenue, Quezon City",Cash on Delivery,paid,In Transit,claim_at_branch,129.11,152.64,19.55,335,,,"{""source"":""web-checkout""}",2026-05-02T17:17:06.967739+00:00,2026-05-22T18:45:24.506219+00:00,,,true
e1e898e9-f63f-4801-b01a-9cca52781c34,550e8400-e29b-41d4-a716-446655440027,18523,0000018523,2454dbfb-2bc3-4441-b0b4-8ce01bed5839,TXN-61373,61373,3,"Miilionaires Village, Manila City, Metro Manila",GCash,paid,Cancelled,scheduled,403.84,63.43,0,640.44,,,"{""source"":""web-checkout""}",2026-05-02T14:42:58.45023+00:00,2026-05-22T18:45:24.506219+00:00,,,true
6932c24f-88f8-4c44-88fe-6c503a29714f,550e8400-e29b-41d4-a716-446655440030,19076,0000019076,dab8c51f-0ba0-48b8-ae7c-652d04ef4922,TXN-61510,61510,3,"Pickup at Branch 3, Quezon Avenue, Quezon City",Credit / Debit Card,paid,In Transit,claim_at_branch,338.91,150.51,0,692.12,,,"{""source"":""web-checkout""}",2026-05-02T13:58:37.04565+00:00,2026-05-22T18:45:24.506219+00:00,,,true
ae53d740-b2b8-44a9-97c7-f653ba542af8,550e8400-e29b-41d4-a716-446655440010,18656,0000018656,57377f70-5037-405f-9339-d586a6c7f742,TXN-61272,61272,3,"Pickup at Branch 3, Quezon Avenue, Quezon City",Credit / Debit Card,paid,In Transit,scheduled,146.46,169.73,0,616.95,,,"{""source"":""web-checkout""}",2026-05-02T12:17:44.309876+00:00,2026-05-22T18:45:24.506219+00:00,,,true
6e4557ff-db5b-4323-84b7-97c9653f8f06,550e8400-e29b-41d4-a716-446655440051,18997,0000018997,c1334795-b6b8-408d-bfc2-c726a1a8c38c,TXN-61988,61988,3,"Manila city, Jabonga, Agusan Del Norte",Cash on Delivery,paid,Delivered,scheduled,173.83,137.38,0,697.5,,,"{""source"":""web-checkout""}",2026-05-02T02:59:58.914016+00:00,2026-05-22T18:45:24.506219+00:00,,,true
08fff265-3c37-4baf-881f-00d23ce30eed,550e8400-e29b-41d4-a716-446655440042,18438,0000018438,0a453929-23d6-459d-a56c-baec10d9bcc4,TXN-61565,61565,3,"Miilionaires Village, Manila City, Metro Manila",Maya,paid,Cancelled,scheduled,222.67,83.57,0,691.29,,,"{""source"":""web-checkout""}",2026-05-02T02:47:01.722214+00:00,2026-05-22T18:45:24.506219+00:00,,,true
93c18f40-38cb-4521-b739-bc808159b4ee,550e8400-e29b-41d4-a716-446655440034,18930,0000018930,abd25b4c-1a72-48af-8ded-c4e57cc1adef,TXN-61759,61759,3,"Blk 454 lot23, Malita, Davao Occidental",Maya,paid,Processing,claim_at_branch,393.03,141.36,0,373.42,,,"{""source"":""web-checkout""}",2026-05-02T00:58:23.408453+00:00,2026-05-22T18:45:24.506219+00:00,,,true
d68a9f2e-ef7e-43db-96f7-1bf30e239ac2,550e8400-e29b-41d4-a716-446655440054,18900,0000018900,a50dc920-cd72-41f3-b13c-02edcf1e58c4,TXN-61260,61260,3,"Blk 454 lot23, Malita, Davao Occidental",Credit / Debit Card,paid,Processing,claim_at_branch,418.35,222.32,41.08,542.03,,,"{""source"":""web-checkout""}",2026-05-01T23:54:08.441499+00:00,2026-05-22T18:45:24.506219+00:00,,,true
8bbd04c3-814f-4cf3-96dc-5ec1aa673bd1,550e8400-e29b-41d4-a716-446655440032,18828,0000018828,90a96ce4-c2de-4e96-82d7-72a3b1fa5207,TXN-61733,61733,3,"Miilionaires Village, Manila City, Metro Manila",Credit / Debit Card,paid,Cancelled,claim_at_branch,190.43,197.67,0,192.28,,,"{""source"":""web-checkout""}",2026-05-01T22:52:33.569286+00:00,2026-05-22T18:45:24.506219+00:00,,,true
970ef8a8-2a82-414d-b504-22529fc51696,550e8400-e29b-41d4-a716-446655440032,18778,0000018778,831dd0bd-2f37-4324-9d52-d84ffbe436c8,TXN-61813,61813,3,"Miilionaires Village, Manila City, Metro Manila",Maya,failed,Cancelled,scheduled,83.47,175.33,0,330.43,,,"{""source"":""web-checkout""}",2026-05-01T22:43:55.005254+00:00,2026-05-23T06:26:46.624031+00:00,Cleaned up stale pending session,2026-05-23T06:26:46.624031+00:00,true
a5296be1-0d43-424b-a47e-c788a5c19e61,550e8400-e29b-41d4-a716-446655440055,19051,0000019051,d49a8219-eb60-4638-832d-4c8a8f6ce4b4,TXN-61385,61385,3,"Pickup at Branch 3, Quezon Avenue, Quezon City",GCash,paid,In Transit,claim_at_branch,251.86,83.31,25.49,521.32,,,"{""source"":""web-checkout""}",2026-05-01T16:12:51.261033+00:00,2026-05-22T18:45:24.506219+00:00,,,true
4cc87f0a-e157-4970-a1a1-90e153002d60,550e8400-e29b-41d4-a716-446655440029,19075,0000019075,daaf7fec-9caf-4f40-8c32-fb0156aa8540,TXN-61490,61490,3,"Blk 454 lot23, Malita, Davao Occidental",GCash,paid,Processing,claim_at_branch,88.84,200.24,0,681.72,,,"{""source"":""web-checkout""}",2026-05-01T08:00:45.42372+00:00,2026-05-22T18:45:24.506219+00:00,,,true
1db53167-3b75-4cb3-acfd-5ed79cd13d08,550e8400-e29b-41d4-a716-446655440024,19020,0000019020,c93dc45c-3b3b-478a-b490-6e5158d46a4e,TXN-61380,61380,3,"Blk 454 lot23, Malita, Davao Occidental",Credit / Debit Card,paid,Processing,scheduled,162.45,234.37,0,337.04,,,"{""source"":""web-checkout""}",2026-04-30T22:01:01.34695+00:00,2026-05-22T18:45:24.506219+00:00,,,true
39d73017-b244-4fb2-b627-6ad6613fbe6a,550e8400-e29b-41d4-a716-446655440028,18774,0000018774,81699223-8e26-43ca-8303-9ebf4c676303,TXN-61257,61257,3,"Quezon city greenfields, Quezon City, Metro Manila",Maya,paid,Processing,scheduled,65.99,224.53,0,459.87,,,"{""source"":""web-checkout""}",2026-04-30T17:40:40.190958+00:00,2026-05-22T18:45:24.506219+00:00,,,true
7eabf06b-09c4-4637-96b9-466426c28e5f,550e8400-e29b-41d4-a716-446655440026,19022,0000019022,ca469b9a-9146-4bd8-9c8f-cd35654dde96,TXN-61407,61407,3,"Manila city, Jabonga, Agusan Del Norte",Maya,paid,Delivered,scheduled,243.77,116.75,0,643.11,,,"{""source"":""web-checkout""}",2026-04-30T14:02:03.170118+00:00,2026-05-22T18:45:24.506219+00:00,,,true
436f709e-c0aa-4277-a9d6-d19214aede55,550e8400-e29b-41d4-a716-446655440039,18435,0000018435,07d37ce1-414f-4277-8e44-8a8152961901,TXN-61801,61801,3,"Blk 454 lot23, Malita, Davao Occidental",GCash,paid,Processing,claim_at_branch,166.39,71.82,0,464.98,,,"{""source"":""web-checkout""}",2026-04-30T11:36:05.081033+00:00,2026-05-22T18:45:24.506219+00:00,,,true
4baf890f-46e3-4784-83ab-12e0524dd327,550e8400-e29b-41d4-a716-446655440039,19185,0000019185,fb44f3b6-aec3-4185-b525-63b1be55d4ef,TXN-61363,61363,3,"Blk 454 lot23, Malita, Davao Occidental",Cash on Delivery,paid,Processing,scheduled,223.6,192.32,0,233.14,,,"{""source"":""web-checkout""}",2026-04-30T08:21:11.098451+00:00,2026-05-22T18:45:24.506219+00:00,,,true
d18b2fee-dcf3-4283-bb68-7698842ebba1,550e8400-e29b-41d4-a716-446655440047,18793,0000018793,86cc3372-4a9e-4284-bd03-97e7328b171d,TXN-61437,61437,3,"Miilionaires Village, Manila City, Metro Manila",Cash on Delivery,paid,Cancelled,scheduled,201.13,205.83,0,433,,,"{""source"":""web-checkout""}",2026-04-30T00:48:56.317106+00:00,2026-05-22T18:45:24.506219+00:00,,,true
e02adc85-baea-459b-9ae8-551c874a307c,550e8400-e29b-41d4-a716-446655440028,19074,0000019074,da498a1a-622a-440a-b5cb-c3816f0fca3f,TXN-61923,61923,3,"Quezon city greenfields, Quezon City, Metro Manila",Maya,paid,Processing,scheduled,83.59,127.69,0,699.77,,,"{""source"":""web-checkout""}",2026-04-29T22:36:37.623544+00:00,2026-05-22T18:45:24.506219+00:00,,,true
7ac2b604-8080-45d1-a089-8e6ca14ee486,550e8400-e29b-41d4-a716-446655440032,19178,0000019178,f8c25629-f7b0-45f0-9d09-37e802f7577b,TXN-61296,61296,3,"Miilionaires Village, Manila City, Metro Manila",Maya,paid,Cancelled,claim_at_branch,187.45,154.63,1.27,673.51,,,"{""source"":""web-checkout""}",2026-04-29T18:10:35.26047+00:00,2026-05-22T18:45:24.506219+00:00,,,true
118d1abb-fc62-4f2d-bc8c-ff0672c5f553,550e8400-e29b-41d4-a716-446655440027,18773,0000018773,8131877e-7764-4e4f-a88f-3b0d14f55145,TXN-61409,61409,3,"Miilionaires Village, Manila City, Metro Manila",Cash on Delivery,paid,Cancelled,claim_at_branch,446.16,192.88,47.97,655.72,,,"{""source"":""web-checkout""}",2026-04-29T16:36:34.989251+00:00,2026-05-22T18:45:24.506219+00:00,,,true
fd810351-bbb3-4e04-a68b-9a07c19b2a98,550e8400-e29b-41d4-a716-446655440052,18548,0000018548,2e45fb34-1122-45f7-ae3b-5c366d1ccbe7,TXN-61432,61432,3,"Miilionaires Village, Manila City, Metro Manila",Credit / Debit Card,paid,Cancelled,claim_at_branch,236.36,207.35,0,193.04,,,"{""source"":""web-checkout""}",2026-04-29T09:34:02.458054+00:00,2026-05-22T18:45:24.506219+00:00,,,true
8e91ba41-25d1-41ef-890b-5bc9c1b6962a,550e8400-e29b-41d4-a716-446655440037,18583,0000018583,3a93178f-0ddb-41cd-829f-0359ba2ca938,TXN-61828,61828,3,"Miilionaires Village, Manila City, Metro Manila",GCash,paid,Cancelled,claim_at_branch,166.07,154.19,0,333.88,,,"{""source"":""web-checkout""}",2026-04-29T08:19:52.78843+00:00,2026-05-22T18:45:24.506219+00:00,,,true
e1eeae0d-ee48-458b-a738-16b53d7ec22c,550e8400-e29b-41d4-a716-446655440038,18834,0000018834,922db0e3-8ee3-4db7-8f7e-2e794e2081ae,TXN-61286,61286,3,"Quezon city greenfields, Quezon City, Metro Manila",Maya,paid,Processing,claim_at_branch,405.6,67.2,0,458,,,"{""source"":""web-checkout""}",2026-04-29T04:05:02.878098+00:00,2026-05-22T18:45:24.506219+00:00,,,true
a45f0791-5de6-4e3b-8732-9b0cb37849c0,550e8400-e29b-41d4-a716-446655440012,18558,0000018558,310d0809-f5ec-46dc-9ae9-170f2aae5435,TXN-61218,61218,3,"Miilionaires Village, Manila City, Metro Manila",Maya,paid,Cancelled,scheduled,78.93,231.92,28.77,438.84,,,"{""source"":""web-checkout""}",2026-04-29T01:59:15.583969+00:00,2026-05-22T18:45:24.506219+00:00,,,true
5ec28385-0632-473d-9889-fb1dbbafe364,550e8400-e29b-41d4-a716-446655440031,18927,0000018927,ab72f739-3297-493b-ac14-f57da1888ed6,TXN-61869,61869,3,"Manila city, Jabonga, Agusan Del Norte",GCash,paid,Delivered,scheduled,417.02,172.63,0,116.28,,,"{""source"":""web-checkout""}",2026-04-28T19:13:53.143407+00:00,2026-05-22T18:45:24.506219+00:00,,,true
b391d584-54d6-4733-a893-ad774784ba07,550e8400-e29b-41d4-a716-446655440019,19065,0000019065,d73b6d7e-f582-4a8e-97db-8807d15999a7,TXN-61884,61884,3,"Blk 454 lot23, Malita, Davao Occidental",Cash on Delivery,paid,Processing,scheduled,318.32,101.44,0,356.51,,,"{""source"":""web-checkout""}",2026-04-28T16:02:43.930638+00:00,2026-05-22T18:45:24.506219+00:00,,,true
3baef1f0-bc9c-46c6-bb05-2ce37a7607a5,550e8400-e29b-41d4-a716-446655440041,19087,0000019087,de77c35e-033f-403a-b95a-d930f08767d9,TXN-61310,61310,3,"Manila city, Jabonga, Agusan Del Norte",GCash,paid,Delivered,claim_at_branch,266.94,98.4,4.83,486.69,,,"{""source"":""web-checkout""}",2026-04-28T15:26:49.029131+00:00,2026-05-22T18:45:24.506219+00:00,,,true
15aace6e-8bb8-4d74-866a-1ef0cf60d1bf,550e8400-e29b-41d4-a716-446655440034,18780,0000018780,8363180d-42d4-4463-a7ea-420383f5396e,TXN-61275,61275,3,"Blk 454 lot23, Malita, Davao Occidental",Credit / Debit Card,paid,Processing,claim_at_branch,117.57,192.11,0,158.43,,,"{""source"":""web-checkout""}",2026-04-28T14:45:54.508698+00:00,2026-05-22T18:45:24.506219+00:00,,,true
5c45c14a-f6b6-49e1-ab61-054a64aac5a0,550e8400-e29b-41d4-a716-446655440035,19031,0000019031,cee2c8bf-b5db-4ba2-af46-ee01a992c272,TXN-61903,61903,3,"Pickup at Branch 3, Quezon Avenue, Quezon City",GCash,paid,In Transit,claim_at_branch,170.62,169.7,0,139.53,,,"{""source"":""web-checkout""}",2026-04-28T11:58:06.661942+00:00,2026-05-22T18:45:24.506219+00:00,,,true
edcd984a-e97c-43cc-a7bc-f35a79dafd86,550e8400-e29b-41d4-a716-446655440013,18459,0000018459,10920fb2-eb71-4b2d-abfd-22d9c124f0b1,TXN-61793,61793,3,"Quezon city greenfields, Quezon City, Metro Manila",GCash,paid,Processing,scheduled,50.7,62.03,0,697.96,,,"{""source"":""web-checkout""}",2026-04-28T07:13:20.204302+00:00,2026-05-22T18:45:24.506219+00:00,,,true
04118e2c-ef8b-4053-80a0-7e97ccfd06fe,550e8400-e29b-41d4-a716-446655440025,18721,0000018721,6ff05bcc-0a28-49ca-8486-4acb8f92b843,TXN-61489,61489,3,"Pickup at Branch 3, Quezon Avenue, Quezon City",Cash on Delivery,paid,In Transit,claim_at_branch,122.26,185,0,193.45,,,"{""source"":""web-checkout""}",2026-04-27T21:39:55.178153+00:00,2026-05-22T18:45:24.506219+00:00,,,true
cbdf7d11-4beb-4a22-a7fc-5cd3f147754c,550e8400-e29b-41d4-a716-446655440023,19119,0000019119,e64f0d1e-03f9-44c6-be1f-09159b28feca,TXN-61274,61274,3,"Quezon city greenfields, Quezon City, Metro Manila",GCash,paid,Processing,claim_at_branch,405.27,143.93,0,156.31,,,"{""source"":""web-checkout""}",2026-04-27T18:09:58.67742+00:00,2026-05-22T18:45:24.506219+00:00,,,true
b6c0bac4-7c7a-4364-b670-e42a9c419520,550e8400-e29b-41d4-a716-446655440034,18630,0000018630,4d5cdd5f-a207-431d-aa67-2b974f2af5e9,TXN-61600,61600,3,"Blk 454 lot23, Malita, Davao Occidental",Maya,paid,Processing,scheduled,194.85,128.8,0,181.39,,,"{""source"":""web-checkout""}",2026-04-26T23:19:57.538612+00:00,2026-05-22T18:45:24.506219+00:00,,,true
613bf4a2-9b57-4b9f-bd59-b6c27779b81f,550e8400-e29b-41d4-a716-446655440052,18698,0000018698,67e53cf1-83b0-414a-bfb5-faa30c951fab,TXN-61253,61253,3,"Miilionaires Village, Manila City, Metro Manila",Maya,failed,Cancelled,scheduled,144.54,200.56,0,410.95,,,"{""source"":""web-checkout""}",2026-04-26T21:02:39.631269+00:00,2026-05-23T06:26:46.624031+00:00,Cleaned up stale pending session,2026-05-23T06:26:46.624031+00:00,true
ee265194-f67f-4614-a98e-5b4e4483bcb8,550e8400-e29b-41d4-a716-446655440056,18452,0000018452,0e10fccb-8d27-4957-a822-caebd1a17949,TXN-61492,61492,3,"Manila city, Jabonga, Agusan Del Norte",Credit / Debit Card,failed,Cancelled,scheduled,153.79,192.96,0,374.77,,,"{""source"":""web-checkout""}",2026-04-26T19:34:21.99068+00:00,2026-05-23T06:26:46.624031+00:00,Cleaned up stale pending session,2026-05-23T06:26:46.624031+00:00,true
d1a6465b-2ca3-44b6-8667-5605a6bf9f0f,550e8400-e29b-41d4-a716-446655440019,18815,0000018815,8d5c0b02-3e12-4182-a09a-9c5af2acc6a4,TXN-61460,61460,3,"Blk 454 lot23, Malita, Davao Occidental",GCash,paid,Processing,scheduled,391.89,93.82,0,577.85,,,"{""source"":""web-checkout""}",2026-04-26T18:25:29.289309+00:00,2026-05-22T18:45:24.506219+00:00,,,true
b7740be4-cf7f-4494-a03f-1137e41e7e3c,550e8400-e29b-41d4-a716-446655440026,18472,0000018472,1525cd64-801c-4f3a-877c-f094790514f3,TXN-61403,61403,3,"Manila city, Jabonga, Agusan Del Norte",Credit / Debit Card,paid,Delivered,claim_at_branch,394.55,90.33,0,320.86,,,"{""source"":""web-checkout""}",2026-04-26T17:36:15.825613+00:00,2026-05-22T18:45:24.506219+00:00,,,true
9c98a93c-cf4d-414d-b14e-f5a6f191b7bc,550e8400-e29b-41d4-a716-446655440055,18851,0000018851,99cc5401-1d6d-4691-81a5-46c85f03f0f6,TXN-61356,61356,3,"Pickup at Branch 3, Quezon Avenue, Quezon City",GCash,paid,In Transit,scheduled,372.31,209.15,0,481.61,,,"{""source"":""web-checkout""}",2026-04-26T15:14:18.244097+00:00,2026-05-22T18:45:24.506219+00:00,,,true
aee64eff-4cd3-43f9-af34-021e60e295f6,550e8400-e29b-41d4-a716-446655440014,19160,0000019160,f1a33dd5-729e-4cef-b462-638823397f61,TXN-61538,61538,3,"Blk 454 lot23, Malita, Davao Occidental",Credit / Debit Card,paid,Processing,scheduled,60.77,199.38,0,239.2,,,"{""source"":""web-checkout""}",2026-04-26T11:19:59.171174+00:00,2026-05-22T18:45:24.506219+00:00,,,true
742c74b5-af6e-42f1-a722-3d63e13f1af6,550e8400-e29b-41d4-a716-446655440053,18799,0000018799,89954720-84d2-419d-b75f-61570270d020,TXN-61608,61608,3,"Quezon city greenfields, Quezon City, Metro Manila",GCash,paid,Processing,scheduled,423.69,100.62,0,645.96,,,"{""source"":""web-checkout""}",2026-04-26T09:46:11.261025+00:00,2026-05-22T18:45:24.506219+00:00,,,true
9121f9a9-1d41-4540-ba12-30e6f579d8fa,550e8400-e29b-41d4-a716-446655440034,18480,0000018480,17617557-2e5c-47e3-b263-442fad06e0dc,TXN-61442,61442,3,"Blk 454 lot23, Malita, Davao Occidental",Credit / Debit Card,paid,Processing,claim_at_branch,273.13,132.37,0,512.64,,,"{""source"":""web-checkout""}",2026-04-26T06:58:01.373451+00:00,2026-05-22T18:45:24.506219+00:00,,,true
e524d9ca-37b7-492d-9cfe-54a6ee05a283,550e8400-e29b-41d4-a716-446655440013,18659,0000018659,5885aadc-31d1-4790-a37e-4bb1fcacfeda,TXN-61727,61727,3,"Quezon city greenfields, Quezon City, Metro Manila",GCash,paid,Processing,claim_at_branch,442.15,89.58,0,541.56,,,"{""source"":""web-checkout""}",2026-04-25T22:34:39.507054+00:00,2026-05-22T18:45:24.506219+00:00,,,true
f0c1760c-3541-4873-a09a-05ad1e48b65b,550e8400-e29b-41d4-a716-446655440042,19088,0000019088,debeb699-e4cb-4ca7-ac0b-5c97308dfd92,TXN-61925,61925,3,"Miilionaires Village, Manila City, Metro Manila",Credit / Debit Card,paid,Cancelled,scheduled,397.87,217.19,0,367.87,,,"{""source"":""web-checkout""}",2026-04-25T21:05:30.16687+00:00,2026-05-22T18:45:24.506219+00:00,,,true
34493f6d-596a-4cdd-86c8-348d9cc0f367,550e8400-e29b-41d4-a716-446655440058,18804,0000018804,8a9b8446-4df8-4329-8193-2094c9694fa5,TXN-61830,61830,3,"Quezon city greenfields, Quezon City, Metro Manila",Credit / Debit Card,paid,Processing,claim_at_branch,222.51,118.71,0,503.66,,,"{""source"":""web-checkout""}",2026-04-25T12:46:10.931105+00:00,2026-05-22T18:45:24.506219+00:00,,,true
30dc2626-4556-46ce-a3c3-bdbc37a54c1b,550e8400-e29b-41d4-a716-446655440035,19131,0000019131,e95e5c3a-e033-41c9-91f3-ae10ad46f321,TXN-61850,61850,3,"Pickup at Branch 3, Quezon Avenue, Quezon City",GCash,paid,In Transit,claim_at_branch,155.2,249.26,0,432.1,,,"{""source"":""web-checkout""}",2026-04-25T09:40:27.249584+00:00,2026-05-22T18:45:24.506219+00:00,,,true
08a6e964-155b-4cd9-9ed9-8ec9d71d0c9c,550e8400-e29b-41d4-a716-446655440033,18929,0000018929,abb8497f-7a9b-4f77-b8ce-791d83e4dc6c,TXN-61331,61331,3,"Quezon city greenfields, Quezon City, Metro Manila",Cash on Delivery,paid,Processing,scheduled,54.81,227.19,0,419.13,,,"{""source"":""web-checkout""}",2026-04-25T08:18:21.058414+00:00,2026-05-22T18:45:24.506219+00:00,,,true
1963e406-354d-4dc2-b3c1-0bb308883e01,550e8400-e29b-41d4-a716-446655440030,18726,0000018726,717a5eaf-8faf-4dfb-bfb3-5e2912abaa99,TXN-61840,61840,3,"Pickup at Branch 3, Quezon Avenue, Quezon City",Maya,paid,In Transit,scheduled,83.53,221.29,0,116.09,,,"{""source"":""web-checkout""}",2026-04-25T07:17:42.820815+00:00,2026-05-22T18:45:24.506219+00:00,,,true
b03b7546-b0e7-4650-8eb8-e8bcf7417c37,550e8400-e29b-41d4-a716-446655440024,18820,0000018820,8e0d1d8b-49ba-4e30-a0da-5147ded84dc2,TXN-61378,61378,3,"Blk 454 lot23, Malita, Davao Occidental",Credit / Debit Card,paid,Processing,scheduled,128.7,170.62,0,505.83,,,"{""source"":""web-checkout""}",2026-04-24T23:09:11.311732+00:00,2026-05-22T18:45:24.506219+00:00,,,true
76327312-85c1-46ee-9a2a-67a098b54eba,550e8400-e29b-41d4-a716-446655440047,18693,0000018693,653d762a-5481-430f-8f08-14799c704af3,TXN-61999,61999,3,"Miilionaires Village, Manila City, Metro Manila",Cash on Delivery,paid,Cancelled,claim_at_branch,60.77,97.83,40.88,433.42,,,"{""source"":""web-checkout""}",2026-04-24T20:58:32.475291+00:00,2026-05-22T18:45:24.506219+00:00,,,true
d7696444-0ba7-4f64-a3d7-98164a5cdf89,550e8400-e29b-41d4-a716-446655440017,19013,0000019013,c7f63a5d-7816-4729-b7fd-416bb2e63376,TXN-61387,61387,3,"Miilionaires Village, Manila City, Metro Manila",Cash on Delivery,paid,Cancelled,scheduled,235.22,144.47,24.14,263.95,,,"{""source"":""web-checkout""}",2026-04-24T16:20:41.7387+00:00,2026-05-22T18:45:24.506219+00:00,,,true
92f0aaf3-fbeb-448b-b27b-bb4511fda383,550e8400-e29b-41d4-a716-446655440023,18919,0000018919,aa541ee1-fec4-4557-b831-56d83daa2137,TXN-61214,61214,3,"Quezon city greenfields, Quezon City, Metro Manila",GCash,paid,Processing,claim_at_branch,116.21,113.3,0,164.01,,,"{""source"":""web-checkout""}",2026-04-24T14:14:49.252117+00:00,2026-05-22T18:45:24.506219+00:00,,,true
13bcc407-11e7-4b3e-a6d6-73b10af247b3,550e8400-e29b-41d4-a716-446655440010,18606,0000018606,4382c9d3-9e87-40b8-960f-f3eede56a4b1,TXN-61451,61451,3,"Pickup at Branch 3, Quezon Avenue, Quezon City",Maya,paid,In Transit,scheduled,167.22,137.15,0,668.02,,,"{""source"":""web-checkout""}",2026-04-24T10:48:09.229961+00:00,2026-05-22T18:45:24.506219+00:00,,,true
e2383c7f-7e92-4c0e-a06f-2cc393e9b446,550e8400-e29b-41d4-a716-446655440015,18511,0000018511,208604c2-9b55-40b4-9429-7e27c5b0c3d4,TXN-61662,61662,3,"Pickup at Branch 3, Quezon Avenue, Quezon City",GCash,paid,In Transit,claim_at_branch,69.03,94.39,0,219.68,,,"{""source"":""web-checkout""}",2026-04-24T09:41:38.44143+00:00,2026-05-22T18:45:24.506219+00:00,,,true
9b02e073-039a-4a21-8e94-97003cdbb1b2,550e8400-e29b-41d4-a716-446655440023,18669,0000018669,5d4646b8-03ff-451f-858a-cc70841344cf,TXN-61775,61775,3,"Quezon city greenfields, Quezon City, Metro Manila",Cash on Delivery,paid,Processing,scheduled,158.9,80.87,0,201.4,,,"{""source"":""web-checkout""}",2026-04-23T22:39:14.91971+00:00,2026-05-22T18:45:24.506219+00:00,,,true
32a5a24e-dcd0-4173-8759-9bc9d95f9b7f,550e8400-e29b-41d4-a716-446655440039,18485,0000018485,18b14e89-3eb7-4bfb-8998-d969779838d0,TXN-61554,61554,3,"Blk 454 lot23, Malita, Davao Occidental",Cash on Delivery,failed,Cancelled,claim_at_branch,257.71,195.53,0,219.25,,,"{""source"":""web-checkout""}",2026-04-23T21:23:36.900417+00:00,2026-05-23T06:26:46.624031+00:00,Cleaned up stale pending session,2026-05-23T06:26:46.624031+00:00,true
4f0f9fd4-4da2-4daf-ab50-027345b52db1,550e8400-e29b-41d4-a716-446655440027,18473,0000018473,15701ec5-0745-4b2f-b3b4-50b94881fe6f,TXN-61255,61255,3,"Miilionaires Village, Manila City, Metro Manila",Cash on Delivery,paid,Cancelled,scheduled,333.48,59.02,0,663.52,,,"{""source"":""web-checkout""}",2026-04-23T20:30:59.061766+00:00,2026-05-22T18:45:24.506219+00:00,,,true
cf9ffb90-1bef-440f-977c-8e560c3c8a81,550e8400-e29b-41d4-a716-446655440058,18604,0000018604,42811d8c-ad0b-495d-8e4b-b238be67d276,TXN-61680,61680,3,"Quezon city greenfields, Quezon City, Metro Manila",Credit / Debit Card,paid,Processing,claim_at_branch,410.42,98.17,0,183.36,,,"{""source"":""web-checkout""}",2026-04-23T06:49:42.91407+00:00,2026-05-22T18:45:24.506219+00:00,,,true
cc102223-5ca3-4567-be86-84855ffaf865,550e8400-e29b-41d4-a716-446655440016,18912,0000018912,a7c5178c-841a-4813-82f5-fffbfb7b6c59,TXN-61620,61620,3,"Manila city, Jabonga, Agusan Del Norte",Credit / Debit Card,paid,Delivered,claim_at_branch,395.14,70.72,0,386.6,,,"{""source"":""web-checkout""}",2026-04-23T06:30:41.624989+00:00,2026-05-22T18:45:24.506219+00:00,,,true
453bbbf3-a254-46e4-b01f-cf8c31916752,550e8400-e29b-41d4-a716-446655440016,18962,0000018962,b69ed659-786e-4bbc-be7c-d38bb1f45c11,TXN-61562,61562,3,"Manila city, Jabonga, Agusan Del Norte",Maya,paid,Delivered,scheduled,216.71,172.22,0,543.7,,,"{""source"":""web-checkout""}",2026-04-23T00:40:00.643658+00:00,2026-05-22T18:45:24.506219+00:00,,,true
de4a3592-0617-4628-9e19-070613f7acda,550e8400-e29b-41d4-a716-446655440042,19188,0000019188,fbddd102-c780-4c28-8470-ff4b4fff6519,TXN-61728,61728,3,"Miilionaires Village, Manila City, Metro Manila",Credit / Debit Card,paid,Cancelled,scheduled,132.82,59.27,44.64,297.34,,,"{""source"":""web-checkout""}",2026-04-22T07:41:30.947439+00:00,2026-05-22T18:45:24.506219+00:00,,,true
98cd0d16-2b68-4eec-bb37-93b61fb0c593,550e8400-e29b-41d4-a716-446655440054,18700,0000018700,68baded1-8ebd-410e-aa1e-ed92fbf4beaa,TXN-61842,61842,3,"Blk 454 lot23, Malita, Davao Occidental",Credit / Debit Card,paid,Processing,scheduled,310.58,177.45,0,554.12,,,"{""source"":""web-checkout""}",2026-04-22T02:02:54.40173+00:00,2026-05-22T18:45:24.506219+00:00,,,true
b57dc8ab-93ab-4762-a5e2-d474bdcd139e,550e8400-e29b-41d4-a716-446655440037,19183,0000019183,fadfd2a5-bfbf-415b-a478-90c1106c16d9,TXN-61207,61207,3,"Miilionaires Village, Manila City, Metro Manila",GCash,paid,Cancelled,scheduled,278.09,50.31,0,203.07,,,"{""source"":""web-checkout""}",2026-04-21T22:40:34.01832+00:00,2026-05-22T18:45:24.506219+00:00,,,true
00927d0c-9312-4ef4-b672-771474739efe,550e8400-e29b-41d4-a716-446655440017,19163,0000019163,f2d3e1db-f8c5-47ae-bcb7-a6f58ddb972d,TXN-61765,61765,3,"Miilionaires Village, Manila City, Metro Manila",GCash,failed,Cancelled,claim_at_branch,316.54,180.31,8.02,136.36,,,"{""source"":""web-checkout""}",2026-04-21T17:25:48.747776+00:00,2026-05-23T06:26:46.624031+00:00,Cleaned up stale pending session,2026-05-23T06:26:46.624031+00:00,true
ec86d932-4617-4815-9171-774b1761bc13,550e8400-e29b-41d4-a716-446655440045,18641,0000018641,5161fec5-15d3-494c-8604-6cde1b8152bb,TXN-61633,61633,3,"Pickup at Branch 3, Quezon Avenue, Quezon City",Cash on Delivery,paid,In Transit,scheduled,370.31,82.61,0,195.85,,,"{""source"":""web-checkout""}",2026-04-21T15:58:31.065454+00:00,2026-05-22T18:45:24.506219+00:00,,,true
e90bac34-74e9-49ba-a592-fe01d13363ca,550e8400-e29b-41d4-a716-446655440052,18648,0000018648,555a01de-d022-47ec-a36a-42381a531b20,TXN-61802,61802,3,"Miilionaires Village, Manila City, Metro Manila",Credit / Debit Card,paid,Cancelled,scheduled,181.82,85.79,5.98,444.7,,,"{""source"":""web-checkout""}",2026-04-21T14:03:14.312233+00:00,2026-05-22T18:45:24.506219+00:00,,,true
0c1171b5-b357-43f4-ad8b-8d6ebf52fd06,550e8400-e29b-41d4-a716-446655440041,18887,0000018887,a31b1454-53d0-4064-9284-702fc9b470b2,TXN-61674,61674,3,"Manila city, Jabonga, Agusan Del Norte",GCash,paid,Delivered,scheduled,162.03,224.47,0,252.85,,,"{""source"":""web-checkout""}",2026-04-21T11:26:18.822951+00:00,2026-05-22T18:45:24.506219+00:00,,,true
8566a6e3-2ca8-4bab-bda1-1e2d8e5adae3,550e8400-e29b-41d4-a716-446655440013,18909,0000018909,a769a982-34f5-4794-b2ec-d082c18cbbdf,TXN-61406,61406,3,"Quezon city greenfields, Quezon City, Metro Manila",Cash on Delivery,paid,Processing,claim_at_branch,429.01,80.03,0,116.79,,,"{""source"":""web-checkout""}",2026-04-21T10:36:31.59874+00:00,2026-05-22T18:45:24.506219+00:00,,,true
2db3fa68-4370-4e46-96db-bc5606b35125,550e8400-e29b-41d4-a716-446655440029,18925,0000018925,ab500a7d-99ad-4fd3-b723-bcdc4089cf18,TXN-61677,61677,3,"Blk 454 lot23, Malita, Davao Occidental",Cash on Delivery,paid,Processing,scheduled,119.88,156.81,0,274.61,,,"{""source"":""web-checkout""}",2026-04-21T06:31:46.943735+00:00,2026-05-22T18:45:24.506219+00:00,,,true
446de84c-69e2-410d-ace3-c2ae1ff4c685,550e8400-e29b-41d4-a716-446655440035,19181,0000019181,f9a6ca9c-7f09-488d-b18a-df57b89b05af,TXN-61690,61690,3,"Pickup at Branch 3, Quezon Avenue, Quezon City",Cash on Delivery,paid,In Transit,scheduled,410.72,145.49,0,567.47,,,"{""source"":""web-checkout""}",2026-04-21T05:58:02.834852+00:00,2026-05-22T18:45:24.506219+00:00,,,true
dde91017-3fda-4b42-bb3f-1278caaf69e0,550e8400-e29b-41d4-a716-446655440032,18728,0000018728,725fddd3-9fd8-47cd-8103-0829ae0cbe6f,TXN-61808,61808,3,"Miilionaires Village, Manila City, Metro Manila",Credit / Debit Card,paid,Cancelled,scheduled,291.12,98.01,0,486.66,,,"{""source"":""web-checkout""}",2026-04-21T04:29:35.300664+00:00,2026-05-22T18:45:24.506219+00:00,,,true
b39cfed5-87b3-42b0-9593-2f632e59cfb0,550e8400-e29b-41d4-a716-446655440037,19033,0000019033,cf49726a-34df-4976-be8b-c63ea67f31af,TXN-61975,61975,3,"Miilionaires Village, Manila City, Metro Manila",Cash on Delivery,paid,Cancelled,scheduled,186.89,166.78,0,548.91,,,"{""source"":""web-checkout""}",2026-04-21T02:20:29.250828+00:00,2026-05-22T18:45:24.506219+00:00,,,true
e2f5cc16-78af-45d9-8d68-6aed63ba564b,550e8400-e29b-41d4-a716-446655440045,18541,0000018541,2a7137ea-912f-4ecf-9524-63dcd1b9795b,TXN-61968,61968,3,"Pickup at Branch 3, Quezon Avenue, Quezon City",Cash on Delivery,paid,In Transit,claim_at_branch,203.52,191.25,0,561.18,,,"{""source"":""web-checkout""}",2026-04-20T23:47:17.592999+00:00,2026-05-22T18:45:24.506219+00:00,,,true
ae151654-ce65-4b44-94f3-c7fd2b2e5436,550e8400-e29b-41d4-a716-446655440049,18945,0000018945,b1f7f845-e208-4b56-9208-bdbeda83297c,TXN-61252,61252,3,"Blk 454 lot23, Malita, Davao Occidental",Cash on Delivery,paid,Processing,scheduled,73.58,144.04,0,657.62,,,"{""source"":""web-checkout""}",2026-04-20T22:23:47.134408+00:00,2026-05-22T18:45:24.506219+00:00,,,true
4c749e3e-33d3-446b-b9f8-c53ded15fb8c,550e8400-e29b-41d4-a716-446655440043,18739,0000018739,7472a100-4231-4009-adb8-b06c5119df85,TXN-61708,61708,3,"Quezon city greenfields, Quezon City, Metro Manila",GCash,paid,Processing,claim_at_branch,124.62,229.2,0,179.7,,,"{""source"":""web-checkout""}",2026-04-20T08:45:27.4622+00:00,2026-05-22T18:45:24.506219+00:00,,,true
c8bdcdfc-19d8-4be2-8d13-f4fe40bcb0a7,550e8400-e29b-41d4-a716-446655440015,18411,0000018411,01d44a5d-564c-4647-90b9-754eb149977c,TXN-61948,61948,3,"Pickup at Branch 3, Quezon Avenue, Quezon City",GCash,paid,In Transit,claim_at_branch,292.23,235.06,0,424.51,,,"{""source"":""web-checkout""}",2026-04-20T02:11:05.819438+00:00,2026-05-22T18:45:24.506219+00:00,,,true
9ee1190d-9c90-44c5-81d3-359f3cbe06cb,550e8400-e29b-41d4-a716-446655440014,18660,0000018660,58e1b25f-3f0f-47ad-9216-18d0ca87225c,TXN-61312,61312,3,"Blk 454 lot23, Malita, Davao Occidental",Credit / Debit Card,paid,Processing,scheduled,402.65,52.23,0,129.37,,,"{""source"":""web-checkout""}",2026-04-19T16:13:12.277959+00:00,2026-05-22T18:45:24.506219+00:00,,,true
477f36c3-7402-4557-8031-374a9a9a39fc,550e8400-e29b-41d4-a716-446655440027,18923,0000018923,aaede6b0-5e63-4ef6-8d69-8c696be2238c,TXN-61307,61307,3,"Miilionaires Village, Manila City, Metro Manila",GCash,paid,Cancelled,scheduled,163.53,180.02,0,684.27,,,"{""source"":""web-checkout""}",2026-04-19T14:05:11.563372+00:00,2026-05-22T18:45:24.506219+00:00,,,true
488930b5-3e2c-4e0b-b5d4-940b77681131,550e8400-e29b-41d4-a716-446655440010,19056,0000019056,d5c81402-4471-44a5-8b2e-8462757fab8e,TXN-61755,61755,3,"Pickup at Branch 3, Quezon Avenue, Quezon City",Credit / Debit Card,paid,In Transit,scheduled,176.43,95.49,0,272,,,"{""source"":""web-checkout""}",2026-04-19T13:30:48.084936+00:00,2026-05-22T18:45:24.506219+00:00,,,true
7f2835a6-9758-4c84-9752-852310a40282,550e8400-e29b-41d4-a716-446655440030,18876,0000018876,a0827180-5e0f-4f0e-a5df-a88cdbb3a029,TXN-61517,61517,3,"Pickup at Branch 3, Quezon Avenue, Quezon City",Credit / Debit Card,paid,In Transit,scheduled,387.62,213.33,0,457.03,,,"{""source"":""web-checkout""}",2026-04-19T03:31:08.17578+00:00,2026-05-22T18:45:24.506219+00:00,,,true
fa2eecb3-2682-4740-aaa5-20af42ee64d0,550e8400-e29b-41d4-a716-446655440044,18990,0000018990,bf8e3dfd-511e-47e7-86ab-c191df56540a,TXN-61732,61732,3,"Blk 454 lot23, Malita, Davao Occidental",Maya,failed,Cancelled,claim_at_branch,410.32,110.21,0,354.53,,,"{""source"":""web-checkout""}",2026-04-19T00:42:09.051693+00:00,2026-05-23T06:26:46.624031+00:00,Cleaned up stale pending session,2026-05-23T06:26:46.624031+00:00,true
6e09af0e-e90f-4a7a-a8d9-032448995a11,550e8400-e29b-41d4-a716-446655440024,18970,0000018970,b958cb2f-4013-4071-acda-72794f42cb42,TXN-61531,61531,3,"Blk 454 lot23, Malita, Davao Occidental",Maya,paid,Processing,scheduled,104.3,204.02,0,565.82,,,"{""source"":""web-checkout""}",2026-04-18T19:08:21.349096+00:00,2026-05-22T18:45:24.506219+00:00,,,true
635f3773-e990-4e1a-b60e-2ce7846e93c2,550e8400-e29b-41d4-a716-446655440028,18974,0000018974,ba706000-96aa-4829-b183-3ffb76f54b30,TXN-61400,61400,3,"Quezon city greenfields, Quezon City, Metro Manila",Maya,paid,Processing,claim_at_branch,222.67,215.93,0,207.41,,,"{""source"":""web-checkout""}",2026-04-17T23:42:51.053696+00:00,2026-05-22T18:45:24.506219+00:00,,,true
f4b62de7-40ed-46d5-904e-277b7653ed24,550e8400-e29b-41d4-a716-446655440023,18869,0000018869,9d0e8468-2628-48b1-8d82-153799ffcbaf,TXN-61942,61942,3,"Quezon city greenfields, Quezon City, Metro Manila",Cash on Delivery,paid,Processing,claim_at_branch,221.04,167.89,0,555.72,,,"{""source"":""web-checkout""}",2026-04-17T21:19:38.103771+00:00,2026-05-22T18:45:24.506219+00:00,,,true
b2cac90f-9ff7-473e-ba70-e99be86acd08,550e8400-e29b-41d4-a716-446655440020,18516,0000018516,2153c7da-9103-452e-9854-612a2380a667,TXN-61395,61395,3,"Pickup at Branch 3, Quezon Avenue, Quezon City",Credit / Debit Card,paid,In Transit,scheduled,377.91,178.17,8.47,390.37,,,"{""source"":""web-checkout""}",2026-04-17T19:03:09.279845+00:00,2026-05-22T18:45:24.506219+00:00,,,true
25d59821-149e-4b3f-909a-0d6fe1b2d4b8,550e8400-e29b-41d4-a716-446655440025,18821,0000018821,8e1d87c6-7d8b-47c9-87dc-f3be136b8786,TXN-61663,61663,3,"Pickup at Branch 3, Quezon Avenue, Quezon City",Cash on Delivery,paid,In Transit,scheduled,183.9,209.73,0,553.28,,,"{""source"":""web-checkout""}",2026-04-17T17:10:36.42531+00:00,2026-05-22T18:45:24.506219+00:00,,,true
42dabb03-2938-4378-ae32-07916e9fdb37,550e8400-e29b-41d4-a716-446655440029,18875,0000018875,a051c3e2-2b7c-4229-9ba8-6b86e4ee6667,TXN-61533,61533,3,"Blk 454 lot23, Malita, Davao Occidental",GCash,paid,Processing,scheduled,141.58,54.6,0,569.5,,,"{""source"":""web-checkout""}",2026-04-17T15:39:27.636128+00:00,2026-05-22T18:45:24.506219+00:00,,,true
b16ceb0d-8d28-4769-954d-b067f01447ce,550e8400-e29b-41d4-a716-446655440043,19039,0000019039,d08023be-b91a-4d74-8479-3fdd1c531385,TXN-61676,61676,3,"Quezon city greenfields, Quezon City, Metro Manila",GCash,failed,Cancelled,claim_at_branch,295.51,103.76,0,398.7,,,"{""source"":""web-checkout""}",2026-04-17T13:13:03.872483+00:00,2026-05-23T06:26:46.624031+00:00,Cleaned up stale pending session,2026-05-23T06:26:46.624031+00:00,true
179cca23-698f-40f1-b961-696351b13ae3,550e8400-e29b-41d4-a716-446655440046,18942,0000018942,b101eda4-1e05-4546-9acc-257b728d4a27,TXN-61382,61382,3,"Manila city, Jabonga, Agusan Del Norte",Maya,paid,Delivered,claim_at_branch,216.62,153.19,0,440.07,,,"{""source"":""web-checkout""}",2026-04-17T11:30:05.227457+00:00,2026-05-22T18:45:24.506219+00:00,,,true
3414b1c0-c96c-49ff-a9d1-2d19cea626af,550e8400-e29b-41d4-a716-446655440051,18547,0000018547,2e25f420-aa2d-402b-99ba-ee31fca99fc2,TXN-61372,61372,3,"Manila city, Jabonga, Agusan Del Norte",GCash,paid,Delivered,claim_at_branch,97.29,102.46,0,164.2,,,"{""source"":""web-checkout""}",2026-04-17T08:40:37.349284+00:00,2026-05-22T18:45:24.506219+00:00,,,true
d8b4291c-3e60-4513-9e52-1f0f32f4978c,550e8400-e29b-41d4-a716-446655440059,18855,0000018855,9a63917c-21f6-4676-a906-d8746c7238d7,TXN-61804,61804,3,"Blk 454 lot23, Malita, Davao Occidental",GCash,paid,Processing,claim_at_branch,55.03,84.91,0,582.18,,,"{""source"":""web-checkout""}",2026-04-17T03:21:55.403583+00:00,2026-05-22T18:45:24.506219+00:00,,,true
ae8b2be1-a8f3-42ee-94e4-a2fffc05a62f,550e8400-e29b-41d4-a716-446655440036,19182,0000019182,fa0c8fda-3235-47a1-9a62-b63d195d5b6e,TXN-61535,61535,3,"Manila city, Jabonga, Agusan Del Norte",Maya,paid,Delivered,scheduled,115.26,207.49,0,405.48,,,"{""source"":""web-checkout""}",2026-04-17T03:00:24.168937+00:00,2026-05-22T18:45:24.506219+00:00,,,true
2d805301-b11b-4048-8ffe-6bd734482c1b,550e8400-e29b-41d4-a716-446655440021,19017,0000019017,c8cd73c2-cf92-4c7f-b2de-a448b9bc7ca5,TXN-61773,61773,3,"Manila city, Jabonga, Agusan Del Norte",Cash on Delivery,paid,Delivered,claim_at_branch,65.36,108.29,35.48,497.82,,,"{""source"":""web-checkout""}",2026-04-16T18:51:22.632164+00:00,2026-05-22T18:45:24.506219+00:00,,,true
0f237560-715b-455f-ba1e-da49a3ab3148,550e8400-e29b-41d4-a716-446655440041,18687,0000018687,633118ff-4add-44aa-9788-3e646aef27b8,TXN-61738,61738,3,"Manila city, Jabonga, Agusan Del Norte",GCash,paid,Delivered,scheduled,382.1,114.88,0,344.84,,,"{""source"":""web-checkout""}",2026-04-16T09:43:23.261771+00:00,2026-05-22T18:45:24.506219+00:00,,,true
21264cda-4c3b-4f52-8110-2b17a05d7efa,550e8400-e29b-41d4-a716-446655440010,19106,0000019106,e13cd665-d045-4b12-8585-d0b738fa5010,TXN-61221,61221,3,"Pickup at Branch 3, Quezon Avenue, Quezon City",Maya,paid,In Transit,claim_at_branch,84.26,73.65,0,652.49,,,"{""source"":""web-checkout""}",2026-04-16T05:30:25.24159+00:00,2026-05-22T18:45:24.506219+00:00,,,true
c931ed0d-3b0f-419a-808a-155d295d66ff,550e8400-e29b-41d4-a716-446655440016,18562,0000018562,33241c9f-74f3-4c98-8096-bd8212525505,TXN-61236,61236,3,"Manila city, Jabonga, Agusan Del Norte",Maya,paid,Delivered,claim_at_branch,268.05,162.77,0,601.7,,,"{""source"":""web-checkout""}",2026-04-16T01:13:58.784535+00:00,2026-05-22T18:45:24.506219+00:00,,,true
2bdee707-a000-4e44-8b7d-166abd0d7849,550e8400-e29b-41d4-a716-446655440045,18891,0000018891,a3e36a28-4103-46d7-8fec-37daae76d39a,TXN-61444,61444,3,"Pickup at Branch 3, Quezon Avenue, Quezon City",GCash,paid,In Transit,scheduled,324.2,238.11,0,471.13,,,"{""source"":""web-checkout""}",2026-04-15T09:54:11.774602+00:00,2026-05-22T18:45:24.506219+00:00,,,true
cbe0bb46-cba8-4383-bbee-69df7d9a7bce,550e8400-e29b-41d4-a716-446655440010,18556,0000018556,2fe44696-bab3-41d1-ba29-2ccc7be28aff,TXN-61577,61577,3,"Pickup at Branch 3, Quezon Avenue, Quezon City",Credit / Debit Card,paid,In Transit,claim_at_branch,160.53,59.79,0,577.31,,,"{""source"":""web-checkout""}",2026-04-15T02:25:48.123183+00:00,2026-05-22T18:45:24.506219+00:00,,,true
9db82279-7f8a-4b26-b874-d6cf5ab21e00,550e8400-e29b-41d4-a716-446655440058,19004,0000019004,c2eb7d09-5596-4b9f-8bd5-ee90fe29021a,TXN-61584,61584,3,"Quezon city greenfields, Quezon City, Metro Manila",Credit / Debit Card,paid,Processing,claim_at_branch,81.89,54.3,0,301.86,,,"{""source"":""web-checkout""}",2026-04-14T21:15:27.989743+00:00,2026-05-22T18:45:24.506219+00:00,,,true
a5b7a585-4c00-42e7-b45a-9ade27585651,550e8400-e29b-41d4-a716-446655440031,18877,0000018877,a0ba69b7-4f7b-45b0-8c7a-0f3eca799bc7,TXN-61264,61264,3,"Manila city, Jabonga, Agusan Del Norte",Cash on Delivery,paid,Delivered,scheduled,371.77,116.4,0,690.79,,,"{""source"":""web-checkout""}",2026-04-14T12:32:13.561712+00:00,2026-05-22T18:45:24.506219+00:00,,,true
901a416f-5f23-4425-87ed-817ff5fa1d7e,550e8400-e29b-41d4-a716-446655440025,18621,0000018621,48b7c75f-4b66-45bc-a95d-e3243fc2afdd,TXN-61509,61509,3,"Pickup at Branch 3, Quezon Avenue, Quezon City",Cash on Delivery,paid,In Transit,scheduled,294.84,232.01,0,478.18,,,"{""source"":""web-checkout""}",2026-04-14T12:31:25.594132+00:00,2026-05-22T18:45:24.506219+00:00,,,true
5ce65139-0dc7-4868-8761-b267590c8d35,550e8400-e29b-41d4-a716-446655440056,18552,0000018552,2ec7d752-abba-4141-90f2-203bfd483ab8,TXN-61695,61695,3,"Manila city, Jabonga, Agusan Del Norte",Credit / Debit Card,paid,Delivered,scheduled,267.29,81.07,0,290.86,,,"{""source"":""web-checkout""}",2026-04-14T03:48:34.405282+00:00,2026-05-22T18:45:24.506219+00:00,,,true
4b394f9f-efcd-4a85-86f1-0e4964983166,550e8400-e29b-41d4-a716-446655440015,19011,0000019011,c6b93b90-88f9-4ebc-bd65-c8409ec48db1,TXN-61523,61523,3,"Pickup at Branch 3, Quezon Avenue, Quezon City",GCash,paid,In Transit,scheduled,212.16,154.57,0,563.68,,,"{""source"":""web-checkout""}",2026-04-13T18:42:38.982633+00:00,2026-05-22T18:45:24.506219+00:00,,,true
8a36dcff-1596-47ee-b59b-94f457173e52,550e8400-e29b-41d4-a716-446655440051,19197,0000019197,fe5286da-4ff2-4acb-99e7-9ec7381c8c5e,TXN-61825,61825,3,"Manila city, Jabonga, Agusan Del Norte",Cash on Delivery,paid,Delivered,claim_at_branch,305.18,116.82,0,283.08,,,"{""source"":""web-checkout""}",2026-04-13T10:31:42.394649+00:00,2026-05-22T18:45:24.506219+00:00,,,true
2d5bd140-45e8-4933-9c14-a10332af9229,550e8400-e29b-41d4-a716-446655440028,19024,0000019024,cbbd16b0-485f-4710-899b-7fdd1a19590e,TXN-61763,61763,3,"Quezon city greenfields, Quezon City, Metro Manila",Credit / Debit Card,paid,Processing,claim_at_branch,145.38,84.19,0,278.9,,,"{""source"":""web-checkout""}",2026-04-13T10:15:03.120086+00:00,2026-05-22T18:45:24.506219+00:00,,,true
3d4f10a4-72b7-41e6-9c4a-36d29ca05830,550e8400-e29b-41d4-a716-446655440015,19111,0000019111,e33c33c5-1513-4f0d-8307-f2ec525f3c95,TXN-61984,61984,3,"Pickup at Branch 3, Quezon Avenue, Quezon City",GCash,paid,In Transit,claim_at_branch,324.12,157.22,0,307.84,,,"{""source"":""web-checkout""}",2026-04-13T01:14:55.759063+00:00,2026-05-22T18:45:24.506219+00:00,,,true
8970ebc0-4333-45b2-871c-72072972c4f0,550e8400-e29b-41d4-a716-446655440014,19060,0000019060,d6df716f-abf9-466c-a076-8695c9f3f07a,TXN-61935,61935,3,"Blk 454 lot23, Malita, Davao Occidental",Credit / Debit Card,paid,Processing,scheduled,104.75,118.26,0,280.41,,,"{""source"":""web-checkout""}",2026-04-12T23:23:14.047234+00:00,2026-05-22T18:45:24.506219+00:00,,,true
ff55f844-7c3e-4984-953c-529cda73f94f,550e8400-e29b-41d4-a716-446655440031,18427,0000018427,061dbb25-e452-467c-8632-3a188c86a142,TXN-61405,61405,3,"Manila city, Jabonga, Agusan Del Norte",GCash,paid,Delivered,claim_at_branch,58.11,52.37,0,373.58,,,"{""source"":""web-checkout""}",2026-04-12T20:35:10.332962+00:00,2026-05-22T18:45:24.506219+00:00,,,true
efbfd555-2d63-4567-9591-1caf055f80fb,550e8400-e29b-41d4-a716-446655440047,18843,0000018843,96ad0837-f065-47db-b07c-d22a58780eb2,TXN-61338,61338,3,"Miilionaires Village, Manila City, Metro Manila",GCash,paid,Cancelled,claim_at_branch,129.38,87.83,33.2,353.07,,,"{""source"":""web-checkout""}",2026-04-12T14:18:35.322189+00:00,2026-05-22T18:45:24.506219+00:00,,,true
357f9d3a-be92-4367-9e6c-06e96bfe8b41,550e8400-e29b-41d4-a716-446655440026,19172,0000019172,f591d9df-89d6-4725-a326-efcc74ce40e1,TXN-61365,61365,3,"Manila city, Jabonga, Agusan Del Norte",Credit / Debit Card,paid,Delivered,claim_at_branch,326.67,128.72,0,490.53,,,"{""source"":""web-checkout""}",2026-04-12T13:56:45.836331+00:00,2026-05-22T18:45:24.506219+00:00,,,true
8b8d2f54-ae0d-4da4-af24-6554b74be233,550e8400-e29b-41d4-a716-446655440015,18811,0000018811,8c9efc1e-fa72-421c-bdb8-87f58e45774f,TXN-61268,61268,3,"Pickup at Branch 3, Quezon Avenue, Quezon City",GCash,paid,In Transit,scheduled,295.63,202.75,1.43,650.09,,,"{""source"":""web-checkout""}",2026-04-12T09:08:42.2893+00:00,2026-05-22T18:45:24.506219+00:00,,,true
90671073-d189-4302-85c2-d58351bfa7aa,550e8400-e29b-41d4-a716-446655440043,19089,0000019089,df3e8074-c098-4cd9-9725-2b5a1b6d0e86,TXN-61784,61784,3,"Quezon city greenfields, Quezon City, Metro Manila",Cash on Delivery,paid,Processing,scheduled,185.21,222.53,0,176.6,,,"{""source"":""web-checkout""}",2026-04-12T05:38:28.001993+00:00,2026-05-22T18:45:24.506219+00:00,,,true
6af019ce-9faa-4d9f-bf26-e36ef3743766,550e8400-e29b-41d4-a716-446655440049,18495,0000018495,1aa49934-62dd-4d7e-bf2c-8a2dc42ec35c,TXN-61590,61590,3,"Blk 454 lot23, Malita, Davao Occidental",GCash,paid,Processing,scheduled,257.86,115.59,0,507.88,,,"{""source"":""web-checkout""}",2026-04-11T10:47:02.699463+00:00,2026-05-22T18:45:24.506219+00:00,,,true
79cc2a8e-65ad-4793-bfcb-46a0afa7e16a,550e8400-e29b-41d4-a716-446655440055,18801,0000018801,89afdcdf-ae87-444a-95aa-5c1c26a9e41b,TXN-61493,61493,3,"Pickup at Branch 3, Quezon Avenue, Quezon City",Cash on Delivery,paid,In Transit,claim_at_branch,394.1,236.97,0,467.89,,,"{""source"":""web-checkout""}",2026-04-11T03:05:01.69815+00:00,2026-05-22T18:45:24.506219+00:00,,,true
3c1e2039-eaee-4730-a877-f46bfd2894f5,550e8400-e29b-41d4-a716-446655440015,18961,0000018961,b67219d0-0d87-4736-9e1d-0723826e4c55,TXN-61792,61792,3,"Pickup at Branch 3, Quezon Avenue, Quezon City",Cash on Delivery,paid,In Transit,claim_at_branch,369.06,187.1,0,350.86,,,"{""source"":""web-checkout""}",2026-04-11T00:24:31.077406+00:00,2026-05-22T18:45:24.506219+00:00,,,true
1a29a01f-2b4b-445b-95aa-329f43e75507,550e8400-e29b-41d4-a716-446655440026,18772,0000018772,80e0a1a7-51dd-4670-a14a-3071cce7d409,TXN-61730,61730,3,"Manila city, Jabonga, Agusan Del Norte",Credit / Debit Card,paid,Delivered,scheduled,408.22,195.2,0,689.8,,,"{""source"":""web-checkout""}",2026-04-10T16:48:11.212623+00:00,2026-05-22T18:45:24.506219+00:00,,,true
6ad29525-8985-4a99-b3e4-5db992210971,550e8400-e29b-41d4-a716-446655440050,18846,0000018846,9765ee7f-3f10-46c8-8b51-a170080234f2,TXN-61375,61375,3,"Pickup at Branch 3, Quezon Avenue, Quezon City",Maya,paid,In Transit,scheduled,57.57,159.88,0,191.61,,,"{""source"":""web-checkout""}",2026-04-10T16:28:50.620394+00:00,2026-05-22T18:45:24.506219+00:00,,,true
7436fddb-83c5-4ec7-8c28-6418b0ab7049,550e8400-e29b-41d4-a716-446655440019,18465,0000018465,125c9b18-a40a-4dfd-98de-0f7824e95a34,TXN-61671,61671,3,"Blk 454 lot23, Malita, Davao Occidental",Cash on Delivery,paid,Processing,claim_at_branch,306.39,84.99,0,321.42,,,"{""source"":""web-checkout""}",2026-04-10T14:34:26.229268+00:00,2026-05-22T18:45:24.506219+00:00,,,true
670e0fed-2af4-43b7-bc26-ff209f765421,550e8400-e29b-41d4-a716-446655440032,19128,0000019128,e83f6ee5-f654-438d-8e8f-b4e701cb66f5,TXN-61715,61715,3,"Miilionaires Village, Manila City, Metro Manila",Credit / Debit Card,paid,Cancelled,scheduled,333.47,122.55,0,173.73,,,"{""source"":""web-checkout""}",2026-04-10T05:13:48.700748+00:00,2026-05-22T18:45:24.506219+00:00,,,true
a8ab9d70-2dfd-4c7e-b4d3-49690d03a221,550e8400-e29b-41d4-a716-446655440010,18856,0000018856,9a7ed32a-0b72-487f-9ca9-944326ee582c,TXN-61473,61473,3,"Pickup at Branch 3, Quezon Avenue, Quezon City",Credit / Debit Card,paid,In Transit,scheduled,185.55,208.25,0,603.55,,,"{""source"":""web-checkout""}",2026-04-09T20:52:20.110681+00:00,2026-05-22T18:45:24.506219+00:00,,,true
ba70709c-d9ae-49d1-a437-253ae61b2d07,550e8400-e29b-41d4-a716-446655440057,18503,0000018503,1d7246af-e46d-45d5-a75a-f950fd2f7a9a,TXN-61411,61411,3,"Miilionaires Village, Manila City, Metro Manila",GCash,paid,Cancelled,scheduled,442.24,61.62,0,250.18,,,"{""source"":""web-checkout""}",2026-04-09T15:09:35.329237+00:00,2026-05-22T18:45:24.506219+00:00,,,true
3a5ead59-0bd3-42d8-aa54-a8f983c1d9b8,550e8400-e29b-41d4-a716-446655440054,18550,0000018550,2e6c5dee-ee8c-4c78-810d-fd8e2967654e,TXN-61446,61446,3,"Blk 454 lot23, Malita, Davao Occidental",Maya,paid,Processing,claim_at_branch,115.32,232.62,0,215.48,,,"{""source"":""web-checkout""}",2026-04-09T10:09:32.570717+00:00,2026-05-22T18:45:24.506219+00:00,,,true
169e8923-7724-4c5c-b3b2-2f33d9126f68,550e8400-e29b-41d4-a716-446655440033,18629,0000018629,4d096f74-fa69-4b91-8501-16a2a2d9ae67,TXN-61598,61598,3,"Quezon city greenfields, Quezon City, Metro Manila",Cash on Delivery,paid,Processing,scheduled,172.57,247.58,0,539.41,,,"{""source"":""web-checkout""}",2026-04-09T06:40:51.534113+00:00,2026-05-22T18:45:24.506219+00:00,,,true
a3b0df0f-958a-4219-b510-2cb02fe0fbe0,550e8400-e29b-41d4-a716-446655440046,18542,0000018542,2a7930e4-5a66-458e-870f-286cd62a7f52,TXN-61652,61652,3,"Manila city, Jabonga, Agusan Del Norte",Maya,paid,Delivered,scheduled,364.29,240.6,15.71,204.43,,,"{""source"":""web-checkout""}",2026-04-09T01:59:28.807229+00:00,2026-05-22T18:45:24.506219+00:00,,,true
e39dd28f-f2fa-4010-acbe-eb59b23dfc4e,550e8400-e29b-41d4-a716-446655440027,18873,0000018873,9f89792c-b1fb-4bc1-93f3-63c00bc80c81,TXN-61852,61852,3,"Miilionaires Village, Manila City, Metro Manila",Cash on Delivery,paid,Cancelled,claim_at_branch,172.31,85.72,0,442.34,,,"{""source"":""web-checkout""}",2026-04-08T22:17:17.353052+00:00,2026-05-22T18:45:24.506219+00:00,,,true
49f5a18c-390c-4163-87d6-88317db8f271,550e8400-e29b-41d4-a716-446655440032,18678,0000018678,5fcb306f-8507-4097-aa27-fea332f91655,TXN-61300,61300,3,"Miilionaires Village, Manila City, Metro Manila",Maya,paid,Cancelled,scheduled,321.45,149.48,0,187.68,,,"{""source"":""web-checkout""}",2026-04-08T19:41:24.623461+00:00,2026-05-22T18:45:24.506219+00:00,,,true
ded80502-7f8b-4c02-a57e-eb28b972a215,550e8400-e29b-41d4-a716-446655440042,18488,0000018488,191f5c79-ff6a-4616-bfb7-f87673928f12,TXN-61329,61329,3,"Miilionaires Village, Manila City, Metro Manila",Credit / Debit Card,failed,Cancelled,scheduled,265.46,182.52,0,413.33,,,"{""source"":""web-checkout""}",2026-04-08T17:58:37.418113+00:00,2026-05-23T06:26:46.624031+00:00,Cleaned up stale pending session,2026-05-23T06:26:46.624031+00:00,true
a8f27b27-54ca-48d2-a1d2-b8275d91371e,550e8400-e29b-41d4-a716-446655440040,18586,0000018586,3b5dd1a9-fd57-4884-af2d-0011392a6243,TXN-61270,61270,3,"Pickup at Branch 3, Quezon Avenue, Quezon City",Maya,paid,In Transit,scheduled,337.99,95.37,0,645,,,"{""source"":""web-checkout""}",2026-04-08T17:39:55.046973+00:00,2026-05-22T18:45:24.506219+00:00,,,true
39c9621b-db34-48bf-9e35-b813b81a7ed3,550e8400-e29b-41d4-a716-446655440056,18902,0000018902,a59df3ba-9789-4147-a450-29e56b0040c5,TXN-61670,61670,3,"Manila city, Jabonga, Agusan Del Norte",Maya,paid,Delivered,claim_at_branch,354.62,110.31,0,576.86,,,"{""source"":""web-checkout""}",2026-04-08T13:22:12.250932+00:00,2026-05-22T18:45:24.506219+00:00,,,true
383bda8e-870c-4024-a205-6976fc3aa02f,550e8400-e29b-41d4-a716-446655440011,19057,0000019057,d61ff307-c9d0-4864-bdc2-cce6764a9f4a,TXN-61750,61750,3,"Manila city, Jabonga, Agusan Del Norte",Cash on Delivery,paid,Delivered,scheduled,169.59,149.57,19.11,681.2,,,"{""source"":""web-checkout""}",2026-04-08T04:50:19.777634+00:00,2026-05-22T18:45:24.506219+00:00,,,true
a168f072-8bdc-4ab9-af85-1467a397b839,550e8400-e29b-41d4-a716-446655440044,18890,0000018890,a3c20350-3ec1-44f3-91dd-9662ba701a9d,TXN-61424,61424,3,"Blk 454 lot23, Malita, Davao Occidental",Maya,paid,Processing,scheduled,384.07,118.41,0,614.33,,,"{""source"":""web-checkout""}",2026-04-07T23:02:08.369934+00:00,2026-05-22T18:45:24.506219+00:00,,,true
186e90fe-0686-4bdb-826f-7f45e3ca7adc,550e8400-e29b-41d4-a716-446655440011,19107,0000019107,e18c4e11-9800-437b-af71-0aa9a41389f9,TXN-61332,61332,3,"Manila city, Jabonga, Agusan Del Norte",GCash,failed,Cancelled,scheduled,314.59,192.58,0,270.29,,,"{""source"":""web-checkout""}",2026-04-07T22:10:02.926457+00:00,2026-05-23T06:26:46.624031+00:00,Cleaned up stale pending session,2026-05-23T06:26:46.624031+00:00,true
2de51654-234f-4bc3-a8cb-f535c1bd3e91,550e8400-e29b-41d4-a716-446655440052,18498,0000018498,1b3ad14c-34f7-4d4a-be4d-8a629f754c74,TXN-61323,61323,3,"Miilionaires Village, Manila City, Metro Manila",Maya,paid,Cancelled,claim_at_branch,103.47,126.68,22.61,157.42,,,"{""source"":""web-checkout""}",2026-04-07T12:39:06.978214+00:00,2026-05-22T18:45:24.506219+00:00,,,true
d8938b39-8247-4973-92c5-5d178c1a742b,550e8400-e29b-41d4-a716-446655440048,18794,0000018794,8776a1a4-8c19-4eed-858d-c060e0e82318,TXN-61993,61993,3,"Quezon city greenfields, Quezon City, Metro Manila",Maya,paid,Processing,claim_at_branch,326.79,242.77,0,381.33,,,"{""source"":""web-checkout""}",2026-04-07T10:55:04.771517+00:00,2026-05-22T18:45:24.506219+00:00,,,true
d044c1b1-da45-4c5e-b23c-0956e92909d8,550e8400-e29b-41d4-a716-446655440040,18886,0000018886,a31467bc-60a6-40e2-ab3d-1cdbc3b5753e,TXN-61933,61933,3,"Pickup at Branch 3, Quezon Avenue, Quezon City",Maya,failed,Cancelled,claim_at_branch,205.28,147.55,0,319.94,,,"{""source"":""web-checkout""}",2026-04-07T07:39:31.615815+00:00,2026-05-23T06:26:46.624031+00:00,Cleaned up stale pending session,2026-05-23T06:26:46.624031+00:00,true
a0683243-59d0-4649-a1c7-4cf971382ace,550e8400-e29b-41d4-a716-446655440039,19035,0000019035,cf6fe4fc-6017-4db2-a9c3-4efba0055bb8,TXN-61488,61488,3,"Blk 454 lot23, Malita, Davao Occidental",GCash,paid,Processing,claim_at_branch,309.22,221.33,0,470.75,,,"{""source"":""web-checkout""}",2026-04-07T03:07:58.116951+00:00,2026-05-22T18:45:24.506219+00:00,,,true
e6d2f28b-0a14-45a1-8b21-4c22aa4c39fa,550e8400-e29b-41d4-a716-446655440023,18419,0000018419,03c47d31-46d1-46a3-8979-81d7016257b0,TXN-61856,61856,3,"Quezon city greenfields, Quezon City, Metro Manila",GCash,failed,Cancelled,scheduled,250.25,85.56,0,573.19,,,"{""source"":""web-checkout""}",2026-04-06T21:40:26.701796+00:00,2026-05-23T06:26:46.624031+00:00,Cleaned up stale pending session,2026-05-23T06:26:46.624031+00:00,true
a2447c72-098e-443a-a628-15f0b7be6283,550e8400-e29b-41d4-a716-446655440049,18995,0000018995,c09d6b8f-7e22-446c-9d02-e1c22c302b2e,TXN-61294,61294,3,"Blk 454 lot23, Malita, Davao Occidental",GCash,paid,Processing,scheduled,447.97,170.2,0,654.57,,,"{""source"":""web-checkout""}",2026-04-06T19:07:16.093924+00:00,2026-05-22T18:45:24.506219+00:00,,,true
182518c8-40f7-4886-8ebd-ad75963ce6ba,550e8400-e29b-41d4-a716-446655440033,18529,0000018529,262e2d51-b490-411b-94e8-6202fdbafe7e,TXN-61435,61435,3,"Quezon city greenfields, Quezon City, Metro Manila",Cash on Delivery,paid,Processing,scheduled,227.77,97.79,0,681.3,,,"{""source"":""web-checkout""}",2026-04-06T13:48:48.089433+00:00,2026-05-22T18:45:24.506219+00:00,,,true
39be7a6f-6554-4002-9bdd-e9b4a4427ee5,550e8400-e29b-41d4-a716-446655440037,19133,0000019133,e9e301e5-da08-4af4-a7b2-e46581351776,TXN-61772,61772,3,"Miilionaires Village, Manila City, Metro Manila",Cash on Delivery,paid,Cancelled,scheduled,58.95,76.39,0,297.62,,,"{""source"":""web-checkout""}",2026-04-06T00:11:32.973926+00:00,2026-05-22T18:45:24.506219+00:00,,,true
0963fae9-7000-46e8-aebb-e3a8dfc6794b,550e8400-e29b-41d4-a716-446655440011,18457,0000018457,0fba8c9c-7ce8-44ee-bc48-d82c53c4e785,TXN-61853,61853,3,"Manila city, Jabonga, Agusan Del Norte",Cash on Delivery,paid,Delivered,scheduled,104.26,231.7,15.09,692.44,,,"{""source"":""web-checkout""}",2026-04-05T22:20:11.922205+00:00,2026-05-22T18:45:24.506219+00:00,,,true
a1e7d29b-14d9-4f84-93f4-49f52a9d2e99,550e8400-e29b-41d4-a716-446655440020,18966,0000018966,b73708a7-41af-4776-93b3-b80bc6ed28ea,TXN-61944,61944,3,"Pickup at Branch 3, Quezon Avenue, Quezon City",Maya,paid,In Transit,scheduled,158.59,217.29,0,618.6,,,"{""source"":""web-checkout""}",2026-04-05T15:33:45.085984+00:00,2026-05-22T18:45:24.506219+00:00,,,true
89537e43-1cc4-4b73-9a03-d20fea66fc73,550e8400-e29b-41d4-a716-446655440026,18922,0000018922,aacb7738-490d-4a7b-b52d-c5c73ad915b3,TXN-61618,61618,3,"Manila city, Jabonga, Agusan Del Norte",Maya,paid,Delivered,scheduled,213.43,211.44,0,615.44,,,"{""source"":""web-checkout""}",2026-04-05T10:13:11.62086+00:00,2026-05-22T18:45:24.506219+00:00,,,true
fbdaaaa4-d5b6-406a-ac7c-503bba2f4547,550e8400-e29b-41d4-a716-446655440011,18607,0000018607,44103526-f03f-4dba-a045-20ab69148acc,TXN-61621,61621,3,"Manila city, Jabonga, Agusan Del Norte",GCash,failed,Cancelled,claim_at_branch,207.6,193.28,0,642.2,,,"{""source"":""web-checkout""}",2026-04-05T07:40:15.506808+00:00,2026-05-23T06:26:46.624031+00:00,Cleaned up stale pending session,2026-05-23T06:26:46.624031+00:00,true
b998a0a1-c3c3-42be-9857-34763745671e,550e8400-e29b-41d4-a716-446655440044,18690,0000018690,6428cfc9-d009-4450-950e-f3a45e1e0aa5,TXN-61604,61604,3,"Blk 454 lot23, Malita, Davao Occidental",Maya,paid,Processing,scheduled,252.2,131.85,25.52,679.93,,,"{""source"":""web-checkout""}",2026-04-05T05:04:33.650195+00:00,2026-05-22T18:45:24.506219+00:00,,,true
53e07ab0-f933-4e9a-8786-bd6e893e15d9,550e8400-e29b-41d4-a716-446655440014,18960,0000018960,b6510db9-b9e7-4bcd-8e92-9b9e4536f2e6,TXN-61267,61267,3,"Blk 454 lot23, Malita, Davao Occidental",Credit / Debit Card,paid,Processing,scheduled,415.75,226.22,0,637.44,,,"{""source"":""web-checkout""}",2026-04-04T18:09:55.586623+00:00,2026-05-22T18:45:24.506219+00:00,,,true
720c6942-259b-4fd4-8f56-9f1a7586152a,550e8400-e29b-41d4-a716-446655440030,18976,0000018976,bab99bf1-18d9-4548-b60f-49de117a25cf,TXN-61295,61295,3,"Pickup at Branch 3, Quezon Avenue, Quezon City",Credit / Debit Card,paid,In Transit,scheduled,157.09,105.48,0,285.13,,,"{""source"":""web-checkout""}",2026-04-04T15:11:22.925567+00:00,2026-05-22T18:45:24.506219+00:00,,,true
85defa6c-67fe-4d64-8af2-bfdcd3a522ae,550e8400-e29b-41d4-a716-446655440040,19136,0000019136,ea998027-3b9e-4926-acf4-a010bd454af0,TXN-61478,61478,3,"Pickup at Branch 3, Quezon Avenue, Quezon City",Credit / Debit Card,paid,In Transit,scheduled,277.8,207.42,0,272.35,,,"{""source"":""web-checkout""}",2026-04-04T15:05:56.626993+00:00,2026-05-22T18:45:24.506219+00:00,,,true
2ff4341c-95a6-4070-a0a7-daa6836965cf,550e8400-e29b-41d4-a716-446655440021,18417,0000018417,02f7a503-816a-4ce3-a64b-e9ea57ec1808,TXN-61348,61348,3,"Manila city, Jabonga, Agusan Del Norte",Cash on Delivery,paid,Delivered,claim_at_branch,74.09,181.44,0,254.68,,,"{""source"":""web-checkout""}",2026-04-04T02:11:09.291392+00:00,2026-05-22T18:45:24.506219+00:00,,,true
91bb705d-bf4e-461d-bf64-f9b3ca80ba5b,550e8400-e29b-41d4-a716-446655440054,18800,0000018800,89a8fddd-acf3-4dc2-9565-a4b76564e142,TXN-61421,61421,3,"Blk 454 lot23, Malita, Davao Occidental",Credit / Debit Card,paid,Processing,claim_at_branch,178.46,158.91,0,625.45,,,"{""source"":""web-checkout""}",2026-04-04T00:14:30.949134+00:00,2026-05-22T18:45:24.506219+00:00,,,true
f1b890c4-76fb-4b9f-b4eb-22746ea02d57,550e8400-e29b-41d4-a716-446655440054,18650,0000018650,559cd323-a675-4420-9fce-07a337d3fc40,TXN-61740,61740,3,"Blk 454 lot23, Malita, Davao Occidental",Maya,paid,Processing,claim_at_branch,262.01,214.53,0.67,202.97,,,"{""source"":""web-checkout""}",2026-04-04T00:14:00.131651+00:00,2026-05-22T18:45:24.506219+00:00,,,true
ab30b67a-bb3c-4177-ab05-c4180f917112,550e8400-e29b-41d4-a716-446655440033,19079,0000019079,db04acb0-b2a6-4be1-9c49-34c6f4b74109,TXN-61914,61914,3,"Quezon city greenfields, Quezon City, Metro Manila",GCash,paid,Processing,scheduled,283.41,182.72,0,509.52,,,"{""source"":""web-checkout""}",2026-04-04T00:04:30.141172+00:00,2026-05-22T18:45:24.506219+00:00,,,true
893851d3-1868-4059-a711-4e716a296a4b,550e8400-e29b-41d4-a716-446655440047,18893,0000018893,a40f0038-d6b3-4897-b2d8-29f192c92c97,TXN-61649,61649,3,"Miilionaires Village, Manila City, Metro Manila",Cash on Delivery,paid,Cancelled,scheduled,184.88,52.03,0,638.55,,,"{""source"":""web-checkout""}",2026-04-04T00:03:00.835368+00:00,2026-05-22T18:45:24.506219+00:00,,,true
0ac9bdd8-05ed-4d04-b97a-f9ae6577add3,550e8400-e29b-41d4-a716-446655440050,18446,0000018446,0cef8d10-3232-45fc-8196-32a36a4bcedb,TXN-61937,61937,3,"Pickup at Branch 3, Quezon Avenue, Quezon City",Maya,paid,In Transit,claim_at_branch,332.63,115.58,0,292.8,,,"{""source"":""web-checkout""}",2026-04-03T12:13:27.547141+00:00,2026-05-22T18:45:24.506219+00:00,,,true
a16798eb-019b-4fe8-9abe-8023efca62dc,550e8400-e29b-41d4-a716-446655440017,18613,0000018613,4584bd21-44f6-4593-917d-4a8e9e7e99f8,TXN-61351,61351,3,"Miilionaires Village, Manila City, Metro Manila",Cash on Delivery,paid,Cancelled,claim_at_branch,211.17,112.85,15.63,254.86,,,"{""source"":""web-checkout""}",2026-04-03T12:09:38.574587+00:00,2026-05-22T18:45:24.506219+00:00,,,true
ac783afd-db40-4f60-8091-22f6300d3763,550e8400-e29b-41d4-a716-446655440039,18585,0000018585,3b0d9da0-61a9-4973-adde-96fc7924ba13,TXN-61285,61285,3,"Blk 454 lot23, Malita, Davao Occidental",Cash on Delivery,paid,Processing,scheduled,218.3,215.68,0,610.28,,,"{""source"":""web-checkout""}",2026-04-03T11:13:07.397523+00:00,2026-05-22T18:45:24.506219+00:00,,,true
978b5cd1-6422-4277-b44d-ab550cd158d3,550e8400-e29b-41d4-a716-446655440013,19109,0000019109,e1d00d66-427a-483f-9b99-0b4706d24139,TXN-61491,61491,3,"Quezon city greenfields, Quezon City, Metro Manila",Cash on Delivery,paid,Processing,scheduled,262.1,85.91,0,216.13,,,"{""source"":""web-checkout""}",2026-04-03T08:38:03.960888+00:00,2026-05-22T18:45:24.506219+00:00,,,true
be82c8a0-ad60-403e-9a7f-5fa923ab73de,550e8400-e29b-41d4-a716-446655440010,18706,0000018706,6ae5d679-5839-4349-bf0a-606e00ae37c7,TXN-61803,61803,3,"Pickup at Branch 3, Quezon Avenue, Quezon City",Maya,paid,In Transit,claim_at_branch,291.66,132.57,0,443.34,,,"{""source"":""web-checkout""}",2026-04-03T07:49:08.405812+00:00,2026-05-22T18:45:24.506219+00:00,,,true
c9501a71-5362-45e6-84e4-c91dff6de6b7,550e8400-e29b-41d4-a716-446655440019,19165,0000019165,f37679af-3e8d-4592-95a7-b8a0456f488b,TXN-61956,61956,3,"Blk 454 lot23, Malita, Davao Occidental",Cash on Delivery,paid,Processing,scheduled,429.37,175.36,0,493.9,,,"{""source"":""web-checkout""}",2026-04-03T01:54:20.732376+00:00,2026-05-22T18:45:24.506219+00:00,,,true
38e1b282-805a-4caa-af1c-0bbcf29d0619,550e8400-e29b-41d4-a716-446655440034,19180,0000019180,f97d868b-75bf-40f3-8f05-2ad72d4580a6,TXN-61898,61898,3,"Blk 454 lot23, Malita, Davao Occidental",Credit / Debit Card,failed,Cancelled,scheduled,273.46,156.63,0,669.39,,,"{""source"":""web-checkout""}",2026-04-03T00:42:02.261982+00:00,2026-05-23T06:26:46.624031+00:00,Cleaned up stale pending session,2026-05-23T06:26:46.624031+00:00,true
335146d6-bf2e-4e8b-baf1-af21acc988f0,550e8400-e29b-41d4-a716-446655440057,18703,0000018703,69cd0440-9683-4813-91b2-20076eebbe8c,TXN-61530,61530,3,"Miilionaires Village, Manila City, Metro Manila",GCash,paid,Cancelled,scheduled,441.14,217.91,42.5,485.63,,,"{""source"":""web-checkout""}",2026-04-02T21:51:37.476072+00:00,2026-05-22T18:45:24.506219+00:00,,,true
f88c990a-be0f-487c-91ad-d13802b51b09,550e8400-e29b-41d4-a716-446655440036,18582,0000018582,3a70ad9f-d057-407b-a112-aed1881f4ad0,TXN-61718,61718,3,"Manila city, Jabonga, Agusan Del Norte",Maya,paid,Delivered,claim_at_branch,252.79,196.84,0,692.24,,,"{""source"":""web-checkout""}",2026-04-02T20:58:37.267213+00:00,2026-05-22T18:45:24.506219+00:00,,,true
6667bf11-00fd-4606-be09-9d4af9ae53b6,550e8400-e29b-41d4-a716-446655440051,19147,0000019147,edf0ed5d-2cd6-4abc-8fab-5c8b3da62943,TXN-61886,61886,3,"Manila city, Jabonga, Agusan Del Norte",GCash,paid,Delivered,scheduled,139.94,122.21,0,340.64,,,"{""source"":""web-checkout""}",2026-04-02T19:38:59.863707+00:00,2026-05-22T18:45:24.506219+00:00,,,true
7cfc505e-dbce-4dff-955f-29fe462a1a80,550e8400-e29b-41d4-a716-446655440029,19025,0000019025,cbfed174-febd-4c68-b3a0-5c954d81549f,TXN-61628,61628,3,"Blk 454 lot23, Malita, Davao Occidental",Cash on Delivery,paid,Processing,claim_at_branch,65.69,249.97,37.19,497.77,,,"{""source"":""web-checkout""}",2026-04-02T17:33:16.388775+00:00,2026-05-22T18:45:24.506219+00:00,,,true
c3c30546-1b41-4ca4-aaa1-4cf32e040ccb,550e8400-e29b-41d4-a716-446655440052,18798,0000018798,89832e76-7ba9-46f0-9b04-59eef3f03b86,TXN-61350,61350,3,"Miilionaires Village, Manila City, Metro Manila",Maya,paid,Cancelled,claim_at_branch,282.41,93.22,0,231.39,,,"{""source"":""web-checkout""}",2026-04-02T08:22:23.936804+00:00,2026-05-22T18:45:24.506219+00:00,,,true
b4a11fac-a17e-4f87-8d25-c65e7e422efc,550e8400-e29b-41d4-a716-446655440039,18835,0000018835,9306f807-b5cf-45be-b72b-1d9a97c28a8e,TXN-61982,61982,3,"Blk 454 lot23, Malita, Davao Occidental",GCash,paid,Processing,claim_at_branch,144.38,246.18,0,324.48,,,"{""source"":""web-checkout""}",2026-04-02T00:47:59.027022+00:00,2026-05-22T18:45:24.506219+00:00,,,true
dd5de847-403e-4f22-a82f-8dc11d4dbe25,550e8400-e29b-41d4-a716-446655440050,18596,0000018596,3d801036-1c13-4cb6-b781-ff60d7c1b89f,TXN-61499,61499,3,"Pickup at Branch 3, Quezon Avenue, Quezon City",Credit / Debit Card,paid,In Transit,claim_at_branch,77.16,154.18,0,665.43,,,"{""source"":""web-checkout""}",2026-04-01T22:28:10.743836+00:00,2026-05-22T18:45:24.506219+00:00,,,true
3994346b-c570-4f3c-a5fd-49cb06717e37,550e8400-e29b-41d4-a716-446655440026,19072,0000019072,da38d90b-6488-40dd-9cc0-b3cb35334053,TXN-61879,61879,3,"Manila city, Jabonga, Agusan Del Norte",Credit / Debit Card,paid,Delivered,scheduled,54.12,161.92,0,504.89,,,"{""source"":""web-checkout""}",2026-04-01T22:11:59.422438+00:00,2026-05-22T18:45:24.506219+00:00,,,true
ed92caf1-73ca-47d3-b7d0-bbbb60fdc6fa,550e8400-e29b-41d4-a716-446655440030,18476,0000018476,169e5e09-2a22-4f1d-8c3b-3ef72a91cf47,TXN-61681,61681,3,"Pickup at Branch 3, Quezon Avenue, Quezon City",Credit / Debit Card,failed,Cancelled,claim_at_branch,273.02,82.07,0,591.45,,,"{""source"":""web-checkout""}",2026-04-01T15:45:08.065128+00:00,2026-05-23T06:26:46.624031+00:00,Cleaned up stale pending session,2026-05-23T06:26:46.624031+00:00,true
a626ae84-1089-47ba-95b3-93188a468881,550e8400-e29b-41d4-a716-446655440043,18939,0000018939,aea3daaf-ecee-4b80-beb6-06fca54bcbd4,TXN-61243,61243,3,"Quezon city greenfields, Quezon City, Metro Manila",GCash,paid,Processing,scheduled,361.88,53.36,0,248.44,,,"{""source"":""web-checkout""}",2026-04-01T06:51:15.346777+00:00,2026-05-22T18:45:24.506219+00:00,,,true
a89abbf6-0a6c-458c-a091-e0dddd77037b,550e8400-e29b-41d4-a716-446655440034,18980,0000018980,bc7f2b90-1725-46a5-b536-590d40b9d06a,TXN-61769,61769,3,"Blk 454 lot23, Malita, Davao Occidental",Credit / Debit Card,paid,Processing,claim_at_branch,289.9,142.96,0,268.35,,,"{""source"":""web-checkout""}",2026-03-31T12:25:38.546533+00:00,2026-05-22T18:45:24.506219+00:00,,,true
ffdb40fa-3dc8-4d27-8d40-1a54bf9786b8,550e8400-e29b-41d4-a716-446655440046,18642,0000018642,51d7a15e-6c76-4902-8ef5-487b5a3971a9,TXN-61305,61305,3,"Manila city, Jabonga, Agusan Del Norte",Maya,failed,Cancelled,scheduled,307.35,242.83,0,652.4,,,"{""source"":""web-checkout""}",2026-03-31T11:19:46.554285+00:00,2026-05-23T06:26:46.624031+00:00,Cleaned up stale pending session,2026-05-23T06:26:46.624031+00:00,true
b42b61cc-1bd4-405e-b652-a78975bdc584,550e8400-e29b-41d4-a716-446655440018,18664,0000018664,5b0e7cc8-49bf-4630-a7fc-a5b34f3dd45a,TXN-61743,61743,3,"Quezon city greenfields, Quezon City, Metro Manila",Credit / Debit Card,paid,Processing,scheduled,60.36,67.51,0,454.51,,,"{""source"":""web-checkout""}",2026-03-31T09:44:31.06618+00:00,2026-05-22T18:45:24.506219+00:00,,,true
4c868d0d-deca-45c9-a287-611348092d7f,550e8400-e29b-41d4-a716-446655440033,18879,0000018879,a1b06f20-5a00-44e3-a36d-b8a6a48c0b0d,TXN-61761,61761,3,"Quezon city greenfields, Quezon City, Metro Manila",GCash,paid,Processing,scheduled,236.87,205.56,37.62,358.96,,,"{""source"":""web-checkout""}",2026-03-30T23:25:10.356732+00:00,2026-05-22T18:45:24.506219+00:00,,,true
41c40137-b05a-4721-9d38-c18d61c2a704,550e8400-e29b-41d4-a716-446655440014,18410,0000018410,01b47bc0-87d2-48e8-88c6-4be1aa77d729,TXN-61980,61980,3,"Blk 454 lot23, Malita, Davao Occidental",Maya,paid,Processing,claim_at_branch,357.28,166.23,1.99,487.37,,,"{""source"":""web-checkout""}",2026-03-30T21:35:21.356742+00:00,2026-05-22T18:45:24.506219+00:00,,,true
c5ce3ffc-35e6-4c74-8122-957774df9bf9,550e8400-e29b-41d4-a716-446655440052,18998,0000018998,c13870e6-4959-4521-8ed9-807ec578b615,TXN-61918,61918,3,"Miilionaires Village, Manila City, Metro Manila",Maya,paid,Cancelled,claim_at_branch,374.16,192.48,0,176.1,,,"{""source"":""web-checkout""}",2026-03-30T14:37:17.452183+00:00,2026-05-22T18:45:24.506219+00:00,,,true
24d786a8-99ea-486d-8178-4a4cfb1fbd9d,550e8400-e29b-41d4-a716-446655440045,18441,0000018441,0b1d1115-e0dc-404b-9161-b33893a7ebdd,TXN-61767,61767,3,"Pickup at Branch 3, Quezon Avenue, Quezon City",Cash on Delivery,paid,In Transit,scheduled,371.89,65.3,48.43,560.97,,,"{""source"":""web-checkout""}",2026-03-30T10:21:16.945602+00:00,2026-05-22T18:45:24.506219+00:00,,,true
392b8a77-8adf-4bf6-9f19-6149bdb33c4d,550e8400-e29b-41d4-a716-446655440030,19126,0000019126,e7c866bc-4016-4f3b-bcf5-02da304f0cab,TXN-61367,61367,3,"Pickup at Branch 3, Quezon Avenue, Quezon City",Maya,paid,In Transit,claim_at_branch,403.87,119.92,0,379.36,,,"{""source"":""web-checkout""}",2026-03-29T22:53:23.061216+00:00,2026-05-22T18:45:24.506219+00:00,,,true
bf51e475-380c-4584-8688-febcb3cf2d5b,550e8400-e29b-41d4-a716-446655440054,19150,0000019150,eeb48bcd-03b2-4986-943d-6bd3ef71857b,TXN-61516,61516,3,"Blk 454 lot23, Malita, Davao Occidental",Maya,paid,Processing,scheduled,433.46,162.56,0,255.2,,,"{""source"":""web-checkout""}",2026-03-29T22:24:41.839236+00:00,2026-05-22T18:45:24.506219+00:00,,,true
b8d60c29-4df2-4a81-9daa-aa79ebe9a23f,550e8400-e29b-41d4-a716-446655440048,19194,0000019194,fe3cd9db-9d2c-45aa-b0ef-9a1dce71255f,TXN-61703,61703,3,"Quezon city greenfields, Quezon City, Metro Manila",Maya,paid,Processing,scheduled,387.4,235.2,0,311.38,,,"{""source"":""web-checkout""}",2026-03-29T17:46:50.276607+00:00,2026-05-22T18:45:24.506219+00:00,,,true
92c49bc1-88e1-420b-aba2-4e98ac19f221,550e8400-e29b-41d4-a716-446655440043,18539,0000018539,2a23484f-ab03-43aa-9e3c-1c61a6d46c81,TXN-61693,61693,3,"Quezon city greenfields, Quezon City, Metro Manila",GCash,paid,Processing,scheduled,443.44,93.14,0,112.32,,,"{""source"":""web-checkout""}",2026-03-29T14:33:33.694713+00:00,2026-05-22T18:45:24.506219+00:00,,,true
4764c6fc-81e7-4089-8fd2-51a7718c3153,550e8400-e29b-41d4-a716-446655440038,19134,0000019134,ea755a1b-af64-454d-9b9f-945392f3ecc2,TXN-61496,61496,3,"Quezon city greenfields, Quezon City, Metro Manila",Maya,paid,Processing,scheduled,325.67,189.81,23.99,434.18,,,"{""source"":""web-checkout""}",2026-03-29T12:44:49.336413+00:00,2026-05-22T18:45:24.506219+00:00,,,true
eaad235d-56ed-40ea-ba89-17addd48d76b,550e8400-e29b-41d4-a716-446655440015,18761,0000018761,7df95138-ff18-455f-89af-429c85c9163b,TXN-61427,61427,3,"Pickup at Branch 3, Quezon Avenue, Quezon City",Cash on Delivery,paid,In Transit,scheduled,277.13,224.99,0,566.67,,,"{""source"":""web-checkout""}",2026-03-29T09:52:36.865574+00:00,2026-05-22T18:45:24.506219+00:00,,,true
a289ae93-c718-4e71-9504-fb0777487d27,550e8400-e29b-41d4-a716-446655440055,18551,0000018551,2e871363-b907-493f-b6cf-1f569a752c9e,TXN-61899,61899,3,"Pickup at Branch 3, Quezon Avenue, Quezon City",GCash,paid,In Transit,claim_at_branch,224.92,202.43,0,178.09,,,"{""source"":""web-checkout""}",2026-03-29T07:39:48.595526+00:00,2026-05-22T18:45:24.506219+00:00,,,true
504edbc4-1809-4b3f-873f-8124318837ec,550e8400-e29b-41d4-a716-446655440029,18675,0000018675,5ef18b9c-e637-4c00-a59f-12a75e68f38d,TXN-61465,61465,3,"Blk 454 lot23, Malita, Davao Occidental",GCash,failed,Cancelled,claim_at_branch,251.72,171.15,0,130.24,,,"{""source"":""web-checkout""}",2026-03-29T07:11:36.072644+00:00,2026-05-23T06:26:46.624031+00:00,Cleaned up stale pending session,2026-05-23T06:26:46.624031+00:00,true
45465590-3896-4c4c-8de6-7d429acb132d,550e8400-e29b-41d4-a716-446655440015,18911,0000018911,a79102fa-74f6-47b6-a9ef-9dd2ad338182,TXN-61518,61518,3,"Pickup at Branch 3, Quezon Avenue, Quezon City",GCash,paid,In Transit,scheduled,147.19,61,0,465.33,,,"{""source"":""web-checkout""}",2026-03-29T02:54:43.1386+00:00,2026-05-22T18:45:24.506219+00:00,,,true
7ec64acc-6224-442e-a6a5-f76e09af20c4,550e8400-e29b-41d4-a716-446655440052,18598,0000018598,3edcd5db-928c-47b0-99ab-a863172ef111,TXN-61345,61345,3,"Miilionaires Village, Manila City, Metro Manila",Maya,paid,Cancelled,scheduled,143.84,152,0,326.67,,,"{""source"":""web-checkout""}",2026-03-29T01:11:31.913444+00:00,2026-05-22T18:45:24.506219+00:00,,,true
701b2df3-1903-4d2a-b66e-c93e86caedfe,550e8400-e29b-41d4-a716-446655440053,18849,0000018849,995f5bcc-e7a0-44df-b1bc-8eb54927480d,TXN-61637,61637,3,"Quezon city greenfields, Quezon City, Metro Manila",Cash on Delivery,paid,Processing,claim_at_branch,402.61,238,15.93,289.63,,,"{""source"":""web-checkout""}",2026-03-29T01:04:30.835364+00:00,2026-05-22T18:45:24.506219+00:00,,,true
04b38eb2-feda-4a92-8678-cf530b32fadb,550e8400-e29b-41d4-a716-446655440011,19007,0000019007,c38980ad-265b-4e1d-9fa8-940a0d9262fa,TXN-61319,61319,3,"Manila city, Jabonga, Agusan Del Norte",GCash,paid,Delivered,scheduled,121.44,233.81,0,669.89,,,"{""source"":""web-checkout""}",2026-03-28T21:06:12.221597+00:00,2026-05-22T18:45:24.506219+00:00,,,true
ceb2534d-fd8b-4361-93d8-5595654980f4,550e8400-e29b-41d4-a716-446655440042,18788,0000018788,858617f3-35ce-43ca-8740-478d3b7044c0,TXN-61291,61291,3,"Miilionaires Village, Manila City, Metro Manila",Credit / Debit Card,paid,Cancelled,scheduled,439.04,249.84,20.27,186.5,,,"{""source"":""web-checkout""}",2026-03-28T04:43:20.409817+00:00,2026-05-22T18:45:24.506219+00:00,,,true
2774d723-f08e-44f3-843a-983e115edc41,550e8400-e29b-41d4-a716-446655440016,18412,0000018412,01db9d43-25d0-4938-907c-f399aa8c00b3,TXN-61622,61622,3,"Manila city, Jabonga, Agusan Del Norte",Credit / Debit Card,paid,Delivered,claim_at_branch,405.28,145.17,0,567.67,,,"{""source"":""web-checkout""}",2026-03-28T03:49:18.354064+00:00,2026-05-22T18:45:24.506219+00:00,,,true
887fc4dd-3cbc-4d3d-a818-b7010e241c1f,550e8400-e29b-41d4-a716-446655440010,18406,0000018406,000a97af-dae0-471d-a85d-c8b2c685ce4e,TXN-61882,61882,3,"Pickup at Branch 3, Quezon Avenue, Quezon City",Maya,paid,In Transit,scheduled,211.71,51.63,0,284.73,,,"{""source"":""web-checkout""}",2026-03-28T01:59:24.947035+00:00,2026-05-22T18:45:24.506219+00:00,,,true
3eeb0ad7-d07f-4158-a39d-75c61c027a4c,550e8400-e29b-41d4-a716-446655440016,18862,0000018862,9b220267-e3f9-4cce-806a-53e2664f83f9,TXN-61247,61247,3,"Manila city, Jabonga, Agusan Del Norte",Maya,paid,Delivered,scheduled,277.05,145.56,12.62,458.09,,,"{""source"":""web-checkout""}",2026-03-28T01:19:51.59208+00:00,2026-05-22T18:45:24.506219+00:00,,,true
4dcd043d-b4b9-4aa9-b5dc-c98ded612f75,550e8400-e29b-41d4-a716-446655440056,19002,0000019002,c2d07657-1f84-4126-9b8f-df1db0d7add5,TXN-61795,61795,3,"Manila city, Jabonga, Agusan Del Norte",Maya,paid,Delivered,scheduled,198.03,64.35,30.97,259.19,,,"{""source"":""web-checkout""}",2026-03-28T01:10:53.088016+00:00,2026-05-22T18:45:24.506219+00:00,,,true
1382095b-f0d9-4bb3-8045-bcf17a8b9fc6,550e8400-e29b-41d4-a716-446655440020,18716,0000018716,6e16dcc5-0a2a-458e-b817-0a5bd81b9461,TXN-61992,61992,3,"Pickup at Branch 3, Quezon Avenue, Quezon City",Credit / Debit Card,paid,In Transit,scheduled,346.09,81.59,0,269.65,,,"{""source"":""web-checkout""}",2026-03-27T21:48:25.347163+00:00,2026-05-22T18:45:24.506219+00:00,,,true
ad4db5ef-3252-4b8c-b3ff-affe160e5fb2,550e8400-e29b-41d4-a716-446655440019,18915,0000018915,a90163a4-ed1a-4527-b7a2-3c117b789a7e,TXN-61734,61734,3,"Blk 454 lot23, Malita, Davao Occidental",GCash,paid,Processing,scheduled,270.73,123.71,0,368.75,,,"{""source"":""web-checkout""}",2026-03-27T13:47:23.05949+00:00,2026-05-22T18:45:24.506219+00:00,,,true
a576fbd5-d19d-43b6-be1c-271626e396ff,550e8400-e29b-41d4-a716-446655440025,19121,0000019121,e71575ae-2651-445a-8480-2dbef6a86d2b,TXN-61238,61238,3,"Pickup at Branch 3, Quezon Avenue, Quezon City",Cash on Delivery,paid,In Transit,scheduled,248.51,83.54,0,669.59,,,"{""source"":""web-checkout""}",2026-03-27T07:44:42.699655+00:00,2026-05-22T18:45:24.506219+00:00,,,true
f7188ecf-aae1-4e33-98d6-1c816d5d9a7e,550e8400-e29b-41d4-a716-446655440053,18449,0000018449,0d63ce7d-2751-4cf4-beb6-60812d9d0e70,TXN-61347,61347,3,"Quezon city greenfields, Quezon City, Metro Manila",Cash on Delivery,failed,Cancelled,claim_at_branch,77.89,199.92,0,279.58,,,"{""source"":""web-checkout""}",2026-03-27T07:24:13.387237+00:00,2026-05-23T06:26:46.624031+00:00,Cleaned up stale pending session,2026-05-23T06:26:46.624031+00:00,true
c1989f86-419b-48ff-b7a2-aeff9324802e,550e8400-e29b-41d4-a716-446655440047,18643,0000018643,51de79d1-b64f-49fe-bb8d-87cf967cf00d,TXN-61209,61209,3,"Miilionaires Village, Manila City, Metro Manila",GCash,paid,Cancelled,claim_at_branch,443.27,64.32,9.53,558.49,,,"{""source"":""web-checkout""}",2026-03-27T04:13:18.445731+00:00,2026-05-22T18:45:24.506219+00:00,,,true
a12db07b-0b7c-409b-8109-25c9862c9e4e,550e8400-e29b-41d4-a716-446655440022,18668,0000018668,5d04345f-799f-4023-85fd-eb8a2eb2fced,TXN-61287,61287,3,"Miilionaires Village, Manila City, Metro Manila",Credit / Debit Card,paid,Cancelled,scheduled,357.14,198.77,0,270.21,,,"{""source"":""web-checkout""}",2026-03-27T03:14:03.369516+00:00,2026-05-22T18:45:24.506219+00:00,,,true
0ff08bf2-ec30-4f1f-b2a8-83e212ee1fe6,550e8400-e29b-41d4-a716-446655440050,18546,0000018546,2caa6de2-341a-4d12-8be0-f18d9418f228,TXN-61364,61364,3,"Pickup at Branch 3, Quezon Avenue, Quezon City",Maya,paid,In Transit,scheduled,85.97,224,0,620.48,,,"{""source"":""web-checkout""}",2026-03-26T21:56:13.129539+00:00,2026-05-22T18:45:24.506219+00:00,,,true
d50c4ecf-c59e-4f19-8e5c-fe98aa44a679,550e8400-e29b-41d4-a716-446655440012,19158,0000019158,f13cc61c-87ba-46ff-ac3c-f08952de68be,TXN-61419,61419,3,"Miilionaires Village, Manila City, Metro Manila",Maya,paid,Cancelled,scheduled,106.53,144.6,0,688.7,,,"{""source"":""web-checkout""}",2026-03-26T09:57:16.862728+00:00,2026-05-22T18:45:24.506219+00:00,,,true
b82da2b1-a27c-432b-9504-ab161d4e61ab,550e8400-e29b-41d4-a716-446655440038,18984,0000018984,bd900ecf-08f0-43c9-92ed-8190daf96233,TXN-61551,61551,3,"Quezon city greenfields, Quezon City, Metro Manila",Credit / Debit Card,paid,Processing,scheduled,349.6,100.22,32.82,180.23,,,"{""source"":""web-checkout""}",2026-03-26T04:37:23.590974+00:00,2026-05-22T18:45:24.506219+00:00,,,true
d109ea41-9132-4b99-8c7d-89aa352033da,550e8400-e29b-41d4-a716-446655440057,18553,0000018553,2ed6755a-f962-4fbb-b34f-e892e04c4fe3,TXN-61362,61362,3,"Miilionaires Village, Manila City, Metro Manila",Cash on Delivery,paid,Cancelled,claim_at_branch,321.92,72.18,0,313.57,,,"{""source"":""web-checkout""}",2026-03-26T03:22:27.585193+00:00,2026-05-22T18:45:24.506219+00:00,,,true
964005f3-259f-4712-89f8-fc559766bb23,550e8400-e29b-41d4-a716-446655440059,18905,0000018905,a6cf906a-1b35-498e-92fb-19faeb10c92e,TXN-61994,61994,3,"Blk 454 lot23, Malita, Davao Occidental",Cash on Delivery,paid,Processing,scheduled,257.12,166.17,0,613.78,,,"{""source"":""web-checkout""}",2026-03-25T19:32:46.477522+00:00,2026-05-22T18:45:24.506219+00:00,,,true
30aefd84-2e33-47dc-a6a5-7c098d015ef9,550e8400-e29b-41d4-a716-446655440013,18859,0000018859,9af851f8-aa0a-477d-96f6-2ff0ed28c609,TXN-61386,61386,3,"Quezon city greenfields, Quezon City, Metro Manila",GCash,paid,Processing,claim_at_branch,385.32,75.35,0,300.88,,,"{""source"":""web-checkout""}",2026-03-25T17:20:14.045951+00:00,2026-05-22T18:45:24.506219+00:00,,,true
05a32bd7-22ea-49fe-8521-a7a9b5b6e170,550e8400-e29b-41d4-a716-446655440058,18954,0000018954,b46ed1ba-e6f6-47c6-9da1-8016642ad16f,TXN-61500,61500,3,"Quezon city greenfields, Quezon City, Metro Manila",Maya,paid,Processing,scheduled,411.56,119.74,0,274.65,,,"{""source"":""web-checkout""}",2026-03-25T03:41:20.062709+00:00,2026-05-22T18:45:24.506219+00:00,,,true
c691e033-0bf9-4626-8191-fd7fc7ad14bb,550e8400-e29b-41d4-a716-446655440055,19151,0000019151,eefafdaa-5a99-4558-9286-39a621cd1590,TXN-61340,61340,3,"Pickup at Branch 3, Quezon Avenue, Quezon City",GCash,paid,In Transit,claim_at_branch,336.97,103.1,0,360.16,,,"{""source"":""web-checkout""}",2026-03-25T03:21:35.252028+00:00,2026-05-22T18:45:24.506219+00:00,,,true
00d4ec73-020b-4f86-a611-69f1f6cba9df,550e8400-e29b-41d4-a716-446655440018,18964,0000018964,b6da64ef-67fe-4a51-83bd-911b46ff4eba,TXN-61358,61358,3,"Quezon city greenfields, Quezon City, Metro Manila",Credit / Debit Card,paid,Processing,scheduled,273.02,182.36,0,237.83,,,"{""source"":""web-checkout""}",2026-03-24T20:46:39.144554+00:00,2026-05-22T18:45:24.506219+00:00,,,true
441ea889-692f-48a3-b64c-d8517e9e6f6d,550e8400-e29b-41d4-a716-446655440018,18814,0000018814,8ced0f76-8f20-4f86-b9a0-106db46bf949,TXN-61904,61904,3,"Quezon city greenfields, Quezon City, Metro Manila",Maya,paid,Processing,claim_at_branch,99.86,64.8,0,247.47,,,"{""source"":""web-checkout""}",2026-03-24T09:06:08.250789+00:00,2026-05-22T18:45:24.506219+00:00,,,true
6fcdc05c-f9aa-4c6c-808a-78b36fb51867,550e8400-e29b-41d4-a716-446655440021,18967,0000018967,b7c39387-2563-4b0e-ab91-e200e53db05f,TXN-61324,61324,3,"Manila city, Jabonga, Agusan Del Norte",GCash,paid,Delivered,scheduled,111.18,178,39.21,582.67,,,"{""source"":""web-checkout""}",2026-03-23T23:07:37.393597+00:00,2026-05-22T18:45:24.506219+00:00,,,true
1f8b307e-726d-4375-8073-0e56ca6c3d30,550e8400-e29b-41d4-a716-446655440044,19190,0000019190,fcc03456-84f4-4b46-8b72-b9e915bad940,TXN-61449,61449,3,"Blk 454 lot23, Malita, Davao Occidental",Maya,paid,Processing,scheduled,105.4,178.61,0,659.85,,,"{""source"":""web-checkout""}",2026-03-23T18:23:44.627556+00:00,2026-05-22T18:45:24.506219+00:00,,,true
f3625a18-04d7-4484-a7a8-896607a2382a,550e8400-e29b-41d4-a716-446655440022,18868,0000018868,9cc39d3d-9fd3-46c6-be02-f61f62100118,TXN-61220,61220,3,"Miilionaires Village, Manila City, Metro Manila",Credit / Debit Card,paid,Cancelled,scheduled,206.66,115.38,0,623.38,,,"{""source"":""web-checkout""}",2026-03-23T14:40:54.566693+00:00,2026-05-22T18:45:24.506219+00:00,,,true
a98ba38b-50d6-4492-8540-678210d1283f,550e8400-e29b-41d4-a716-446655440049,18795,0000018795,880e3b24-5262-4d32-ab55-89962d3761e8,TXN-61892,61892,3,"Blk 454 lot23, Malita, Davao Occidental",GCash,paid,Processing,scheduled,446.08,142.35,0,181.3,,,"{""source"":""web-checkout""}",2026-03-23T14:38:30.701076+00:00,2026-05-22T18:45:24.506219+00:00,,,true
cff03174-9072-4030-8977-8d91f72cd7b8,550e8400-e29b-41d4-a716-446655440039,19085,0000019085,dd739243-dcd6-4c39-a32e-d20006ecbac5,TXN-61222,61222,3,"Blk 454 lot23, Malita, Davao Occidental",Cash on Delivery,paid,Processing,claim_at_branch,388.79,188.59,0,392.47,,,"{""source"":""web-checkout""}",2026-03-23T12:36:55.798453+00:00,2026-05-22T18:45:24.506219+00:00,,,true
16e4c5f6-335c-4b01-b453-309b67d0452c,550e8400-e29b-41d4-a716-446655440048,18544,0000018544,2c775781-74db-49d7-a660-b3e6c16ab19e,TXN-61410,61410,3,"Quezon city greenfields, Quezon City, Metro Manila",Credit / Debit Card,paid,Processing,scheduled,251.77,227.88,0,510.33,,,"{""source"":""web-checkout""}",2026-03-23T12:07:29.506346+00:00,2026-05-22T18:45:24.506219+00:00,,,true
12073ab8-6c9a-41a8-bf33-857f8a4942f8,550e8400-e29b-41d4-a716-446655440045,18791,0000018791,86a7645b-3884-4813-a838-36190cdea679,TXN-61574,61574,3,"Pickup at Branch 3, Quezon Avenue, Quezon City",GCash,failed,Cancelled,scheduled,430.59,75.24,0,383.83,,,"{""source"":""web-checkout""}",2026-03-23T06:03:02.118597+00:00,2026-05-23T06:26:46.624031+00:00,Cleaned up stale pending session,2026-05-23T06:26:46.624031+00:00,true
2d572a5d-31c0-4b11-8f0d-82229e6be247,550e8400-e29b-41d4-a716-446655440012,18608,0000018608,443c8fec-bec2-4959-bfa2-dd800ddc3ef7,TXN-61521,61521,3,"Miilionaires Village, Manila City, Metro Manila",Credit / Debit Card,paid,Cancelled,claim_at_branch,258.46,187.46,0,470.73,,,"{""source"":""web-checkout""}",2026-03-23T06:00:43.940356+00:00,2026-05-22T18:45:24.506219+00:00,,,true
9ac231a9-2cd3-4fa6-aaf0-b7faad82b25f,550e8400-e29b-41d4-a716-446655440049,18645,0000018645,53cadd2a-6604-474a-98d4-4fb3306b0e88,TXN-61237,61237,3,"Blk 454 lot23, Malita, Davao Occidental",Cash on Delivery,paid,Processing,scheduled,288.35,167.56,2.24,168.75,,,"{""source"":""web-checkout""}",2026-03-22T23:43:18.142382+00:00,2026-05-22T18:45:24.506219+00:00,,,true
1d9d5212-2333-4ea5-9fa6-c498230f6b46,550e8400-e29b-41d4-a716-446655440016,18612,0000018612,451aa9f2-9c0c-4e0a-8879-e48eba96d97f,TXN-61433,61433,3,"Manila city, Jabonga, Agusan Del Norte",Credit / Debit Card,paid,Delivered,claim_at_branch,241.32,233.48,0,589.89,,,"{""source"":""web-checkout""}",2026-03-22T22:39:04.857501+00:00,2026-05-22T18:45:24.506219+00:00,,,true
1f514ac4-faf3-4085-8c70-6c9464fd9e0b,550e8400-e29b-41d4-a716-446655440028,18924,0000018924,ab407597-4179-4a4b-8771-a1e87d38b350,TXN-61278,61278,3,"Quezon city greenfields, Quezon City, Metro Manila",Credit / Debit Card,paid,Processing,scheduled,360.28,143.19,0,144.51,,,"{""source"":""web-checkout""}",2026-03-22T19:16:08.739198+00:00,2026-05-22T18:45:24.506219+00:00,,,true
b29b62b9-8b43-4995-8d68-e49abb7cef24,550e8400-e29b-41d4-a716-446655440044,18440,0000018440,0b1128c5-d70c-46dd-987a-0e5b1210efd1,TXN-61979,61979,3,"Blk 454 lot23, Malita, Davao Occidental",Credit / Debit Card,paid,Processing,scheduled,138.88,118.24,0,168.27,,,"{""source"":""web-checkout""}",2026-03-22T18:32:54.141843+00:00,2026-05-22T18:45:24.506219+00:00,,,true
d062edbb-9fca-4d40-9be1-4d2da8c56d9a,550e8400-e29b-41d4-a716-446655440013,18809,0000018809,8c4dc44f-b36c-4ee9-8af4-8be2f81460b2,TXN-61700,61700,3,"Quezon city greenfields, Quezon City, Metro Manila",Cash on Delivery,paid,Processing,scheduled,307.05,76.17,34.83,110.4,,,"{""source"":""web-checkout""}",2026-03-22T12:40:33.798868+00:00,2026-05-22T18:45:24.506219+00:00,,,true
0af1be7c-74c7-4b13-998a-8b27c0ae4e6c,550e8400-e29b-41d4-a716-446655440037,18633,0000018633,4ee030b2-4af6-4589-aa45-f5173a365400,TXN-61581,61581,3,"Miilionaires Village, Manila City, Metro Manila",Cash on Delivery,paid,Cancelled,claim_at_branch,291.87,219.23,0,360.08,,,"{""source"":""web-checkout""}",2026-03-21T22:19:51.710931+00:00,2026-05-22T18:45:24.506219+00:00,,,true
7962a762-1f5c-4932-b1fa-fa4ef77c8a3a,550e8400-e29b-41d4-a716-446655440059,19005,0000019005,c30433f8-2c5b-499c-a368-e4d4640f8092,TXN-61950,61950,3,"Blk 454 lot23, Malita, Davao Occidental",Cash on Delivery,paid,Processing,scheduled,419.21,94.87,38.62,487.7,,,"{""source"":""web-checkout""}",2026-03-21T21:56:03.365126+00:00,2026-05-22T18:45:24.506219+00:00,,,true
a4c308b5-b82f-496c-b920-e9060d45cc7a,550e8400-e29b-41d4-a716-446655440037,18783,0000018783,84445695-caae-40b4-b0ce-e93133ee395a,TXN-61972,61972,3,"Miilionaires Village, Manila City, Metro Manila",GCash,paid,Cancelled,claim_at_branch,281.56,214,19.49,208.2,,,"{""source"":""web-checkout""}",2026-03-21T19:12:56.09508+00:00,2026-05-22T18:45:24.506219+00:00,,,true
55783731-0f2e-477b-b6ac-113f3fc61b7c,550e8400-e29b-41d4-a716-446655440019,19115,0000019115,e4c1aa27-7361-4171-aeac-05d322c662c7,TXN-61931,61931,3,"Blk 454 lot23, Malita, Davao Occidental",GCash,paid,Processing,claim_at_branch,395.6,237.07,0,367.37,,,"{""source"":""web-checkout""}",2026-03-21T12:06:47.215813+00:00,2026-05-22T18:45:24.506219+00:00,,,true
ef9fa61b-f73f-4c62-b467-cc74b4b76658,550e8400-e29b-41d4-a716-446655440059,18755,0000018755,7c4e4a51-d25d-4349-ba05-d02c95851cb6,TXN-61606,61606,3,"Blk 454 lot23, Malita, Davao Occidental",GCash,paid,Processing,scheduled,93.65,225.47,0,244.4,,,"{""source"":""web-checkout""}",2026-03-21T11:23:14.878591+00:00,2026-05-22T18:45:24.506219+00:00,,,true
f4fe5b1a-2cb2-4f4e-a657-923c2bbef9a3,550e8400-e29b-41d4-a716-446655440032,18978,0000018978,bc02efca-71b2-409f-9a30-6ad7d6ee2b67,TXN-61602,61602,3,"Miilionaires Village, Manila City, Metro Manila",Maya,paid,Cancelled,claim_at_branch,74.18,55.12,0,179.24,,,"{""source"":""web-checkout""}",2026-03-21T10:08:13.701694+00:00,2026-05-22T18:45:24.506219+00:00,,,true
f728696f-faa7-4dea-9229-77b04a1f59f4,550e8400-e29b-41d4-a716-446655440056,18952,0000018952,b3daf8ec-faa3-46bb-8700-d49135a6dc72,TXN-61417,61417,3,"Manila city, Jabonga, Agusan Del Norte",Credit / Debit Card,failed,Cancelled,scheduled,335.13,121.17,0,330.18,,,"{""source"":""web-checkout""}",2026-03-21T09:19:49.269712+00:00,2026-05-23T06:26:46.624031+00:00,Cleaned up stale pending session,2026-05-23T06:26:46.624031+00:00,true
8465fd5e-98db-4a97-8b6c-7c111f20ea40,550e8400-e29b-41d4-a716-446655440012,18808,0000018808,8beab25f-46c4-44a5-9295-1921bec0eeb6,TXN-61774,61774,3,"Miilionaires Village, Manila City, Metro Manila",Credit / Debit Card,paid,Cancelled,scheduled,121.61,239.12,0,425.17,,,"{""source"":""web-checkout""}",2026-03-21T01:25:25.919662+00:00,2026-05-22T18:45:24.506219+00:00,,,true
b8e1faf8-f169-4048-806b-a733b7462e7c,550e8400-e29b-41d4-a716-446655440043,18589,0000018589,3becd3cb-64da-4d3a-8465-c1ad6dfb7b0f,TXN-61873,61873,3,"Quezon city greenfields, Quezon City, Metro Manila",Cash on Delivery,paid,Processing,claim_at_branch,198.8,138.33,0,235.59,,,"{""source"":""web-checkout""}",2026-03-20T09:54:16.198046+00:00,2026-05-22T18:45:24.506219+00:00,,,true
074f5301-df76-45a3-9893-2eb1f56b8855,550e8400-e29b-41d4-a716-446655440019,18665,0000018665,5b626654-3ce2-4acf-a3e0-4eeabd8ef905,TXN-61201,61201,3,"Blk 454 lot23, Malita, Davao Occidental",Cash on Delivery,failed,Cancelled,claim_at_branch,145.8,125.37,26.72,430.23,,,"{""source"":""web-checkout""}",2026-03-20T07:14:26.49025+00:00,2026-05-23T06:26:46.624031+00:00,Cleaned up stale pending session,2026-05-23T06:26:46.624031+00:00,true
f8cf3ff9-0f3f-41b5-b5fd-845da168fe01,550e8400-e29b-41d4-a716-446655440042,18738,0000018738,745ea008-ea08-49c6-a983-e0d2a01bf040,TXN-61630,61630,3,"Miilionaires Village, Manila City, Metro Manila",Maya,paid,Cancelled,claim_at_branch,449.48,216.43,0,281.99,,,"{""source"":""web-checkout""}",2026-03-20T07:10:19.745331+00:00,2026-05-22T18:45:24.506219+00:00,,,true
1dd6e21a-3a00-4ab2-8ce4-ca735b22717a,550e8400-e29b-41d4-a716-446655440013,19059,0000019059,d69c2be0-fec6-4376-9abe-f1f936359c6c,TXN-61431,61431,3,"Quezon city greenfields, Quezon City, Metro Manila",GCash,paid,Processing,scheduled,348.02,122.5,0,184.64,,,"{""source"":""web-checkout""}",2026-03-20T02:21:04.55088+00:00,2026-05-22T18:45:24.506219+00:00,,,true
b53e75e0-616b-4fa2-a0ca-e03535817721,550e8400-e29b-41d4-a716-446655440048,18744,0000018744,7586e615-6077-41c1-aa5e-616c3f5f10fa,TXN-61647,61647,3,"Quezon city greenfields, Quezon City, Metro Manila",Credit / Debit Card,paid,Processing,claim_at_branch,61.45,178.62,0,696.31,,,"{""source"":""web-checkout""}",2026-03-19T23:36:07.430092+00:00,2026-05-22T18:45:24.506219+00:00,,,true
5279e757-8f76-4a92-bd9f-69388f1cf3bb,550e8400-e29b-41d4-a716-446655440022,18918,0000018918,aa0db4f6-dc33-45ab-b638-67cccf6c5a8f,TXN-61878,61878,3,"Miilionaires Village, Manila City, Metro Manila",Maya,paid,Cancelled,scheduled,274.02,170.35,0,124.66,,,"{""source"":""web-checkout""}",2026-03-19T22:14:00.650745+00:00,2026-05-22T18:45:24.506219+00:00,,,true
7a789773-1841-4ee5-9c45-d3a337016c6c,550e8400-e29b-41d4-a716-446655440043,18639,0000018639,5114952a-8e9a-4564-937b-f52aa517f324,TXN-61377,61377,3,"Quezon city greenfields, Quezon City, Metro Manila",GCash,paid,Processing,scheduled,100.57,197.35,35.29,349.88,,,"{""source"":""web-checkout""}",2026-03-19T11:16:04.435823+00:00,2026-05-22T18:45:24.506219+00:00,,,true
2cf72071-08ee-4eab-927a-9a3e8e39a245,550e8400-e29b-41d4-a716-446655440057,19053,0000019053,d5123ad8-635f-4b4c-976d-318cb050df43,TXN-61281,61281,3,"Miilionaires Village, Manila City, Metro Manila",Cash on Delivery,paid,Cancelled,scheduled,159.8,86.62,0,592.96,,,"{""source"":""web-checkout""}",2026-03-19T08:42:35.420989+00:00,2026-05-22T18:45:24.506219+00:00,,,true
a002411c-c540-4a62-85f7-f70d96f09b9f,550e8400-e29b-41d4-a716-446655440020,18666,0000018666,5c3435db-6865-4f3b-aaad-b4427ef008d6,TXN-61434,61434,3,"Pickup at Branch 3, Quezon Avenue, Quezon City",Maya,paid,In Transit,claim_at_branch,200.53,65.37,0,667.35,,,"{""source"":""web-checkout""}",2026-03-19T03:48:41.238143+00:00,2026-05-22T18:45:24.506219+00:00,,,true
466cd55d-2b24-4780-8556-0b62fc75acc4,550e8400-e29b-41d4-a716-446655440048,18994,0000018994,c09174a3-6469-48c2-9479-77a58b854eb0,TXN-61464,61464,3,"Quezon city greenfields, Quezon City, Metro Manila",Maya,paid,Processing,scheduled,281.04,191.59,0,373.21,,,"{""source"":""web-checkout""}",2026-03-18T12:26:04.934862+00:00,2026-05-22T18:45:24.506219+00:00,,,true
d9237fda-30ad-4764-a741-134e11bd28ee,550e8400-e29b-41d4-a716-446655440054,18950,0000018950,b39234b5-c672-4ff0-8b69-7ea5c7c7acaf,TXN-61877,61877,3,"Blk 454 lot23, Malita, Davao Occidental",Maya,failed,Cancelled,scheduled,324.28,218.12,21.85,376.72,,,"{""source"":""web-checkout""}",2026-03-18T11:47:39.320108+00:00,2026-05-23T06:26:46.624031+00:00,Cleaned up stale pending session,2026-05-23T06:26:46.624031+00:00,true
e8e01579-7f6b-4a06-b735-bf82a5440500,550e8400-e29b-41d4-a716-446655440056,18602,0000018602,41bfc508-30cd-49aa-80ca-2e229a197f9f,TXN-61851,61851,3,"Manila city, Jabonga, Agusan Del Norte",Maya,paid,Delivered,claim_at_branch,399.04,140.41,0,253.75,,,"{""source"":""web-checkout""}",2026-03-18T08:48:41.296929+00:00,2026-05-22T18:45:24.506219+00:00,,,true
b028e496-617f-46c8-8555-89a83b03af64,550e8400-e29b-41d4-a716-446655440017,18713,0000018713,6d72121c-6188-4204-87a7-419d87a534df,TXN-61216,61216,3,"Miilionaires Village, Manila City, Metro Manila",Cash on Delivery,paid,Cancelled,scheduled,327.52,237.64,0,603.9,,,"{""source"":""web-checkout""}",2026-03-18T06:16:49.801265+00:00,2026-05-22T18:45:24.506219+00:00,,,true
4a1e4f23-ab58-4ef0-b4de-941f587416d9,550e8400-e29b-41d4-a716-446655440040,18636,0000018636,4fc7f0a4-83ab-49cb-b7c6-6d91d8473133,TXN-61495,61495,3,"Pickup at Branch 3, Quezon Avenue, Quezon City",Credit / Debit Card,paid,In Transit,scheduled,210.44,246.78,5.92,275.91,,,"{""source"":""web-checkout""}",2026-03-18T05:10:36.501232+00:00,2026-05-22T18:45:24.506219+00:00,,,true
887877e8-7eb4-482a-86e3-b23134d342da,550e8400-e29b-41d4-a716-446655440047,19193,0000019193,fdaa58e4-77d9-4cf2-b5fc-18ec7ad2b7a4,TXN-61537,61537,3,"Miilionaires Village, Manila City, Metro Manila",Cash on Delivery,paid,Cancelled,scheduled,327.21,111.64,0,293.86,,,"{""source"":""web-checkout""}",2026-03-18T01:06:31.368787+00:00,2026-05-22T18:45:24.506219+00:00,,,true
c9a8020d-3112-42ef-895a-f4db477d2e1c,550e8400-e29b-41d4-a716-446655440017,18863,0000018863,9b738330-77b8-4d70-bbe6-6e32b428d178,TXN-61520,61520,3,"Miilionaires Village, Manila City, Metro Manila",GCash,paid,Cancelled,scheduled,333.34,117.47,0,658.65,,,"{""source"":""web-checkout""}",2026-03-17T23:28:07.319283+00:00,2026-05-22T18:45:24.506219+00:00,,,true
a7f95e32-c7c9-4c2f-be5c-512b949b08df,550e8400-e29b-41d4-a716-446655440021,19067,0000019067,d8b8b598-95c1-4caa-9d90-c7c3bd7acb55,TXN-61719,61719,3,"Manila city, Jabonga, Agusan Del Norte",GCash,paid,Delivered,scheduled,107.76,83.67,0,182.99,,,"{""source"":""web-checkout""}",2026-03-17T22:22:37.76915+00:00,2026-05-22T18:45:24.506219+00:00,,,true
a9d48ffc-8a7d-47f8-83e9-e967566d73d4,550e8400-e29b-41d4-a716-446655440028,18724,0000018724,712d0f04-1b97-49d1-b454-9b93a3702041,TXN-61961,61961,3,"Quezon city greenfields, Quezon City, Metro Manila",Credit / Debit Card,paid,Processing,claim_at_branch,288.88,134.72,0,651.15,,,"{""source"":""web-checkout""}",2026-03-17T19:51:10.262034+00:00,2026-05-22T18:45:24.506219+00:00,,,true
4c3951cd-8312-4633-8972-1885c452efd9,550e8400-e29b-41d4-a716-446655440025,18671,0000018671,5def4eb9-4155-4316-85a3-0a86a920d40a,TXN-61919,61919,3,"Pickup at Branch 3, Quezon Avenue, Quezon City",GCash,failed,Cancelled,claim_at_branch,247.83,234.92,0,180.79,,,"{""source"":""web-checkout""}",2026-03-17T13:43:41.723256+00:00,2026-05-23T06:26:46.624031+00:00,Cleaned up stale pending session,2026-05-23T06:26:46.624031+00:00,true
43f332fb-ca78-4530-9e36-d3eae54ab6c6,550e8400-e29b-41d4-a716-446655440041,18487,0000018487,18e03c52-3702-4bb8-8bff-cec44b30eed0,TXN-61902,61902,3,"Manila city, Jabonga, Agusan Del Norte",GCash,failed,Cancelled,scheduled,237.74,139.86,0,593.13,,,"{""source"":""web-checkout""}",2026-03-17T10:14:47.083956+00:00,2026-05-23T06:26:46.624031+00:00,Cleaned up stale pending session,2026-05-23T06:26:46.624031+00:00,true
128891b8-5d96-4df4-b751-86530c463041,550e8400-e29b-41d4-a716-446655440027,18573,0000018573,379f96e4-6287-4bad-934d-3298644a5e07,TXN-61369,61369,3,"Miilionaires Village, Manila City, Metro Manila",Cash on Delivery,paid,Cancelled,claim_at_branch,210.44,60.63,0,146.51,,,"{""source"":""web-checkout""}",2026-03-17T09:14:47.604494+00:00,2026-05-22T18:45:24.506219+00:00,,,true
0fcf7bcd-cd48-4307-8800-310e604cf0e2,550e8400-e29b-41d4-a716-446655440036,18432,0000018432,07199c32-f96f-426b-804b-33408b2270fc,TXN-61361,61361,3,"Manila city, Jabonga, Agusan Del Norte",Credit / Debit Card,paid,Delivered,claim_at_branch,367.56,136.97,0,231.38,,,"{""source"":""web-checkout""}",2026-03-17T04:44:25.741825+00:00,2026-05-22T18:45:24.506219+00:00,,,true
5dd93949-c8d0-4e1a-91d4-e2ad50cd1511,550e8400-e29b-41d4-a716-446655440024,18920,0000018920,aa6817e1-418a-4dc9-8f1a-7045c8e3933c,TXN-61266,61266,3,"Blk 454 lot23, Malita, Davao Occidental",Credit / Debit Card,failed,Cancelled,claim_at_branch,395.47,84.92,0,375.1,,,"{""source"":""web-checkout""}",2026-03-16T15:19:48.680665+00:00,2026-05-23T06:26:46.624031+00:00,Cleaned up stale pending session,2026-05-23T06:26:46.624031+00:00,true
76216d8d-9149-4d3e-85a6-284076c71e88,550e8400-e29b-41d4-a716-446655440021,18867,0000018867,9cb75ca0-8dbb-4161-8384-1e387f11c046,TXN-61823,61823,3,"Manila city, Jabonga, Agusan Del Norte",GCash,paid,Delivered,scheduled,405.03,51.7,6.7,654.12,,,"{""source"":""web-checkout""}",2026-03-16T14:49:59.069434+00:00,2026-05-22T18:45:24.506219+00:00,,,true
060294cb-b5fd-4e1b-aad6-2f1666844575,550e8400-e29b-41d4-a716-446655440058,18454,0000018454,0ededf71-7453-4674-b335-a38e54c46588,TXN-61893,61893,3,"Quezon city greenfields, Quezon City, Metro Manila",Maya,paid,Processing,claim_at_branch,266.56,156.88,19.59,498.57,,,"{""source"":""web-checkout""}",2026-03-16T13:54:18.550011+00:00,2026-05-22T18:45:24.506219+00:00,,,true
00c0eb50-0102-4211-af28-ce7298c7fbfb,550e8400-e29b-41d4-a716-446655440024,18670,0000018670,5ddb8df5-5ad0-4882-920f-0d11ffd67f23,TXN-61831,61831,3,"Blk 454 lot23, Malita, Davao Occidental",Maya,paid,Processing,scheduled,76.17,192.53,0,212.3,,,"{""source"":""web-checkout""}",2026-03-16T12:35:55.986099+00:00,2026-05-22T18:45:24.506219+00:00,,,true
267ff02e-21eb-4ce6-80c1-501eb5e68dce,550e8400-e29b-41d4-a716-446655440032,18428,0000018428,061f68b0-76d8-44b7-9cbc-b0a35cb2ceba,TXN-61915,61915,3,"Miilionaires Village, Manila City, Metro Manila",Credit / Debit Card,paid,Cancelled,claim_at_branch,448.25,119.47,0,525.5,,,"{""source"":""web-checkout""}",2026-03-16T12:20:20.994638+00:00,2026-05-22T18:45:24.506219+00:00,,,true
8cb058fa-f2f2-4184-85cc-e89dfb4bb5d7,550e8400-e29b-41d4-a716-446655440054,19100,0000019100,e108ef11-65dc-43f7-b8ce-f57ebf633592,TXN-61226,61226,3,"Blk 454 lot23, Malita, Davao Occidental",Credit / Debit Card,paid,Processing,scheduled,106.15,116.68,0,177.47,,,"{""source"":""web-checkout""}",2026-03-16T05:10:16.421931+00:00,2026-05-22T18:45:24.506219+00:00,,,true
6f773e88-ac76-4692-bede-70c2cb0f3740,550e8400-e29b-41d4-a716-446655440014,18860,0000018860,9b04911c-0d06-4afa-be03-9b9e9e9e2c22,TXN-61959,61959,3,"Blk 454 lot23, Malita, Davao Occidental",Credit / Debit Card,paid,Processing,scheduled,191.85,95.61,0,484.78,,,"{""source"":""web-checkout""}",2026-03-15T22:35:36.134558+00:00,2026-05-22T18:45:24.506219+00:00,,,true
dd1d24c2-f39b-4a2e-bc28-95d0eab18d00,550e8400-e29b-41d4-a716-446655440044,18490,0000018490,19da16e3-a78b-471c-808a-e137552e5352,TXN-61815,61815,3,"Blk 454 lot23, Malita, Davao Occidental",Maya,paid,Processing,scheduled,147.21,128.38,0,564.7,,,"{""source"":""web-checkout""}",2026-03-15T18:42:17.488964+00:00,2026-05-22T18:45:24.506219+00:00,,,true
c64076fa-4307-4628-b244-f59c77df3fbf,550e8400-e29b-41d4-a716-446655440056,19052,0000019052,d4f8a426-cd19-466b-833e-2459306f2b01,TXN-61208,61208,3,"Manila city, Jabonga, Agusan Del Norte",Credit / Debit Card,paid,Delivered,scheduled,130.13,52.47,0,518.18,,,"{""source"":""web-checkout""}",2026-03-15T17:32:13.700314+00:00,2026-05-22T18:45:24.506219+00:00,,,true
a4f1aeba-4598-4466-84be-69aaedca4fb6,550e8400-e29b-41d4-a716-446655440052,19098,0000019098,e0b21d43-ec1f-46fb-99e6-523ce8bb2249,TXN-61705,61705,3,"Miilionaires Village, Manila City, Metro Manila",Maya,paid,Cancelled,scheduled,137.61,50.11,0,460.61,,,"{""source"":""web-checkout""}",2026-03-15T16:49:36.639133+00:00,2026-05-22T18:45:24.506219+00:00,,,true
4974eb62-c216-41c7-a1cc-c07b2681dab6,550e8400-e29b-41d4-a716-446655440012,18908,0000018908,a76831a6-5b55-43d9-9c9f-5ecbf2f854ba,TXN-61619,61619,3,"Miilionaires Village, Manila City, Metro Manila",Credit / Debit Card,failed,Cancelled,scheduled,248.67,104.14,0,335.18,,,"{""source"":""web-checkout""}",2026-03-15T15:40:23.521423+00:00,2026-05-23T06:26:46.624031+00:00,Cleaned up stale pending session,2026-05-23T06:26:46.624031+00:00,true
010edfff-c015-423d-b641-079235f9f4e1,550e8400-e29b-41d4-a716-446655440053,18599,0000018599,40858527-cffa-4a1d-b6eb-2480af6d77f8,TXN-61232,61232,3,"Quezon city greenfields, Quezon City, Metro Manila",GCash,failed,Cancelled,scheduled,432.84,79.57,25.17,203.21,,,"{""source"":""web-checkout""}",2026-03-15T06:50:00.884975+00:00,2026-05-23T06:26:46.624031+00:00,Cleaned up stale pending session,2026-05-23T06:26:46.624031+00:00,true
f357e476-cc1e-4a36-bef9-434fa5b91f5e,550e8400-e29b-41d4-a716-446655440014,18510,0000018510,2028d9a0-3241-4796-a877-0144330d8a87,TXN-61837,61837,3,"Blk 454 lot23, Malita, Davao Occidental",Maya,paid,Processing,scheduled,419.19,208.51,0,588.54,,,"{""source"":""web-checkout""}",2026-03-14T09:53:49.178597+00:00,2026-05-22T18:45:24.506219+00:00,,,true
02cf7716-ab1f-49fe-ab54-af70ca23ac69,550e8400-e29b-41d4-a716-446655440020,18566,0000018566,34709739-05ab-432b-aab6-09723479befa,TXN-61745,61745,3,"Pickup at Branch 3, Quezon Avenue, Quezon City",Maya,failed,Cancelled,claim_at_branch,244.25,86.38,0,528.61,,,"{""source"":""web-checkout""}",2026-03-14T06:36:20.029796+00:00,2026-05-23T06:26:46.624031+00:00,Cleaned up stale pending session,2026-05-23T06:26:46.624031+00:00,true
9dfb73f6-d033-4688-a1d2-4ed321db9325,550e8400-e29b-41d4-a716-446655440020,19116,0000019116,e4d43c5b-1de2-4e8d-aaf6-a66a427e9f6b,TXN-61798,61798,3,"Pickup at Branch 3, Quezon Avenue, Quezon City",Credit / Debit Card,paid,In Transit,scheduled,75.73,208.83,41.1,127.83,,,"{""source"":""web-checkout""}",2026-03-14T02:38:13.976946+00:00,2026-05-22T18:45:24.506219+00:00,,,true
6f3c9972-a08f-42e3-95b3-2a17e4667305,550e8400-e29b-41d4-a716-446655440014,19110,0000019110,e2cf1854-6a46-41f1-b747-ee88464e125f,TXN-61812,61812,3,"Blk 454 lot23, Malita, Davao Occidental",Maya,paid,Processing,scheduled,354.61,245.04,0,149.46,,,"{""source"":""web-checkout""}",2026-03-14T00:15:30.848575+00:00,2026-05-22T18:45:24.506219+00:00,,,true
25a5fbdc-4820-4115-bde9-bddc14e29ede,550e8400-e29b-41d4-a716-446655440025,19071,0000019071,da32b009-1f1c-45dd-bb77-81a5782f4d12,TXN-61847,61847,3,"Pickup at Branch 3, Quezon Avenue, Quezon City",GCash,paid,In Transit,claim_at_branch,378.19,209.25,33.84,629.75,,,"{""source"":""web-checkout""}",2026-03-13T19:00:45.970428+00:00,2026-05-22T18:45:24.506219+00:00,,,true
8df67940-15cb-4e3a-864c-b8898f561600,550e8400-e29b-41d4-a716-446655440046,19042,0000019042,d166ad85-1bf1-4849-b133-fe9a6490959a,TXN-61860,61860,3,"Manila city, Jabonga, Agusan Del Norte",Maya,paid,Delivered,claim_at_branch,394.97,69.41,0,182.23,,,"{""source"":""web-checkout""}",2026-03-13T18:41:50.118126+00:00,2026-05-22T18:45:24.506219+00:00,,,true
17696aef-0bb0-4e58-9b9c-866f18eba6da,550e8400-e29b-41d4-a716-446655440055,18501,0000018501,1d1c8a68-db2f-4ee7-bf02-3cb8accaf1cd,TXN-61883,61883,3,"Pickup at Branch 3, Quezon Avenue, Quezon City",Cash on Delivery,paid,In Transit,claim_at_branch,122.94,239.45,0,682.24,,,"{""source"":""web-checkout""}",2026-03-13T11:08:55.96503+00:00,2026-05-22T18:45:24.506219+00:00,,,true
1be29c2a-5943-4139-a343-e1c8aea847ed,550e8400-e29b-41d4-a716-446655440020,19066,0000019066,d7a09238-928e-4fff-968c-b50373e16651,TXN-61836,61836,3,"Pickup at Branch 3, Quezon Avenue, Quezon City",Maya,paid,In Transit,scheduled,437.36,74.37,0,424.36,,,"{""source"":""web-checkout""}",2026-03-13T06:46:20.397034+00:00,2026-05-22T18:45:24.506219+00:00,,,true
ef37be1b-60b9-444c-bf8e-c4ce4fd6e1d4,550e8400-e29b-41d4-a716-446655440026,19122,0000019122,e76020fb-019a-40dd-ab90-1261f7c1ea9c,TXN-61481,61481,3,"Manila city, Jabonga, Agusan Del Norte",Maya,paid,Delivered,claim_at_branch,302.86,67.56,0,691.11,,,"{""source"":""web-checkout""}",2026-03-13T04:38:05.005392+00:00,2026-05-22T18:45:24.506219+00:00,,,true
82142d5c-2bb2-46fb-9d80-58b78b7eca82,550e8400-e29b-41d4-a716-446655440021,18917,0000018917,a9c26c59-d57a-403c-add1-e4a3d53b9c47,TXN-61706,61706,3,"Manila city, Jabonga, Agusan Del Norte",Cash on Delivery,paid,Delivered,claim_at_branch,375.91,115.66,0,655.63,,,"{""source"":""web-checkout""}",2026-03-12T16:31:13.303767+00:00,2026-05-22T18:45:24.506219+00:00,,,true
38d42d99-d1b4-4037-b48c-873ca19f68c6,550e8400-e29b-41d4-a716-446655440016,18462,0000018462,12338542-e1fb-4f68-8409-bb2e3825493d,TXN-61283,61283,3,"Manila city, Jabonga, Agusan Del Norte",Maya,paid,Delivered,claim_at_branch,268.77,106.22,0,435.61,,,"{""source"":""web-checkout""}",2026-03-12T15:44:08.220168+00:00,2026-05-22T18:45:24.506219+00:00,,,true
ff45e799-f911-496d-b81f-5fa1be48362d,550e8400-e29b-41d4-a716-446655440031,18777,0000018777,82b3e350-d356-4114-825f-df5949216ee5,TXN-61880,61880,3,"Manila city, Jabonga, Agusan Del Norte",Cash on Delivery,paid,Delivered,scheduled,66.56,212.61,20.82,370.96,,,"{""source"":""web-checkout""}",2026-03-12T14:19:42.560533+00:00,2026-05-22T18:45:24.506219+00:00,,,true
02bab3f0-a870-4183-9feb-f977513d11ad,550e8400-e29b-41d4-a716-446655440050,18796,0000018796,881212fe-95e1-4077-8c33-1561fb370ead,TXN-61536,61536,3,"Pickup at Branch 3, Quezon Avenue, Quezon City",Credit / Debit Card,paid,In Transit,scheduled,240.38,99.32,0,392.17,,,"{""source"":""web-checkout""}",2026-03-12T08:38:34.815144+00:00,2026-05-22T18:45:24.506219+00:00,,,true
27a96959-bac9-45fe-8386-d6296765719b,550e8400-e29b-41d4-a716-446655440059,18705,0000018705,6ac12f66-987e-4449-af8f-b98de8ba98d1,TXN-61717,61717,3,"Blk 454 lot23, Malita, Davao Occidental",Cash on Delivery,paid,Processing,scheduled,123.72,75.99,0,491.24,,,"{""source"":""web-checkout""}",2026-03-12T07:02:11.34433+00:00,2026-05-22T18:45:24.506219+00:00,,,true
e227391f-d346-4872-9d79-7442646309da,550e8400-e29b-41d4-a716-446655440038,18884,0000018884,a2b44090-744f-4d2c-a92f-80486ea60c31,TXN-61420,61420,3,"Quezon city greenfields, Quezon City, Metro Manila",Credit / Debit Card,paid,Processing,claim_at_branch,436.35,117.75,0,596.38,,,"{""source"":""web-checkout""}",2026-03-12T06:47:31.905098+00:00,2026-05-22T18:45:24.506219+00:00,,,true
b75d7e79-3160-4c7c-b547-8a0dbeb46b76,550e8400-e29b-41d4-a716-446655440053,18999,0000018999,c2644977-9545-4575-ad1f-8491f5e038ab,TXN-61780,61780,3,"Quezon city greenfields, Quezon City, Metro Manila",GCash,paid,Processing,scheduled,107.3,229.23,0,416.53,,,"{""source"":""web-checkout""}",2026-03-12T04:01:32.229261+00:00,2026-05-22T18:45:24.506219+00:00,,,true
b7b47ee4-d49d-41eb-a182-c9cd43a2d07c,550e8400-e29b-41d4-a716-446655440033,19029,0000019029,ce4e8d08-eff6-4b07-ab99-65efc4c4538b,TXN-61916,61916,3,"Quezon city greenfields, Quezon City, Metro Manila",Cash on Delivery,paid,Processing,scheduled,81.69,139.79,37.36,329.48,,,"{""source"":""web-checkout""}",2026-03-11T17:56:09.132012+00:00,2026-05-22T18:45:24.506219+00:00,,,true
2efbd117-50c3-44af-acc5-cf924c8cd0bd,550e8400-e29b-41d4-a716-446655440020,18816,0000018816,8d765115-15f6-4091-8c70-61ee28c23e99,TXN-61796,61796,3,"Pickup at Branch 3, Quezon Avenue, Quezon City",Credit / Debit Card,failed,Cancelled,scheduled,212.47,110.39,0,586.37,,,"{""source"":""web-checkout""}",2026-03-11T06:49:44.381732+00:00,2026-05-23T06:26:46.624031+00:00,Cleaned up stale pending session,2026-05-23T06:26:46.624031+00:00,true
c0e38df2-cebf-42ba-be9f-5e097f2ca5cc,550e8400-e29b-41d4-a716-446655440026,18822,0000018822,8eb01e9d-a399-4d00-8c37-2029445336e8,TXN-61586,61586,3,"Manila city, Jabonga, Agusan Del Norte",Maya,paid,Delivered,scheduled,332.32,218.6,0,366.21,,,"{""source"":""web-checkout""}",2026-03-10T22:32:59.707604+00:00,2026-05-22T18:45:24.506219+00:00,,,true
e5ca5486-5e9d-4e6e-8daa-6482ed4631b3,550e8400-e29b-41d4-a716-446655440056,18802,0000018802,8a51d53a-ac2b-427f-a591-923075fcce95,TXN-61973,61973,3,"Manila city, Jabonga, Agusan Del Norte",Maya,paid,Delivered,claim_at_branch,244.62,159.52,0,356.29,,,"{""source"":""web-checkout""}",2026-03-10T22:11:49.626618+00:00,2026-05-22T18:45:24.506219+00:00,,,true
7d0f7ca5-2416-4732-9191-8227c18a0ac2,550e8400-e29b-41d4-a716-446655440036,18832,0000018832,91f39ab4-6cd6-4045-93b0-492c44b6b4df,TXN-61965,61965,3,"Manila city, Jabonga, Agusan Del Norte",Credit / Debit Card,paid,Delivered,claim_at_branch,297.06,215.4,0,336.87,,,"{""source"":""web-checkout""}",2026-03-10T20:53:28.614993+00:00,2026-05-22T18:45:24.506219+00:00,,,true
8011cbd5-cf20-42eb-805f-1b74d6eed0fe,550e8400-e29b-41d4-a716-446655440010,18906,0000018906,a6de37e9-50c1-4918-a903-ecfce02cc76e,TXN-61391,61391,3,"Pickup at Branch 3, Quezon Avenue, Quezon City",Maya,paid,In Transit,claim_at_branch,291.88,179.26,0,630.14,,,"{""source"":""web-checkout""}",2026-03-10T20:17:17.647595+00:00,2026-05-22T18:45:24.506219+00:00,,,true
24bb97d7-a0fb-44d4-9da0-2110ffc137ab,550e8400-e29b-41d4-a716-446655440015,18661,0000018661,59aff254-f137-40dc-b544-551b117bbab9,TXN-61787,61787,3,"Pickup at Branch 3, Quezon Avenue, Quezon City",Cash on Delivery,paid,In Transit,scheduled,122.15,150.82,44.02,535.62,,,"{""source"":""web-checkout""}",2026-03-10T18:43:20.16773+00:00,2026-05-22T18:45:24.506219+00:00,,,true
b9656002-149b-42de-9cac-cf0092e4221e,550e8400-e29b-41d4-a716-446655440038,18534,0000018534,286d700d-c2c1-4978-8134-51c147aad5a9,TXN-61640,61640,3,"Quezon city greenfields, Quezon City, Metro Manila",Maya,failed,Cancelled,scheduled,383.69,69.78,0,340.78,,,"{""source"":""web-checkout""}",2026-03-10T15:04:24.808219+00:00,2026-05-23T06:26:46.624031+00:00,Cleaned up stale pending session,2026-05-23T06:26:46.624031+00:00,true
014a7cd0-540e-41ea-800c-bbdb2063f268,550e8400-e29b-41d4-a716-446655440044,19040,0000019040,d0dee559-1fae-49aa-be0f-7fe6df3e602e,TXN-61989,61989,3,"Blk 454 lot23, Malita, Davao Occidental",Credit / Debit Card,paid,Processing,scheduled,115.75,93.87,0,352.54,,,"{""source"":""web-checkout""}",2026-03-10T10:14:55.017824+00:00,2026-05-22T18:45:24.506219+00:00,,,true
960e9f66-36f8-49e8-b7a6-6629f4892801,550e8400-e29b-41d4-a716-446655440013,18959,0000018959,b629e6e8-6b66-47da-b39d-04f583f72cb7,TXN-61737,61737,3,"Quezon city greenfields, Quezon City, Metro Manila",GCash,paid,Processing,claim_at_branch,382.3,167.62,0,349.37,,,"{""source"":""web-checkout""}",2026-03-10T08:04:16.992929+00:00,2026-05-22T18:45:24.506219+00:00,,,true
dc0efcab-ab90-4f8d-bbed-530bf1ff8771,550e8400-e29b-41d4-a716-446655440013,19009,0000019009,c6ad85e4-43c5-4ff8-a580-caa9593e603c,TXN-61346,61346,3,"Quezon city greenfields, Quezon City, Metro Manila",Cash on Delivery,paid,Processing,scheduled,355.42,221.74,0,217.7,,,"{""source"":""web-checkout""}",2026-03-10T05:41:23.651872+00:00,2026-05-22T18:45:24.506219+00:00,,,true
656922b3-8c8d-4efc-a497-78ae7dca36c9,550e8400-e29b-41d4-a716-446655440021,18617,0000018617,4782ec6a-28f5-4376-912c-831621ad08d6,TXN-61778,61778,3,"Manila city, Jabonga, Agusan Del Norte",Cash on Delivery,paid,Delivered,scheduled,105.41,189.87,0,512.91,,,"{""source"":""web-checkout""}",2026-03-10T03:22:25.668757+00:00,2026-05-22T18:45:24.506219+00:00,,,true
9b82d018-034c-4eff-a83b-4f6db3f8ceaf,550e8400-e29b-41d4-a716-446655440035,18881,0000018881,a205405a-62de-4236-8f00-02f22b096e24,TXN-61440,61440,3,"Pickup at Branch 3, Quezon Avenue, Quezon City",Cash on Delivery,paid,In Transit,claim_at_branch,168.72,114.43,0,443.74,,,"{""source"":""web-checkout""}",2026-03-10T03:12:59.533176+00:00,2026-05-22T18:45:24.506219+00:00,,,true
18337db2-5adc-43fd-a6a6-69140b818bbf,550e8400-e29b-41d4-a716-446655440038,18684,0000018684,629ed864-6f6f-4ed9-b238-bfff2bdfcfaf,TXN-61354,61354,3,"Quezon city greenfields, Quezon City, Metro Manila",Credit / Debit Card,paid,Processing,claim_at_branch,79.91,230.21,0,196.14,,,"{""source"":""web-checkout""}",2026-03-10T00:55:14.941574+00:00,2026-05-22T18:45:24.506219+00:00,,,true
8a50f265-aaa8-47ac-832c-b9dab8a7c861,550e8400-e29b-41d4-a716-446655440015,18461,0000018461,11db30b8-f20c-43d6-8be4-ccb878b8386d,TXN-61502,61502,3,"Pickup at Branch 3, Quezon Avenue, Quezon City",Cash on Delivery,paid,In Transit,scheduled,289.78,237.21,31.9,325.06,,,"{""source"":""web-checkout""}",2026-03-10T00:36:04.299461+00:00,2026-05-22T18:45:24.506219+00:00,,,true
9aa3f046-de2e-47b2-b62d-f05652661094,550e8400-e29b-41d4-a716-446655440031,19177,0000019177,f83dc464-b9f0-4b7d-8ae9-8f320d067720,TXN-61934,61934,3,"Manila city, Jabonga, Agusan Del Norte",Cash on Delivery,failed,Cancelled,scheduled,143.54,116.56,0,341.17,,,"{""source"":""web-checkout""}",2026-03-09T19:59:38.700958+00:00,2026-05-23T06:26:46.624031+00:00,Cleaned up stale pending session,2026-05-23T06:26:46.624031+00:00,true
46ea412e-900d-435c-8993-946f6d3285be,550e8400-e29b-41d4-a716-446655440024,19070,0000019070,d9bd9d7e-0be0-40e8-bf24-88048d234ef9,TXN-61766,61766,3,"Blk 454 lot23, Malita, Davao Occidental",Maya,paid,Processing,claim_at_branch,384.73,79.05,0,235.73,,,"{""source"":""web-checkout""}",2026-03-09T16:28:12.255032+00:00,2026-05-22T18:45:24.506219+00:00,,,true
d484b487-91a5-4360-b88c-293e03839036,550e8400-e29b-41d4-a716-446655440034,18830,0000018830,91681607-ca64-4e8e-b4f2-9003db8939d8,TXN-61768,61768,3,"Blk 454 lot23, Malita, Davao Occidental",Maya,paid,Processing,scheduled,177.51,230.36,0,401.75,,,"{""source"":""web-checkout""}",2026-03-09T16:25:07.213357+00:00,2026-05-22T18:45:24.506219+00:00,,,true
661e54b1-793b-46bf-b551-80cbc17bbb4e,550e8400-e29b-41d4-a716-446655440034,18730,0000018730,73026831-1fea-4bc8-853f-8f614ac99623,TXN-61710,61710,3,"Blk 454 lot23, Malita, Davao Occidental",Maya,paid,Processing,claim_at_branch,382.34,191.64,0,636.11,,,"{""source"":""web-checkout""}",2026-03-09T09:43:00.843387+00:00,2026-05-22T18:45:24.506219+00:00,,,true
7f95e1de-5239-4a22-a7b6-0bee58bcccf1,550e8400-e29b-41d4-a716-446655440036,18932,0000018932,ad72f213-9fc6-4cb7-aa87-6f52a182d456,TXN-61704,61704,3,"Manila city, Jabonga, Agusan Del Norte",Credit / Debit Card,paid,Delivered,scheduled,393.47,65.28,0,410.48,,,"{""source"":""web-checkout""}",2026-03-09T09:13:45.657943+00:00,2026-05-22T18:45:24.506219+00:00,,,true
ef52e9a6-d43c-4266-ba7c-5d9acbc4493d,550e8400-e29b-41d4-a716-446655440055,19201,0000019201,ff3b8ba8-7a7d-4f46-b9eb-e28b8e1258eb,TXN-61241,61241,3,"Pickup at Branch 3, Quezon Avenue, Quezon City",Cash on Delivery,paid,In Transit,claim_at_branch,185.1,81.67,0,296.67,,,"{""source"":""web-checkout""}",2026-03-09T04:32:44.181862+00:00,2026-05-22T18:45:24.506219+00:00,,,true
18fe9e19-e0be-4b4c-ae69-fa1c82cfc54b,550e8400-e29b-41d4-a716-446655440041,18787,0000018787,85762136-ebf7-4d86-bd3b-c24a02678904,TXN-61317,61317,3,"Manila city, Jabonga, Agusan Del Norte",GCash,paid,Delivered,claim_at_branch,265.37,233.03,0,315.9,,,"{""source"":""web-checkout""}",2026-03-09T03:11:17.636552+00:00,2026-05-22T18:45:24.506219+00:00,,,true
d637bfa4-6065-4ffa-bf9d-502836edd2e1,550e8400-e29b-41d4-a716-446655440025,18971,0000018971,b9ab8c23-cf1b-4205-9e8a-2998fc019777,TXN-61371,61371,3,"Pickup at Branch 3, Quezon Avenue, Quezon City",GCash,paid,In Transit,scheduled,215.53,230.78,0,280.38,,,"{""source"":""web-checkout""}",2026-03-08T21:15:25.469141+00:00,2026-05-22T18:45:24.506219+00:00,,,true
e110963e-8408-4667-911d-0798599fecbc,550e8400-e29b-41d4-a716-446655440053,18549,0000018549,2e61b79a-f360-4d50-a638-b0cb158499ce,TXN-61553,61553,3,"Quezon city greenfields, Quezon City, Metro Manila",Cash on Delivery,paid,Processing,scheduled,337.8,94.62,0,440.91,,,"{""source"":""web-checkout""}",2026-03-08T19:49:07.321793+00:00,2026-05-22T18:45:24.506219+00:00,,,true
de5e8be4-c701-4038-8e01-265fe5123f4e,550e8400-e29b-41d4-a716-446655440021,18817,0000018817,8d928a90-3b85-490d-9f22-bd5f4d0f7629,TXN-61279,61279,3,"Manila city, Jabonga, Agusan Del Norte",Cash on Delivery,paid,Delivered,claim_at_branch,123.36,153.98,0,188.18,,,"{""source"":""web-checkout""}",2026-03-08T13:12:37.354396+00:00,2026-05-22T18:45:24.506219+00:00,,,true
4102fae2-96eb-4c20-8dbb-004f9c563390,550e8400-e29b-41d4-a716-446655440020,18916,0000018916,a99f446d-f554-460d-809a-09f0ece753d1,TXN-61572,61572,3,"Pickup at Branch 3, Quezon Avenue, Quezon City",Credit / Debit Card,failed,Cancelled,scheduled,70.42,110.67,0,228.08,,,"{""source"":""web-checkout""}",2026-03-08T08:14:24.253706+00:00,2026-05-23T06:26:46.624031+00:00,Cleaned up stale pending session,2026-05-23T06:26:46.624031+00:00,true
482a340b-1dd6-47a1-acdc-20d8eb03e366,550e8400-e29b-41d4-a716-446655440018,18914,0000018914,a8e8fa9b-c5d3-4b6b-9afd-f80d9fe8eba9,TXN-61591,61591,3,"Quezon city greenfields, Quezon City, Metro Manila",Maya,paid,Processing,scheduled,104.85,153.08,0,128.04,,,"{""source"":""web-checkout""}",2026-03-08T05:34:54.055913+00:00,2026-05-22T18:45:24.506219+00:00,,,true
392fbca4-4bca-491a-af29-90035734e846,550e8400-e29b-41d4-a716-446655440051,18897,0000018897,a47d53eb-b250-45d8-b440-4df869fb27e6,TXN-61986,61986,3,"Manila city, Jabonga, Agusan Del Norte",Cash on Delivery,paid,Delivered,scheduled,323.79,100.31,0,574.2,,,"{""source"":""web-checkout""}",2026-03-08T04:03:02.141234+00:00,2026-05-22T18:45:24.506219+00:00,,,true
c88216a7-8684-4f4d-aa6b-6a6962681a5d,550e8400-e29b-41d4-a716-446655440021,18767,0000018767,80367ffe-9521-4865-aac0-e106ff76f1eb,TXN-61659,61659,3,"Manila city, Jabonga, Agusan Del Norte",GCash,paid,Delivered,claim_at_branch,78.48,238.71,0,219.51,,,"{""source"":""web-checkout""}",2026-03-08T00:29:56.167165+00:00,2026-05-22T18:45:24.506219+00:00,,,true
ab83c182-190b-4465-84f2-7cbaf18d0ce0,550e8400-e29b-41d4-a716-446655440047,19093,0000019093,dfef989c-e709-4774-9880-7753c8397873,TXN-61688,61688,3,"Miilionaires Village, Manila City, Metro Manila",Cash on Delivery,paid,Cancelled,claim_at_branch,185.5,107.65,0,534.47,,,"{""source"":""web-checkout""}",2026-03-08T00:17:23.053217+00:00,2026-05-22T18:45:24.506219+00:00,,,true
cd0c46ef-d2f8-49dc-b1a4-ffbef029a3e4,550e8400-e29b-41d4-a716-446655440040,18986,0000018986,be0cb902-6a3b-43e6-9f11-c13671e60c4e,TXN-61414,61414,3,"Pickup at Branch 3, Quezon Avenue, Quezon City",Maya,paid,In Transit,scheduled,229.24,165.02,0,562.79,,,"{""source"":""web-checkout""}",2026-03-07T21:55:18.610036+00:00,2026-05-22T18:45:24.506219+00:00,,,true
e2ae09fc-3051-422d-9f48-ce7c3e011c91,550e8400-e29b-41d4-a716-446655440020,18466,0000018466,128f02bb-329e-49dd-93c9-97d79dea5d73,TXN-61503,61503,3,"Pickup at Branch 3, Quezon Avenue, Quezon City",Maya,paid,In Transit,scheduled,339.07,105.78,0,317.74,,,"{""source"":""web-checkout""}",2026-03-07T15:40:20.844616+00:00,2026-05-22T18:45:24.506219+00:00,,,true
276d1a6b-dc5a-4a22-babe-d0a5f23ccc36,550e8400-e29b-41d4-a716-446655440047,18543,0000018543,2bc9a7f6-90fe-454e-b3b4-4afa7b616bf8,TXN-61262,61262,3,"Miilionaires Village, Manila City, Metro Manila",GCash,failed,Cancelled,scheduled,421.69,169.26,0,221.78,,,"{""source"":""web-checkout""}",2026-03-07T13:33:37.68668+00:00,2026-05-23T06:26:46.624031+00:00,Cleaned up stale pending session,2026-05-23T06:26:46.624031+00:00,true
e610b40e-4b66-4a4e-977f-75399fd14c01,550e8400-e29b-41d4-a716-446655440045,18491,0000018491,1a18c23b-5ed9-42e1-8e6f-8d45e2457e5f,TXN-61439,61439,3,"Pickup at Branch 3, Quezon Avenue, Quezon City",GCash,paid,In Transit,scheduled,222.04,220.9,0,406.68,,,"{""source"":""web-checkout""}",2026-03-07T12:58:25.723347+00:00,2026-05-22T18:45:24.506219+00:00,,,true
15ef1ca5-d54f-4b23-9c32-17b6b508a313,550e8400-e29b-41d4-a716-446655440024,18470,0000018470,1396c537-99ba-4e82-b711-8a9d2eff7011,TXN-61611,61611,3,"Blk 454 lot23, Malita, Davao Occidental",Maya,paid,Processing,scheduled,148.39,101.29,0,626.2,,,"{""source"":""web-checkout""}",2026-03-07T11:05:50.039854+00:00,2026-05-22T18:45:24.506219+00:00,,,true
4e3886e4-6f42-4977-82d1-2f02935a5998,550e8400-e29b-41d4-a716-446655440040,18836,0000018836,93c4e617-3a0a-42fa-843f-87a1578601a1,TXN-61541,61541,3,"Pickup at Branch 3, Quezon Avenue, Quezon City",Credit / Debit Card,paid,In Transit,scheduled,126.94,70.55,0,460.64,,,"{""source"":""web-checkout""}",2026-03-06T16:01:42.604678+00:00,2026-05-22T18:45:24.506219+00:00,,,true
19c202db-f01d-4c4f-8cd3-32d2f9a32714,550e8400-e29b-41d4-a716-446655440051,19047,0000019047,d295ad78-5563-4f81-a195-f160a85eb579,TXN-61454,61454,3,"Manila city, Jabonga, Agusan Del Norte",GCash,paid,Delivered,scheduled,87.07,163.9,0,253.9,,,"{""source"":""web-checkout""}",2026-03-06T15:04:42.343652+00:00,2026-05-22T18:45:24.506219+00:00,,,true
44cc47e1-5e32-44e9-b787-804fd6b29292,550e8400-e29b-41d4-a716-446655440044,19140,0000019140,eb7ec76c-0bc8-4c76-a0a1-7815b02fe8ba,TXN-61964,61964,3,"Blk 454 lot23, Malita, Davao Occidental",Credit / Debit Card,paid,Processing,claim_at_branch,446.98,119.31,0,475.73,,,"{""source"":""web-checkout""}",2026-03-06T14:20:15.090176+00:00,2026-05-22T18:45:24.506219+00:00,,,true
a1adeb55-22da-43d9-8704-03b297d7140b,550e8400-e29b-41d4-a716-446655440033,18979,0000018979,bc2fee8f-306e-437a-8713-78070d4a3686,TXN-61819,61819,3,"Quezon city greenfields, Quezon City, Metro Manila",GCash,paid,Processing,scheduled,209.98,73.46,0,418.8,,,"{""source"":""web-checkout""}",2026-03-06T07:00:04.780546+00:00,2026-05-22T18:45:24.506219+00:00,,,true
8e2ab2bc-b28e-4543-ad5c-a6e8328d1a40,550e8400-e29b-41d4-a716-446655440029,19125,0000019125,e7c107c0-5a45-47c9-a227-62e7ef895c6e,TXN-61544,61544,3,"Blk 454 lot23, Malita, Davao Occidental",Cash on Delivery,failed,Cancelled,scheduled,156.79,144.82,0,492,,,"{""source"":""web-checkout""}",2026-03-06T02:43:51.556313+00:00,2026-05-23T06:26:46.624031+00:00,Cleaned up stale pending session,2026-05-23T06:26:46.624031+00:00,true
f0768bf3-de55-437f-844f-f50b1a87ab45,550e8400-e29b-41d4-a716-446655440019,18765,0000018765,7ef07461-3b7d-45be-abcb-dc008c232eb8,TXN-61922,61922,3,"Blk 454 lot23, Malita, Davao Occidental",Cash on Delivery,paid,Processing,scheduled,415.24,205.55,0,640.62,,,"{""source"":""web-checkout""}",2026-03-05T13:59:55.90787+00:00,2026-05-22T18:45:24.506219+00:00,,,true
236a0eea-31de-47fc-9888-4b49d2b2ec23,550e8400-e29b-41d4-a716-446655440023,18519,0000018519,22cb50b5-19c9-41d6-a4ed-8e34bf4d0994,TXN-61806,61806,3,"Quezon city greenfields, Quezon City, Metro Manila",GCash,paid,Processing,scheduled,127.25,185.49,0,150.94,,,"{""source"":""web-checkout""}",2026-03-05T11:43:15.193727+00:00,2026-05-22T18:45:24.506219+00:00,,,true
c0802d09-5558-49c1-9f96-e5bb0e76b209,550e8400-e29b-41d4-a716-446655440045,19041,0000019041,d15597f0-1b36-4431-81e6-9d387a837c59,TXN-61404,61404,3,"Pickup at Branch 3, Quezon Avenue, Quezon City",Cash on Delivery,paid,In Transit,claim_at_branch,128.43,137.89,0,121.38,,,"{""source"":""web-checkout""}",2026-03-05T11:23:33.797043+00:00,2026-05-22T18:45:24.506219+00:00,,,true
aa535fa5-849b-4a3b-ac70-dc07f7bf4004,550e8400-e29b-41d4-a716-446655440015,19161,0000019161,f298a2c5-4ace-4434-906d-36795836a0dd,TXN-61668,61668,3,"Pickup at Branch 3, Quezon Avenue, Quezon City",Cash on Delivery,failed,Cancelled,claim_at_branch,338.75,226.56,29.66,607.28,,,"{""source"":""web-checkout""}",2026-03-05T01:33:10.791903+00:00,2026-05-23T06:26:46.624031+00:00,Cleaned up stale pending session,2026-05-23T06:26:46.624031+00:00,true
46b9741a-8e1d-4ae6-8236-2f44632aad5c,550e8400-e29b-41d4-a716-446655440048,19094,0000019094,dff8c719-c998-47dc-b24c-828cda4230ed,TXN-61394,61394,3,"Quezon city greenfields, Quezon City, Metro Manila",Maya,paid,Processing,scheduled,384.68,211.4,20.56,468.35,,,"{""source"":""web-checkout""}",2026-03-04T20:10:52.496679+00:00,2026-05-22T18:45:24.506219+00:00,,,true
9ea59763-c184-4683-b511-0fd68cda00a1,550e8400-e29b-41d4-a716-446655440054,19050,0000019050,d44fb747-1584-4780-9504-cd8f0aeea0cd,TXN-61685,61685,3,"Blk 454 lot23, Malita, Davao Occidental",Maya,paid,Processing,scheduled,413.98,107.21,0,554.82,,,"{""source"":""web-checkout""}",2026-03-04T19:03:52.399341+00:00,2026-05-22T18:45:24.506219+00:00,,,true
74ad47de-1bb3-4947-b8db-ae54ed2e67af,550e8400-e29b-41d4-a716-446655440057,18753,0000018753,7b221d2c-ef39-4616-98e6-caef75bc7f79,TXN-61971,61971,3,"Miilionaires Village, Manila City, Metro Manila",Cash on Delivery,paid,Cancelled,claim_at_branch,50.64,60,17.2,637.86,,,"{""source"":""web-checkout""}",2026-03-04T18:50:54.203109+00:00,2026-05-22T18:45:24.506219+00:00,,,true
09066501-e290-4d06-b015-d2b864158001,550e8400-e29b-41d4-a716-446655440012,18458,0000018458,10121e7b-192e-4509-985a-609e9dc0b0d7,TXN-61471,61471,3,"Miilionaires Village, Manila City, Metro Manila",Maya,paid,Cancelled,scheduled,59.94,197.67,31.22,333.26,,,"{""source"":""web-checkout""}",2026-03-04T17:04:29.316686+00:00,2026-05-22T18:45:24.506219+00:00,,,true
4225f498-810a-4f9e-bf93-f6e2f72b93fd,550e8400-e29b-41d4-a716-446655440029,18625,0000018625,4c637001-e89b-4865-bf3c-b59eae1fc72f,TXN-61443,61443,3,"Blk 454 lot23, Malita, Davao Occidental",Cash on Delivery,paid,Processing,scheduled,201.76,141.07,0,343.02,,,"{""source"":""web-checkout""}",2026-03-04T16:49:20.789409+00:00,2026-05-22T18:45:24.506219+00:00,,,true
9260289b-da5d-4439-929c-37603baeaff7,550e8400-e29b-41d4-a716-446655440053,19199,0000019199,ff066cb9-b18a-473b-addb-39cbcbd83dca,TXN-61843,61843,3,"Quezon city greenfields, Quezon City, Metro Manila",GCash,paid,Processing,scheduled,346.82,79.6,0,313.25,,,"{""source"":""web-checkout""}",2026-03-04T12:48:09.152002+00:00,2026-05-22T18:45:24.506219+00:00,,,true
f801cb54-9fb8-4f44-8e99-9726bb7f09e5,550e8400-e29b-41d4-a716-446655440045,19191,0000019191,fcd1c88b-db25-4a2d-af52-0a785e7d22e7,TXN-61344,61344,3,"Pickup at Branch 3, Quezon Avenue, Quezon City",GCash,paid,In Transit,claim_at_branch,67.22,114.63,0,383.78,,,"{""source"":""web-checkout""}",2026-03-04T11:54:40.525887+00:00,2026-05-22T18:45:24.506219+00:00,,,true
e19bcff4-98a5-4a2c-a262-2ad2d85f988f,550e8400-e29b-41d4-a716-446655440037,18983,0000018983,bd72db6b-713f-4f36-9625-44f7926b373e,TXN-61859,61859,3,"Miilionaires Village, Manila City, Metro Manila",GCash,paid,Cancelled,claim_at_branch,448.14,244.12,0,111.23,,,"{""source"":""web-checkout""}",2026-03-04T11:34:10.23459+00:00,2026-05-22T18:45:24.506219+00:00,,,true
b8e36994-19b6-42e3-b13f-cb55f9a5e44d,550e8400-e29b-41d4-a716-446655440035,18781,0000018781,8391b67e-168c-4490-8971-f789084de168,TXN-61455,61455,3,"Pickup at Branch 3, Quezon Avenue, Quezon City",Cash on Delivery,paid,In Transit,claim_at_branch,320.61,168.19,0,617.87,,,"{""source"":""web-checkout""}",2026-03-04T10:25:14.357579+00:00,2026-05-22T18:45:24.506219+00:00,,,true
f9ad44f3-f5f2-4bbf-a0e8-de79eccd3dfc,550e8400-e29b-41d4-a716-446655440035,18981,0000018981,bd525db4-120f-48e8-88ba-042a32ae6598,TXN-61314,61314,3,"Pickup at Branch 3, Quezon Avenue, Quezon City",Cash on Delivery,paid,In Transit,scheduled,59.01,125.12,0,108.63,,,"{""source"":""web-checkout""}",2026-03-04T00:07:29.536348+00:00,2026-05-22T18:45:24.506219+00:00,,,true
11c080c2-5f6f-4068-be92-949dcd6ded19,550e8400-e29b-41d4-a716-446655440032,18578,0000018578,394b2d21-c8c1-4c93-a36e-c6ea923f2baa,TXN-61217,61217,3,"Miilionaires Village, Manila City, Metro Manila",Maya,paid,Cancelled,scheduled,205.46,96.08,0,294.5,,,"{""source"":""web-checkout""}",2026-03-03T07:17:08.055684+00:00,2026-05-22T18:45:24.506219+00:00,,,true
75f2d1d5-2ef4-4d8a-8e4a-e4377b6c7190,550e8400-e29b-41d4-a716-446655440029,18475,0000018475,1677d714-c566-4f46-a3d1-69b2487d6235,TXN-61258,61258,3,"Blk 454 lot23, Malita, Davao Occidental",GCash,paid,Processing,claim_at_branch,138.87,162.26,34.4,183.59,,,"{""source"":""web-checkout""}",2026-03-03T05:15:28.056797+00:00,2026-05-22T18:45:24.506219+00:00,,,true
57d0eb98-0f90-44ec-93cb-cfbe40e6a65a,550e8400-e29b-41d4-a716-446655440052,18948,0000018948,b3636a6b-5ca8-48f2-b0b2-d5ea765b1ef0,TXN-61335,61335,3,"Miilionaires Village, Manila City, Metro Manila",Credit / Debit Card,paid,Cancelled,claim_at_branch,245.84,73.37,28.26,121.4,,,"{""source"":""web-checkout""}",2026-03-02T20:02:42.659259+00:00,2026-05-22T18:45:24.506219+00:00,,,true
72962b93-1be7-4d71-97f6-bf84c2cb82f2,550e8400-e29b-41d4-a716-446655440045,19141,0000019141,ebaa0131-2c37-4cc9-9e86-1769f35aa503,TXN-61833,61833,3,"Pickup at Branch 3, Quezon Avenue, Quezon City",Cash on Delivery,paid,In Transit,scheduled,299.08,164.06,38.91,311.95,,,"{""source"":""web-checkout""}",2026-03-02T14:14:40.822891+00:00,2026-05-22T18:45:24.506219+00:00,,,true
ee7219f3-248f-43f8-9c27-a9f806fd30c4,550e8400-e29b-41d4-a716-446655440017,18513,0000018513,20b0dad5-0ccf-4437-80a4-80495bfd5f5c,TXN-61299,61299,3,"Miilionaires Village, Manila City, Metro Manila",Cash on Delivery,paid,Cancelled,scheduled,207.63,111.1,0,231.53,,,"{""source"":""web-checkout""}",2026-03-02T10:39:03.926956+00:00,2026-05-22T18:45:24.506219+00:00,,,true
dd72f286-8a1a-4dde-a734-1ed252c538c8,550e8400-e29b-41d4-a716-446655440037,18683,0000018683,626842eb-deb7-4046-9e3e-e4bfdfadc417,TXN-61390,61390,3,"Miilionaires Village, Manila City, Metro Manila",GCash,paid,Cancelled,scheduled,116.33,197.71,0,378.62,,,"{""source"":""web-checkout""}",2026-03-02T08:55:25.109428+00:00,2026-05-22T18:45:24.506219+00:00,,,true
addd7376-1435-4f8b-b73d-217aae2974d0,550e8400-e29b-41d4-a716-446655440036,18532,0000018532,282398de-7560-4c9f-bc9f-a907059e54b4,TXN-61337,61337,3,"Manila city, Jabonga, Agusan Del Norte",Credit / Debit Card,failed,Cancelled,scheduled,381.74,100.96,0,206.18,,,"{""source"":""web-checkout""}",2026-03-02T05:58:56.055501+00:00,2026-05-23T06:26:46.624031+00:00,Cleaned up stale pending session,2026-05-23T06:26:46.624031+00:00,true
3edd0a47-7fd2-4616-9bc5-adff30b76cff,550e8400-e29b-41d4-a716-446655440017,18563,0000018563,33923a21-6d2f-4995-a3c0-49f074e93d3b,TXN-61661,61661,3,"Miilionaires Village, Manila City, Metro Manila",GCash,paid,Cancelled,scheduled,171.17,189.96,0,587.31,,,"{""source"":""web-checkout""}",2026-03-01T22:13:58.302032+00:00,2026-05-22T18:45:24.506219+00:00,,,true
66222db5-ae60-4a24-8bbd-9543a27d9fc3,550e8400-e29b-41d4-a716-446655440028,18674,0000018674,5ed033d7-9a17-4d08-a583-5b796ae2ef43,TXN-61381,61381,3,"Quezon city greenfields, Quezon City, Metro Manila",Maya,paid,Processing,scheduled,383.06,221.79,0,407.31,,,"{""source"":""web-checkout""}",2026-03-01T10:43:33.397226+00:00,2026-05-22T18:45:24.506219+00:00,,,true
dfef1037-cc62-4f38-bee7-ff4e0e11a718,550e8400-e29b-41d4-a716-446655440038,18934,0000018934,adbdbe60-30e0-456c-afe0-75feb12cebfd,TXN-61316,61316,3,"Quezon city greenfields, Quezon City, Metro Manila",Maya,paid,Processing,claim_at_branch,108.54,133.48,5.32,202.84,,,"{""source"":""web-checkout""}",2026-03-01T09:22:22.057247+00:00,2026-05-22T18:45:24.506219+00:00,,,true
2777966c-4602-45d7-afd9-f4c77118be10,550e8400-e29b-41d4-a716-446655440054,19200,0000019200,ff309239-0784-473e-a61f-92409ff68b2d,TXN-61273,61273,3,"Blk 454 lot23, Malita, Davao Occidental",Credit / Debit Card,paid,Processing,scheduled,120.83,177.74,0,640.6,,,"{""source"":""web-checkout""}",2026-02-28T20:31:03.771233+00:00,2026-05-22T18:45:24.506219+00:00,,,true
8aed633c-83ba-4173-a3b7-3a143ab23115,550e8400-e29b-41d4-a716-446655440029,18775,0000018775,824e80dd-295f-444d-aef1-ffd4a6938ad6,TXN-61654,61654,3,"Blk 454 lot23, Malita, Davao Occidental",GCash,failed,Cancelled,claim_at_branch,401.92,91.27,12.88,339.2,,,"{""source"":""web-checkout""}",2026-02-28T04:50:45.771334+00:00,2026-05-23T06:26:46.624031+00:00,Cleaned up stale pending session,2026-05-23T06:26:46.624031+00:00,true
a9db971b-4769-4321-8b88-1f45bc77ed07,550e8400-e29b-41d4-a716-446655440035,18581,0000018581,3a4cf18c-b6e5-49cb-b707-392f9a3434c5,TXN-61206,61206,3,"Pickup at Branch 3, Quezon Avenue, Quezon City",Cash on Delivery,paid,In Transit,scheduled,410.91,240.42,0,675.23,,,"{""source"":""web-checkout""}",2026-02-28T04:34:53.65786+00:00,2026-05-22T18:45:24.506219+00:00,,,true
058cd53e-fc34-4c0e-9460-21aa31781304,550e8400-e29b-41d4-a716-446655440033,18679,0000018679,600ad683-15e2-4dd9-bba2-5651738e00ae,TXN-61926,61926,3,"Quezon city greenfields, Quezon City, Metro Manila",GCash,paid,Processing,claim_at_branch,262.71,82.4,0,117.02,,,"{""source"":""web-checkout""}",2026-02-28T00:13:23.703964+00:00,2026-05-22T18:45:24.506219+00:00,,,true
2a950f72-9061-46ea-ba57-4ce0aecffea5,550e8400-e29b-41d4-a716-446655440027,18973,0000018973,ba49c4f9-c6bf-43e0-beb7-b01a5c24cca7,TXN-61441,61441,3,"Miilionaires Village, Manila City, Metro Manila",Cash on Delivery,paid,Cancelled,scheduled,180.59,140.87,0,552.15,,,"{""source"":""web-checkout""}",2026-02-27T20:16:25.224998+00:00,2026-05-22T18:45:24.506219+00:00,,,true
6addee4c-6eb4-4950-a2b6-0602d433c646,550e8400-e29b-41d4-a716-446655440058,18704,0000018704,6a70018c-0a70-442f-a72a-e02eccd2ad30,TXN-61607,61607,3,"Quezon city greenfields, Quezon City, Metro Manila",Credit / Debit Card,paid,Processing,scheduled,359.99,78.84,0,124.51,,,"{""source"":""web-checkout""}",2026-02-27T13:05:11.595111+00:00,2026-05-22T18:45:24.506219+00:00,,,true
158a4b71-ac10-4991-b8a4-49517bf25c48,550e8400-e29b-41d4-a716-446655440011,18507,0000018507,1effb284-0068-41a3-a040-8a7d27b96275,TXN-61996,61996,3,"Manila city, Jabonga, Agusan Del Norte",GCash,paid,Delivered,scheduled,167.6,62.44,28.74,276.65,,,"{""source"":""web-checkout""}",2026-02-27T11:22:01.111263+00:00,2026-05-22T18:45:24.506219+00:00,,,true
a6d4a18d-1266-40e0-8dc5-12cb115bab43,550e8400-e29b-41d4-a716-446655440051,18847,0000018847,97cc6b0c-5374-4405-8af8-019276425c8a,TXN-61872,61872,3,"Manila city, Jabonga, Agusan Del Norte",GCash,paid,Delivered,claim_at_branch,133.94,223.32,0,306.92,,,"{""source"":""web-checkout""}",2026-02-27T10:33:04.928044+00:00,2026-05-22T18:45:24.506219+00:00,,,true
ea30fed0-eca5-413c-ad5d-15215d0f9e12,550e8400-e29b-41d4-a716-446655440017,18663,0000018663,59b4bca7-c69b-4dd2-bf47-4ef1d575e49f,TXN-61754,61754,3,"Miilionaires Village, Manila City, Metro Manila",GCash,paid,Cancelled,scheduled,289.09,122.34,0,155.53,,,"{""source"":""web-checkout""}",2026-02-27T09:32:58.775847+00:00,2026-05-22T18:45:24.506219+00:00,,,true
7b456b72-b129-4478-a0ee-cb6b12047698,550e8400-e29b-41d4-a716-446655440044,18790,0000018790,8600dccf-b0bf-4bd1-b099-af12f61b5085,TXN-61862,61862,3,"Blk 454 lot23, Malita, Davao Occidental",Maya,paid,Processing,claim_at_branch,392.51,240.67,0,540.31,,,"{""source"":""web-checkout""}",2026-02-27T08:12:03.40376+00:00,2026-05-22T18:45:24.506219+00:00,,,true
41f1c913-b2f2-4822-8f5e-30ba7e96dda4,550e8400-e29b-41d4-a716-446655440059,19105,0000019105,e13c185c-a63e-40ca-9449-2ea09c2be42d,TXN-61635,61635,3,"Blk 454 lot23, Malita, Davao Occidental",Cash on Delivery,paid,Processing,scheduled,154.34,152.29,0,545.33,,,"{""source"":""web-checkout""}",2026-02-27T06:50:41.40352+00:00,2026-05-22T18:45:24.506219+00:00,,,true
d40ecc64-e334-4493-acc9-cc2ebb2377b5,550e8400-e29b-41d4-a716-446655440049,18445,0000018445,0c7e7c73-63a4-440c-94dc-9320f5722043,TXN-61871,61871,3,"Blk 454 lot23, Malita, Davao Occidental",Cash on Delivery,paid,Processing,scheduled,422.77,127.21,0,185.75,,,"{""source"":""web-checkout""}",2026-02-27T04:55:19.935187+00:00,2026-05-22T18:45:24.506219+00:00,,,true
7f714fca-c1a2-43d7-b9e7-78f4f98e38dd,550e8400-e29b-41d4-a716-446655440054,18750,0000018750,78de2c24-8838-4de9-a3c6-dd64d8ee7edd,TXN-61785,61785,3,"Blk 454 lot23, Malita, Davao Occidental",Maya,paid,Processing,scheduled,390.32,92.7,0,674.48,,,"{""source"":""web-checkout""}",2026-02-27T03:51:31.092139+00:00,2026-05-22T18:45:24.506219+00:00,,,true
bcf23d89-d759-4da0-a709-0e800abbd702,550e8400-e29b-41d4-a716-446655440028,18874,0000018874,9fb3562b-403d-43bb-8f29-619dce8c5e28,TXN-61547,61547,3,"Quezon city greenfields, Quezon City, Metro Manila",Maya,paid,Processing,claim_at_branch,80.5,218.57,0,131.54,,,"{""source"":""web-checkout""}",2026-02-26T23:14:37.9865+00:00,2026-05-22T18:45:24.506219+00:00,,,true
2172d8c8-88d5-4f7a-b4f7-4431a7b54d1c,550e8400-e29b-41d4-a716-446655440025,18421,0000018421,04a61dcf-00c8-42c5-be33-fddf90eb58b2,TXN-61615,61615,3,"Pickup at Branch 3, Quezon Avenue, Quezon City",Cash on Delivery,paid,In Transit,claim_at_branch,212.07,107.87,0,516.96,,,"{""source"":""web-checkout""}",2026-02-26T09:36:40.133396+00:00,2026-05-22T18:45:24.506219+00:00,,,true
82d676ec-b222-4694-aaf6-05499c44db89,550e8400-e29b-41d4-a716-446655440053,19049,0000019049,d4187d4d-1b5c-4d57-9ae3-bedc674b583f,TXN-61550,61550,3,"Quezon city greenfields, Quezon City, Metro Manila",Cash on Delivery,paid,Processing,scheduled,317.58,76.37,0,466.82,,,"{""source"":""web-checkout""}",2026-02-26T08:33:30.093507+00:00,2026-05-22T18:45:24.506219+00:00,,,true
fc1e7325-ca03-48a5-aaad-23c7fbc3438b,550e8400-e29b-41d4-a716-446655440018,18614,0000018614,4615109b-11db-4c95-a22a-22f04a3787ba,TXN-61474,61474,3,"Quezon city greenfields, Quezon City, Metro Manila",Maya,paid,Processing,claim_at_branch,406.24,173.4,0,417.94,,,"{""source"":""web-checkout""}",2026-02-25T18:14:52.771681+00:00,2026-05-22T18:45:24.506219+00:00,,,true
49dcda64-2b2e-4724-bfd1-485392d1f818,550e8400-e29b-41d4-a716-446655440012,18758,0000018758,7cf2fb55-e171-40b3-9624-355a2681a895,TXN-61318,61318,3,"Miilionaires Village, Manila City, Metro Manila",Maya,paid,Cancelled,scheduled,220.61,91.76,0,430.14,,,"{""source"":""web-checkout""}",2026-02-25T17:54:25.299898+00:00,2026-05-22T18:45:24.506219+00:00,,,true
655dc88b-3d07-4e47-8fda-0d7c63fee1e5,550e8400-e29b-41d4-a716-446655440043,18889,0000018889,a35a1fef-814a-4030-88c4-bfaa993d5134,TXN-61223,61223,3,"Quezon city greenfields, Quezon City, Metro Manila",Cash on Delivery,paid,Processing,claim_at_branch,294.85,121.03,0,468.31,,,"{""source"":""web-checkout""}",2026-02-25T11:01:25.276966+00:00,2026-05-22T18:45:24.506219+00:00,,,true
a27c51bb-d772-40a8-bfa8-03278d7f04ed,550e8400-e29b-41d4-a716-446655440023,18719,0000018719,6fb2e5ca-b55a-4de6-a552-2cd52ebca448,TXN-61334,61334,3,"Quezon city greenfields, Quezon City, Metro Manila",GCash,paid,Processing,scheduled,144.51,132,0,455.54,,,"{""source"":""web-checkout""}",2026-02-25T08:54:43.284267+00:00,2026-05-22T18:45:24.506219+00:00,,,true
46527387-fc08-445d-8c44-f2f8b41719e8,550e8400-e29b-41d4-a716-446655440025,18571,0000018571,363e1893-2fb5-4e9a-943a-60447355f39b,TXN-61838,61838,3,"Pickup at Branch 3, Quezon Avenue, Quezon City",GCash,paid,In Transit,scheduled,160.84,154.7,0,599.56,,,"{""source"":""web-checkout""}",2026-02-25T03:55:34.616364+00:00,2026-05-22T18:45:24.506219+00:00,,,true
86cf04ab-8985-4bf6-b01a-72c29f2ee3bd,550e8400-e29b-41d4-a716-446655440041,18837,0000018837,93f69de6-66c0-4d5a-b17c-397b42e4935a,TXN-61599,61599,3,"Manila city, Jabonga, Agusan Del Norte",Cash on Delivery,failed,Cancelled,scheduled,330.41,164.99,0,485.19,,,"{""source"":""web-checkout""}",2026-02-24T18:27:14.594603+00:00,2026-05-23T06:26:46.624031+00:00,Cleaned up stale pending session,2026-05-23T06:26:46.624031+00:00,true
eeeb4b61-a4f7-4f73-b314-13412b345a28,550e8400-e29b-41d4-a716-446655440013,18759,0000018759,7d06976c-b9e9-4284-8911-b40bbd54afdd,TXN-61505,61505,3,"Quezon city greenfields, Quezon City, Metro Manila",GCash,paid,Processing,scheduled,318.16,149.47,31.53,348.95,,,"{""source"":""web-checkout""}",2026-02-24T15:05:01.127704+00:00,2026-05-22T18:45:24.506219+00:00,,,true
ae105b6a-4f65-4ec8-a8f1-1ad65751926d,550e8400-e29b-41d4-a716-446655440041,18737,0000018737,7456bd8a-db11-4f1d-869c-321d5ef1ded3,TXN-61469,61469,3,"Manila city, Jabonga, Agusan Del Norte",Cash on Delivery,paid,Delivered,claim_at_branch,413.51,85.72,5.22,166.55,,,"{""source"":""web-checkout""}",2026-02-23T19:30:53.141826+00:00,2026-05-22T18:45:24.506219+00:00,,,true
cdff0922-78ef-4539-9598-ffc90e4f0142,550e8400-e29b-41d4-a716-446655440018,18464,0000018464,1246ba70-f3f9-44ac-803f-39107b76782d,TXN-61452,61452,3,"Quezon city greenfields, Quezon City, Metro Manila",Credit / Debit Card,paid,Processing,scheduled,56.97,188.3,9.03,141.35,,,"{""source"":""web-checkout""}",2026-02-23T17:47:38.95506+00:00,2026-05-22T18:45:24.506219+00:00,,,true
c804056a-cf78-4a1e-a940-478e5476d119,550e8400-e29b-41d4-a716-446655440018,19164,0000019164,f2f80442-4b84-4691-b7ff-737d20a61d35,TXN-61579,61579,3,"Quezon city greenfields, Quezon City, Metro Manila",Credit / Debit Card,paid,Processing,scheduled,66.71,97.05,0,613.29,,,"{""source"":""web-checkout""}",2026-02-23T05:04:43.707289+00:00,2026-05-22T18:45:24.506219+00:00,,,true
5b0c70aa-7a61-4af2-b133-af165118319f,550e8400-e29b-41d4-a716-446655440042,18938,0000018938,ae851645-72e1-4e91-a849-6f58a63d4026,TXN-61355,61355,3,"Miilionaires Village, Manila City, Metro Manila",Maya,paid,Cancelled,claim_at_branch,188.73,133.84,0,531.11,,,"{""source"":""web-checkout""}",2026-02-23T00:47:50.903364+00:00,2026-05-22T18:45:24.506219+00:00,,,true
284cfc6b-6418-4a0f-b298-ff50a2cc9c4d,550e8400-e29b-41d4-a716-446655440022,18768,0000018768,806b6bb2-66f8-4d19-bb7f-e99dc0d8f710,TXN-61974,61974,3,"Miilionaires Village, Manila City, Metro Manila",Credit / Debit Card,paid,Cancelled,scheduled,184.85,232.13,0,662.25,,,"{""source"":""web-checkout""}",2026-02-23T00:41:09.554088+00:00,2026-05-22T18:45:24.506219+00:00,,,true
ced8edb3-eb37-463d-a168-dfbe595d8188,550e8400-e29b-41d4-a716-446655440044,18640,0000018640,513f7486-8673-4b74-aafe-026c437284c6,TXN-61777,61777,3,"Blk 454 lot23, Malita, Davao Occidental",Credit / Debit Card,paid,Processing,scheduled,392,81.07,0,422.42,,,"{""source"":""web-checkout""}",2026-02-22T03:52:35.184036+00:00,2026-05-22T18:45:24.506219+00:00,,,true
bebdd1bf-0e0f-4c77-8c9e-dee7fbc53e17,550e8400-e29b-41d4-a716-446655440057,19203,0000019203,ff65cebf-d0a3-4173-9b9f-f7594b282673,TXN-61707,61707,3,"Miilionaires Village, Manila City, Metro Manila",GCash,paid,Cancelled,scheduled,406.15,77.24,0,133.96,,,"{""source"":""web-checkout""}",2026-02-22T03:42:56.180783+00:00,2026-05-22T18:45:24.506219+00:00,,,true
a31d369d-a88d-4553-9e61-c97e93eb6caf,550e8400-e29b-41d4-a716-446655440011,18557,0000018557,3075307a-77a7-4df1-8b50-9b19b2c19dcc,TXN-61779,61779,3,"Manila city, Jabonga, Agusan Del Norte",Cash on Delivery,failed,Cancelled,claim_at_branch,115.52,123.2,0,649.05,,,"{""source"":""web-checkout""}",2026-02-21T23:51:16.755149+00:00,2026-05-23T06:26:46.624031+00:00,Cleaned up stale pending session,2026-05-23T06:26:46.624031+00:00,true
543e464c-fdcb-49cf-be4f-d2dc4ca73ccb,550e8400-e29b-41d4-a716-446655440015,19061,0000019061,d6f180b9-f17a-44e3-9234-4d6ea534689b,TXN-61951,61951,3,"Pickup at Branch 3, Quezon Avenue, Quezon City",Cash on Delivery,paid,In Transit,scheduled,158.14,102.92,0,548.09,,,"{""source"":""web-checkout""}",2026-02-21T15:46:36.269272+00:00,2026-05-22T18:45:24.506219+00:00,,,true
08421591-152c-4fbd-96e8-7a5c068a08ca,550e8400-e29b-41d4-a716-446655440028,18824,0000018824,8f39bebe-a7ed-42f1-b82c-9c90639cdc70,TXN-61389,61389,3,"Quezon city greenfields, Quezon City, Metro Manila",Credit / Debit Card,paid,Processing,claim_at_branch,202.55,53.63,0,155.4,,,"{""source"":""web-checkout""}",2026-02-21T04:52:26.192704+00:00,2026-05-22T18:45:24.506219+00:00,,,true
1e93a725-a5e4-4007-9811-c9ab14f38044,550e8400-e29b-41d4-a716-446655440028,18474,0000018474,1622c1d0-8fd1-4b38-b587-a51ef9aaf322,TXN-61752,61752,3,"Quezon city greenfields, Quezon City, Metro Manila",Maya,paid,Processing,claim_at_branch,449.87,57.1,0,428.21,,,"{""source"":""web-checkout""}",2026-02-21T01:11:22.447905+00:00,2026-05-22T18:45:24.506219+00:00,,,true
fcabc2f9-60dd-41a4-a0ce-d85c3bc7731d,550e8400-e29b-41d4-a716-446655440030,18776,0000018776,82707565-ba1b-47d9-b0ee-9edae53f3e5e,TXN-61219,61219,3,"Pickup at Branch 3, Quezon Avenue, Quezon City",Credit / Debit Card,failed,Cancelled,scheduled,333.58,91.74,0,446.9,,,"{""source"":""web-checkout""}",2026-02-20T13:49:29.162553+00:00,2026-05-23T06:26:46.624031+00:00,Cleaned up stale pending session,2026-05-23T06:26:46.624031+00:00,true
b0b821b1-9836-43ac-a303-0fe1ea9d826f,550e8400-e29b-41d4-a716-446655440037,18833,0000018833,91ffb3f8-301b-40ed-a496-3ab296000a6f,TXN-61863,61863,3,"Miilionaires Village, Manila City, Metro Manila",Cash on Delivery,failed,Cancelled,claim_at_branch,349.33,132.1,0,200.33,,,"{""source"":""web-checkout""}",2026-02-20T10:02:48.354448+00:00,2026-05-23T06:26:46.624031+00:00,Cleaned up stale pending session,2026-05-23T06:26:46.624031+00:00,true
f67cb4d3-7eb4-4189-92df-4f48486fd8d4,550e8400-e29b-41d4-a716-446655440059,18605,0000018605,434170df-b242-4598-81e6-aaa7ce9c208a,TXN-61609,61609,3,"Blk 454 lot23, Malita, Davao Occidental",Cash on Delivery,paid,Processing,claim_at_branch,290.4,121.89,25.9,531.65,,,"{""source"":""web-checkout""}",2026-02-20T05:17:13.740375+00:00,2026-05-22T18:45:24.506219+00:00,,,true
63db6c0e-8683-45dc-a560-ef840267656a,550e8400-e29b-41d4-a716-446655440036,18682,0000018682,62191edf-79c7-4613-9c86-f9d26681eb2f,TXN-61967,61967,3,"Manila city, Jabonga, Agusan Del Norte",Maya,paid,Delivered,claim_at_branch,412.92,188.47,0,208.76,,,"{""source"":""web-checkout""}",2026-02-19T16:18:53.305961+00:00,2026-05-22T18:45:24.506219+00:00,,,true
3f06b7a4-7882-4202-ade5-07b0a44d08c3,550e8400-e29b-41d4-a716-446655440036,18882,0000018882,a24f9b79-901c-4bcd-aaf7-bb10812e21a8,TXN-61957,61957,3,"Manila city, Jabonga, Agusan Del Norte",Maya,paid,Delivered,scheduled,445.16,228.6,0,333.42,,,"{""source"":""web-checkout""}",2026-02-19T09:40:59.094552+00:00,2026-05-22T18:45:24.506219+00:00,,,true
8b1acb51-7b29-4ef6-a8c9-e8ed59f70a58,550e8400-e29b-41d4-a716-446655440050,19096,0000019096,e0ab90e0-b55a-41ac-8563-767d2aa82a94,TXN-61230,61230,3,"Pickup at Branch 3, Quezon Avenue, Quezon City",Credit / Debit Card,paid,In Transit,scheduled,441.83,236.07,0,527.03,,,"{""source"":""web-checkout""}",2026-02-18T21:58:49.100432+00:00,2026-05-22T18:45:24.506219+00:00,,,true
c04529a0-0494-462c-8587-d42930fc826d,550e8400-e29b-41d4-a716-446655440057,19003,0000019003,c2d0e3ca-7cdf-4dc6-8bbb-b23078c6257c,TXN-61689,61689,3,"Miilionaires Village, Manila City, Metro Manila",GCash,paid,Cancelled,scheduled,436.34,167.21,0,541.37,,,"{""source"":""web-checkout""}",2026-02-18T17:08:25.162881+00:00,2026-05-22T18:45:24.506219+00:00,,,true
c78e145e-51b6-4794-93ee-16098fb25180,550e8400-e29b-41d4-a716-446655440022,18468,0000018468,129f29cc-eeb9-4545-bfde-0a35dc878082,TXN-61762,61762,3,"Miilionaires Village, Manila City, Metro Manila",Credit / Debit Card,paid,Cancelled,claim_at_branch,370.01,175.28,0,327.77,,,"{""source"":""web-checkout""}",2026-02-18T14:41:36.153985+00:00,2026-05-22T18:45:24.506219+00:00,,,true
a7c137c2-4ddb-4f85-a2f8-28af0fc14488,550e8400-e29b-41d4-a716-446655440046,18892,0000018892,a3fb9fec-da7f-4c9b-9d1e-8d12bd043cfe,TXN-61861,61861,3,"Manila city, Jabonga, Agusan Del Norte",Credit / Debit Card,paid,Delivered,claim_at_branch,366.41,72.93,0,323.46,,,"{""source"":""web-checkout""}",2026-02-18T12:09:46.882056+00:00,2026-05-22T18:45:24.506219+00:00,,,true
1e36b9c8-d5b6-4ad1-8944-6b94b5ec720a,550e8400-e29b-41d4-a716-446655440015,18611,0000018611,44ee1bda-0544-4453-9a58-8a6fc5a73351,TXN-61844,61844,3,"Pickup at Branch 3, Quezon Avenue, Quezon City",GCash,failed,Cancelled,scheduled,235.74,152.8,0,514.46,,,"{""source"":""web-checkout""}",2026-02-17T23:42:22.503154+00:00,2026-05-23T06:26:46.624031+00:00,Cleaned up stale pending session,2026-05-23T06:26:46.624031+00:00,true
25b1e8a7-ea52-4df4-88a0-28f88a533e67,550e8400-e29b-41d4-a716-446655440053,18749,0000018749,77c61e61-19f8-4d97-878b-b8b949a978f2,TXN-61906,61906,3,"Quezon city greenfields, Quezon City, Metro Manila",Cash on Delivery,paid,Processing,claim_at_branch,266.29,243.16,0,373.21,,,"{""source"":""web-checkout""}",2026-02-17T23:12:28.517542+00:00,2026-05-22T18:45:24.506219+00:00,,,true
a4bb953b-a128-481a-be0b-0e9064282fee,550e8400-e29b-41d4-a716-446655440042,19038,0000019038,d04edd25-ea6b-4831-bb92-7ce6befa36ee,TXN-61845,61845,3,"Miilionaires Village, Manila City, Metro Manila",Maya,paid,Cancelled,scheduled,92.33,195.71,0,603.53,,,"{""source"":""web-checkout""}",2026-02-17T10:29:19.320185+00:00,2026-05-22T18:45:24.506219+00:00,,,true
e489e832-f66b-4854-aed6-4def8ec7295e,550e8400-e29b-41d4-a716-446655440038,19084,0000019084,dcb9c611-f661-45ad-9408-7dbe74d5184c,TXN-61655,61655,3,"Quezon city greenfields, Quezon City, Metro Manila",Credit / Debit Card,paid,Processing,scheduled,90.91,205.65,0,191.27,,,"{""source"":""web-checkout""}",2026-02-17T07:10:08.697177+00:00,2026-05-22T18:45:24.506219+00:00,,,true
f49b5dda-dc91-4767-93a2-bd7400b823d4,550e8400-e29b-41d4-a716-446655440030,18826,0000018826,8fd608b4-3408-4384-b13a-b957cceecf86,TXN-61648,61648,3,"Pickup at Branch 3, Quezon Avenue, Quezon City",Maya,paid,In Transit,scheduled,351.79,197.35,0,212.24,,,"{""source"":""web-checkout""}",2026-02-17T04:36:06.727284+00:00,2026-05-22T18:45:24.506219+00:00,,,true
43cd8ddc-db4b-41f3-931c-2b0dbf165422,550e8400-e29b-41d4-a716-446655440016,18712,0000018712,6cd975a6-0059-4746-97b7-ea903c97b3c7,TXN-61477,61477,3,"Manila city, Jabonga, Agusan Del Norte",Credit / Debit Card,failed,Cancelled,scheduled,234.32,54.4,0,127.86,,,"{""source"":""web-checkout""}",2026-02-16T18:46:52.858588+00:00,2026-05-23T06:26:46.624031+00:00,Cleaned up stale pending session,2026-05-23T06:26:46.624031+00:00,true
acb1688c-b4f3-4e87-9e6c-c69ecd720c56,550e8400-e29b-41d4-a716-446655440049,18845,0000018845,974e0b1d-ab5f-4fc5-bc10-b42092eda07c,TXN-61597,61597,3,"Blk 454 lot23, Malita, Davao Occidental",Cash on Delivery,paid,Processing,scheduled,260.08,205.82,0,504.68,,,"{""source"":""web-checkout""}",2026-02-16T16:12:57.605468+00:00,2026-05-22T18:45:24.506219+00:00,,,true
a5173fea-d0b0-4641-adce-ab21101878e8,550e8400-e29b-41d4-a716-446655440031,18577,0000018577,3848d32f-b713-454f-aca9-8689f767dd07,TXN-61679,61679,3,"Manila city, Jabonga, Agusan Del Norte",Cash on Delivery,paid,Delivered,claim_at_branch,415.11,215.55,0,664.05,,,"{""source"":""web-checkout""}",2026-02-16T12:40:29.757552+00:00,2026-05-22T18:45:24.506219+00:00,,,true
dfab4642-4642-4245-8ece-8375d8fb0dcb,550e8400-e29b-41d4-a716-446655440057,18803,0000018803,8a825965-a501-4b14-854a-fe99659b5caf,TXN-61315,61315,3,"Miilionaires Village, Manila City, Metro Manila",GCash,paid,Cancelled,claim_at_branch,116.86,210.54,0,695.16,,,"{""source"":""web-checkout""}",2026-02-16T04:47:49.26301+00:00,2026-05-22T18:45:24.506219+00:00,,,true
48e62aaf-edd5-473f-9b24-ba52c6ffb627,550e8400-e29b-41d4-a716-446655440054,18500,0000018500,1be9de0c-3ee7-40ff-94fc-be8549770a31,TXN-61392,61392,3,"Blk 454 lot23, Malita, Davao Occidental",Credit / Debit Card,paid,Processing,scheduled,111.52,241.07,35.11,539.49,,,"{""source"":""web-checkout""}",2026-02-16T03:22:44.271518+00:00,2026-05-22T18:45:24.506219+00:00,,,true
bd465ba1-44c8-4055-a04f-5ef2a3ef45a9,550e8400-e29b-41d4-a716-446655440059,18455,0000018455,0ee7a3d9-ff6e-483f-af09-79c8d5948d3e,TXN-61940,61940,3,"Blk 454 lot23, Malita, Davao Occidental",GCash,failed,Cancelled,claim_at_branch,125.14,192.32,4.23,635.46,,,"{""source"":""web-checkout""}",2026-02-16T02:54:51.424503+00:00,2026-05-23T06:26:46.624031+00:00,Cleaned up stale pending session,2026-05-23T06:26:46.624031+00:00,true
8a4188e6-8e98-4077-b942-23d84456e07d,550e8400-e29b-41d4-a716-446655440050,19046,0000019046,d29092b1-4ad3-40ca-99aa-4dd43f3070f3,TXN-61388,61388,3,"Pickup at Branch 3, Quezon Avenue, Quezon City",Maya,paid,In Transit,claim_at_branch,236.74,75.98,0,213.73,,,"{""source"":""web-checkout""}",2026-02-16T02:08:09.174152+00:00,2026-05-22T18:45:24.506219+00:00,,,true
5ff07dfa-eb7c-4e2a-b635-73db17c9b86d,550e8400-e29b-41d4-a716-446655440016,18762,0000018762,7e2103a3-dcb8-4e6a-9435-47a0ea949ff5,TXN-61513,61513,3,"Manila city, Jabonga, Agusan Del Norte",Maya,paid,Delivered,claim_at_branch,105.77,182.02,0,417.25,,,"{""source"":""web-checkout""}",2026-02-15T14:05:59.433732+00:00,2026-05-22T18:45:24.506219+00:00,,,true
c8418521-bd11-431f-a5ac-635d6f02091d,550e8400-e29b-41d4-a716-446655440038,18434,0000018434,07ac9fb0-d107-41b0-945b-baf78e8e46f0,TXN-61353,61353,3,"Quezon city greenfields, Quezon City, Metro Manila",Maya,failed,Cancelled,claim_at_branch,60.81,181.24,0,417.31,,,"{""source"":""web-checkout""}",2026-02-15T13:43:40.77099+00:00,2026-05-23T06:26:46.624031+00:00,Cleaned up stale pending session,2026-05-23T06:26:46.624031+00:00,true
fc8ac3b6-1492-434c-91b7-3863f6fe3307,550e8400-e29b-41d4-a716-446655440055,18951,0000018951,b396468d-6fc5-4228-9a4a-ffb8601fee2b,TXN-61448,61448,3,"Pickup at Branch 3, Quezon Avenue, Quezon City",GCash,failed,Cancelled,claim_at_branch,402.35,140.17,0,398.89,,,"{""source"":""web-checkout""}",2026-02-15T09:31:08.835843+00:00,2026-05-23T06:26:46.624031+00:00,Cleaned up stale pending session,2026-05-23T06:26:46.624031+00:00,true
6f3a3b0d-3c54-4a94-a535-912e01c76071,550e8400-e29b-41d4-a716-446655440012,19108,0000019108,e19572de-e211-4370-b6dc-02372eb587c4,TXN-61868,61868,3,"Miilionaires Village, Manila City, Metro Manila",Credit / Debit Card,paid,Cancelled,scheduled,111.06,214.16,0,473.13,,,"{""source"":""web-checkout""}",2026-02-14T21:52:35.841542+00:00,2026-05-22T18:45:24.506219+00:00,,,true
a86c098b-1059-4fce-879d-4f1d592e113b,550e8400-e29b-41d4-a716-446655440030,18626,0000018626,4c6a61df-664a-4f09-a4b3-8dfb5574e331,TXN-61466,61466,3,"Pickup at Branch 3, Quezon Avenue, Quezon City",Maya,failed,Cancelled,scheduled,346.32,150.23,0,412.63,,,"{""source"":""web-checkout""}",2026-02-14T16:12:44.822093+00:00,2026-05-23T06:26:46.624031+00:00,Cleaned up stale pending session,2026-05-23T06:26:46.624031+00:00,true
bd51b342-0169-42fc-add0-780b37fc384f,550e8400-e29b-41d4-a716-446655440043,18689,0000018689,64054e33-cbe5-42ff-9a38-0d588b2c6349,TXN-61631,61631,3,"Quezon city greenfields, Quezon City, Metro Manila",Cash on Delivery,paid,Processing,scheduled,386.61,57.03,0,452.26,,,"{""source"":""web-checkout""}",2026-02-14T14:16:45.313657+00:00,2026-05-22T18:45:24.506219+00:00,,,true
60879da0-d0fb-44c3-b6c3-10896eee07cf,550e8400-e29b-41d4-a716-446655440025,18921,0000018921,aa6b0c3e-153a-4f36-8f87-61bbc39183de,TXN-61559,61559,3,"Pickup at Branch 3, Quezon Avenue, Quezon City",Cash on Delivery,paid,In Transit,scheduled,407.13,220.37,0,153.89,,,"{""source"":""web-checkout""}",2026-02-14T13:38:44.236607+00:00,2026-05-22T18:45:24.506219+00:00,,,true
3e07f8cc-745d-49f5-b795-da814460a5f0,550e8400-e29b-41d4-a716-446655440042,18538,0000018538,29bc4d3e-2e64-4120-927c-519781fe46fd,TXN-61246,61246,3,"Miilionaires Village, Manila City, Metro Manila",Maya,paid,Cancelled,scheduled,368.96,109.04,0,550.12,,,"{""source"":""web-checkout""}",2026-02-14T13:21:44.481798+00:00,2026-05-22T18:45:24.506219+00:00,,,true
5c1d7161-56ec-4018-99c6-6044bf981178,550e8400-e29b-41d4-a716-446655440018,18714,0000018714,6da3d9ad-363f-4775-873a-26958382b281,TXN-61927,61927,3,"Quezon city greenfields, Quezon City, Metro Manila",Maya,paid,Processing,scheduled,357.43,107.02,0,569.83,,,"{""source"":""web-checkout""}",2026-02-14T12:39:32.614173+00:00,2026-05-22T18:45:24.506219+00:00,,,true
76b38178-1814-430f-ba70-180c38e8f0fe,550e8400-e29b-41d4-a716-446655440052,19048,0000019048,d393ec25-4708-4f08-bfc3-ddfcc6a56921,TXN-61744,61744,3,"Miilionaires Village, Manila City, Metro Manila",Credit / Debit Card,paid,Cancelled,scheduled,273.55,63.96,0,281.97,,,"{""source"":""web-checkout""}",2026-02-14T12:38:02.348983+00:00,2026-05-22T18:45:24.506219+00:00,,,true
caf7f568-1125-4b2a-b012-850d23bed7d6,550e8400-e29b-41d4-a716-446655440031,19027,0000019027,cca83a00-62a1-41b8-81a4-5ede20071e03,TXN-61292,61292,3,"Manila city, Jabonga, Agusan Del Norte",GCash,paid,Delivered,claim_at_branch,170.98,99.01,3.55,641.52,,,"{""source"":""web-checkout""}",2026-02-14T07:54:59.802401+00:00,2026-05-22T18:45:24.506219+00:00,,,true
6dea45a0-0ee4-490c-8080-c9dcc4f9b9a7,550e8400-e29b-41d4-a716-446655440012,19058,0000019058,d636a0af-b6f1-4aa5-ba95-50048076dc60,TXN-61724,61724,3,"Miilionaires Village, Manila City, Metro Manila",Maya,paid,Cancelled,scheduled,254.8,121.56,0,315.24,,,"{""source"":""web-checkout""}",2026-02-14T00:04:12.706865+00:00,2026-05-22T18:45:24.506219+00:00,,,true
9e23d0fd-a677-4018-be7d-8a8bb8e43f20,550e8400-e29b-41d4-a716-446655440048,18894,0000018894,a4448507-b4b0-46dd-a29f-c704737ef327,TXN-61735,61735,3,"Quezon city greenfields, Quezon City, Metro Manila",Maya,paid,Processing,claim_at_branch,203.22,57.77,0,598.45,,,"{""source"":""web-checkout""}",2026-02-13T23:39:31.506729+00:00,2026-05-22T18:45:24.506219+00:00,,,true
dc7ac6df-d117-4a6e-996f-8f23f0fa188a,550e8400-e29b-41d4-a716-446655440014,18760,0000018760,7db7c602-e6da-4fdc-8718-fe8010334868,TXN-61515,61515,3,"Blk 454 lot23, Malita, Davao Occidental",Credit / Debit Card,paid,Processing,scheduled,74.99,89.39,0,670.88,,,"{""source"":""web-checkout""}",2026-02-13T22:39:21.735547+00:00,2026-05-22T18:45:24.506219+00:00,,,true
ec56f1e5-b7ff-4d4b-9951-35bf2acdf277,550e8400-e29b-41d4-a716-446655440011,18757,0000018757,7cb93dcf-6703-4f69-8357-263e1d9bb604,TXN-61905,61905,3,"Manila city, Jabonga, Agusan Del Norte",Cash on Delivery,paid,Delivered,scheduled,233.08,130.51,0,159.38,,,"{""source"":""web-checkout""}",2026-02-13T18:38:14.32711+00:00,2026-05-22T18:45:24.506219+00:00,,,true
527806ff-1917-45f8-9d1d-86e784993a25,550e8400-e29b-41d4-a716-446655440027,19123,0000019123,e76fea75-2b4a-4cc8-8773-07d82c134bd9,TXN-61227,61227,3,"Miilionaires Village, Manila City, Metro Manila",GCash,paid,Cancelled,scheduled,264.74,152.41,0,604.77,,,"{""source"":""web-checkout""}",2026-02-13T08:23:45.034331+00:00,2026-05-22T18:45:24.506219+00:00,,,true
e2cfd62e-9d35-44c5-99c9-cd8a594fd436,550e8400-e29b-41d4-a716-446655440042,18688,0000018688,63e06c88-3243-43f4-8e7c-a4818c0cb8cd,TXN-61638,61638,3,"Miilionaires Village, Manila City, Metro Manila",Credit / Debit Card,failed,Cancelled,scheduled,110.06,222.69,0,406.51,,,"{""source"":""web-checkout""}",2026-02-13T08:17:47.947176+00:00,2026-05-23T06:26:46.624031+00:00,Cleaned up stale pending session,2026-05-23T06:26:46.624031+00:00,true
ac0a24fd-d9c8-4b87-a457-ab8dc493b2a3,550e8400-e29b-41d4-a716-446655440035,18481,0000018481,1833b3fe-8ac4-4e9d-b881-69eda9581cb3,TXN-61589,61589,3,"Pickup at Branch 3, Quezon Avenue, Quezon City",Cash on Delivery,failed,Cancelled,scheduled,109.69,226.13,0,340.81,,,"{""source"":""web-checkout""}",2026-02-13T07:59:54.839822+00:00,2026-05-23T06:26:46.624031+00:00,Cleaned up stale pending session,2026-05-23T06:26:46.624031+00:00,true
5f8a4bd1-4111-4161-b560-0c0b71b268ca,550e8400-e29b-41d4-a716-446655440050,18696,0000018696,661cb4b4-9a75-4a9e-ab80-e4757605032b,TXN-61480,61480,3,"Pickup at Branch 3, Quezon Avenue, Quezon City",Credit / Debit Card,paid,In Transit,scheduled,380.41,176.72,0,349.91,,,"{""source"":""web-checkout""}",2026-02-13T07:01:51.157097+00:00,2026-05-22T18:45:24.506219+00:00,,,true
a3c8d9b4-e3fe-4b8c-ae5c-714c5fb609a8,550e8400-e29b-41d4-a716-446655440047,19143,0000019143,ebb080f6-ea5d-499f-9cf5-6fca874b4e15,TXN-61336,61336,3,"Miilionaires Village, Manila City, Metro Manila",GCash,paid,Cancelled,scheduled,184.12,140.07,0,664.9,,,"{""source"":""web-checkout""}",2026-02-13T06:43:22.510135+00:00,2026-05-22T18:45:24.506219+00:00,,,true
a28e54f7-8d1a-48c6-acca-23c2b8c7dcbe,550e8400-e29b-41d4-a716-446655440044,18590,0000018590,3c2b88c5-d43e-4e28-b6eb-55e0523bb3ba,TXN-61955,61955,3,"Blk 454 lot23, Malita, Davao Occidental",Maya,paid,Processing,scheduled,343.35,58.67,0,322.05,,,"{""source"":""web-checkout""}",2026-02-12T23:56:20.135854+00:00,2026-05-22T18:45:24.506219+00:00,,,true
901ed5c7-d5ef-48bf-a12e-28b75e82f785,550e8400-e29b-41d4-a716-446655440047,18743,0000018743,7531d0c0-bd31-474c-bc09-a8170d689f9c,TXN-61712,61712,3,"Miilionaires Village, Manila City, Metro Manila",GCash,failed,Cancelled,claim_at_branch,420.21,170.4,0,180.52,,,"{""source"":""web-checkout""}",2026-02-12T19:59:08.245301+00:00,2026-05-23T06:26:46.624031+00:00,Cleaned up stale pending session,2026-05-23T06:26:46.624031+00:00,true
0cfba568-d183-455b-aa86-595f9a772f42,550e8400-e29b-41d4-a716-446655440023,18619,0000018619,4850269e-6842-4f1f-aaa0-81fe8c661932,TXN-61866,61866,3,"Quezon city greenfields, Quezon City, Metro Manila",GCash,paid,Processing,claim_at_branch,51.55,84.21,0,512.55,,,"{""source"":""web-checkout""}",2026-02-12T09:44:58.179119+00:00,2026-05-22T18:45:24.506219+00:00,,,true
8801f8f4-118e-483c-b41b-67b71f2d3ea8,550e8400-e29b-41d4-a716-446655440054,18850,0000018850,99b579dd-2b68-4cdd-a0a6-7841acaa611f,TXN-61809,61809,3,"Blk 454 lot23, Malita, Davao Occidental",Maya,paid,Processing,claim_at_branch,369.55,130.62,0,510.19,,,"{""source"":""web-checkout""}",2026-02-11T23:30:00.691992+00:00,2026-05-22T18:45:24.506219+00:00,,,true
797bdbcb-68d9-4efe-92e9-051cc132b14a,550e8400-e29b-41d4-a716-446655440024,19120,0000019120,e6ca4625-76f0-4256-a426-9473ea69c275,TXN-61874,61874,3,"Blk 454 lot23, Malita, Davao Occidental",Credit / Debit Card,paid,Processing,claim_at_branch,430.28,169.53,6.34,395.47,,,"{""source"":""web-checkout""}",2026-02-11T19:01:41.834541+00:00,2026-05-22T18:45:24.506219+00:00,,,true
5e5e7436-2919-49b7-9c11-e61163ac57b7,550e8400-e29b-41d4-a716-446655440057,18903,0000018903,a638fd5a-0aab-4d4c-9ae6-840e70104b58,TXN-61901,61901,3,"Miilionaires Village, Manila City, Metro Manila",GCash,paid,Cancelled,scheduled,323.2,149.16,0,155.9,,,"{""source"":""web-checkout""}",2026-02-11T18:04:07.707759+00:00,2026-05-22T18:45:24.506219+00:00,,,true
46db3d4b-dae6-42a7-8744-d858f79c4e63,550e8400-e29b-41d4-a716-446655440056,18652,0000018652,561be5cf-b516-4ff6-9955-3d82930c797d,TXN-61929,61929,3,"Manila city, Jabonga, Agusan Del Norte",Credit / Debit Card,paid,Delivered,scheduled,68.91,89.46,0,306.47,,,"{""source"":""web-checkout""}",2026-02-11T16:01:55.684014+00:00,2026-05-22T18:45:24.506219+00:00,,,true
cfaeb212-7d89-4d62-8c0b-df7e36d65e52,550e8400-e29b-41d4-a716-446655440030,19176,0000019176,f8343595-cf2e-494e-9a50-b75bc2c71627,TXN-61240,61240,3,"Pickup at Branch 3, Quezon Avenue, Quezon City",Credit / Debit Card,paid,In Transit,scheduled,68,240.95,16.18,653.98,,,"{""source"":""web-checkout""}",2026-02-11T06:40:01.960141+00:00,2026-05-22T18:45:24.506219+00:00,,,true
e75ab1c6-d8dd-4c6d-b476-0df046f6c279,550e8400-e29b-41d4-a716-446655440019,18615,0000018615,46c26b42-6903-43d1-b4ef-8a00e28928e9,TXN-61958,61958,3,"Blk 454 lot23, Malita, Davao Occidental",GCash,paid,Processing,scheduled,249.81,127.57,0,507.88,,,"{""source"":""web-checkout""}",2026-02-11T02:32:40.310552+00:00,2026-05-22T18:45:24.506219+00:00,,,true
314fa333-01eb-4ed4-94e4-15dffd51a40d,550e8400-e29b-41d4-a716-446655440050,18746,0000018746,7652f999-7e59-4e5e-97f6-9ccca6319b1f,TXN-61814,61814,3,"Pickup at Branch 3, Quezon Avenue, Quezon City",Maya,failed,Cancelled,scheduled,284.1,164.98,48.92,274.07,,,"{""source"":""web-checkout""}",2026-02-11T02:19:54.518133+00:00,2026-05-23T06:26:46.624031+00:00,Cleaned up stale pending session,2026-05-23T06:26:46.624031+00:00,true
bc9bf980-e0b8-456a-b83e-62720977f434,550e8400-e29b-41d4-a716-446655440039,18935,0000018935,aded7f27-b77c-461b-b033-3928a326aa30,TXN-61791,61791,3,"Blk 454 lot23, Malita, Davao Occidental",GCash,failed,Cancelled,scheduled,260.56,139.25,0,414.75,,,"{""source"":""web-checkout""}",2026-02-11T01:16:25.993477+00:00,2026-05-23T06:26:46.624031+00:00,Cleaned up stale pending session,2026-05-23T06:26:46.624031+00:00,true
dfc0d4af-fe97-4c1e-b440-f7db32fbd068,550e8400-e29b-41d4-a716-446655440014,18910,0000018910,a778f889-77d6-4ddd-9462-0e1408ce1cfe,TXN-61333,61333,3,"Blk 454 lot23, Malita, Davao Occidental",Maya,paid,Processing,claim_at_branch,54.28,217.57,0,535.88,,,"{""source"":""web-checkout""}",2026-02-10T22:21:17.615161+00:00,2026-05-22T18:45:24.506219+00:00,,,true
693ad85a-71cc-4f21-b005-d0b8a7477d30,550e8400-e29b-41d4-a716-446655440053,18899,0000018899,a4bfa89e-1eaa-47e6-a311-39fea60e41be,TXN-61867,61867,3,"Quezon city greenfields, Quezon City, Metro Manila",GCash,paid,Processing,scheduled,82.39,80.36,0,392.78,,,"{""source"":""web-checkout""}",2026-02-10T19:02:13.342397+00:00,2026-05-22T18:45:24.506219+00:00,,,true
7de19f95-24e7-434b-8624-f1ad05cec19b,550e8400-e29b-41d4-a716-446655440050,19196,0000019196,fe50706b-945f-480c-8b13-8d8b84584ce9,TXN-61603,61603,3,"Pickup at Branch 3, Quezon Avenue, Quezon City",Credit / Debit Card,paid,In Transit,scheduled,269.05,206.18,37.42,196.48,,,"{""source"":""web-checkout""}",2026-02-10T10:46:37.017085+00:00,2026-05-22T18:45:24.506219+00:00,,,true
2c452362-846e-4326-b3a4-c69dca87a5cb,550e8400-e29b-41d4-a716-446655440041,18937,0000018937,ae4c487a-5862-45bb-abcb-f0a01c0f6ffd,TXN-61202,61202,3,"Manila city, Jabonga, Agusan Del Norte",Cash on Delivery,paid,Delivered,scheduled,282.54,242.35,0,182.81,,,"{""source"":""web-checkout""}",2026-02-10T10:22:26.71917+00:00,2026-05-22T18:45:24.506219+00:00,,,true
cd406d58-f13e-41b3-b7f5-cbb8d9b92632,550e8400-e29b-41d4-a716-446655440048,18944,0000018944,b1a2422f-b6de-48f7-8f6c-4cc2616a65b4,TXN-61634,61634,3,"Quezon city greenfields, Quezon City, Metro Manila",Credit / Debit Card,failed,Cancelled,scheduled,405.56,70.39,0,213.51,,,"{""source"":""web-checkout""}",2026-02-10T10:08:21.201361+00:00,2026-05-23T06:26:46.624031+00:00,Cleaned up stale pending session,2026-05-23T06:26:46.624031+00:00,true
3e99667c-f9b4-447e-8fbe-30ff7161c250,550e8400-e29b-41d4-a716-446655440033,18579,0000018579,397b3d0b-65b6-4f29-8c1a-4457caf05551,TXN-61702,61702,3,"Quezon city greenfields, Quezon City, Metro Manila",GCash,failed,Cancelled,scheduled,120.34,204.18,0,644.23,,,"{""source"":""web-checkout""}",2026-02-10T07:12:18.779267+00:00,2026-05-23T06:26:46.624031+00:00,Cleaned up stale pending session,2026-05-23T06:26:46.624031+00:00,true
5a8c7bfc-e6dd-42a9-bd19-b32bab9eea68,550e8400-e29b-41d4-a716-446655440013,18409,0000018409,01afb0a4-a7be-4b25-949a-fd0ce2e41342,TXN-61897,61897,3,"Quezon city greenfields, Quezon City, Metro Manila",Cash on Delivery,paid,Processing,scheduled,89.73,228.99,0,124.18,,,"{""source"":""web-checkout""}",2026-02-10T03:33:04.991005+00:00,2026-05-22T18:45:24.506219+00:00,,,true
eaf53cf3-ac60-4d53-bc34-8593db7dd9e2,550e8400-e29b-41d4-a716-446655440038,19184,0000019184,faedd28e-6053-499b-9fe9-05d306c863bb,TXN-61422,61422,3,"Quezon city greenfields, Quezon City, Metro Manila",Credit / Debit Card,paid,Processing,scheduled,425.15,55.18,0,110.53,,,"{""source"":""web-checkout""}",2026-02-10T02:38:32.862837+00:00,2026-05-22T18:45:24.506219+00:00,,,true
3b9ee9d3-e540-4877-a52c-1973a0f923f3,550e8400-e29b-41d4-a716-446655440040,19186,0000019186,fb56260e-dade-4687-8fb6-1732a3f950b0,TXN-61758,61758,3,"Pickup at Branch 3, Quezon Avenue, Quezon City",Maya,paid,In Transit,scheduled,65.87,214.85,0,280.96,,,"{""source"":""web-checkout""}",2026-02-09T18:53:03.054398+00:00,2026-05-22T18:45:24.506219+00:00,,,true
9b31c65f-1db9-4492-8893-6908f069e970,550e8400-e29b-41d4-a716-446655440022,18968,0000018968,b8b583c3-324e-4ff6-9c4a-29a0969e4990,TXN-61900,61900,3,"Miilionaires Village, Manila City, Metro Manila",Credit / Debit Card,paid,Cancelled,scheduled,291.17,209.64,0,364.99,,,"{""source"":""web-checkout""}",2026-02-09T17:57:34.661392+00:00,2026-05-22T18:45:24.506219+00:00,,,true
5210188f-1016-41cb-b8e3-815fb105f660,550e8400-e29b-41d4-a716-446655440051,18697,0000018697,67077d47-fec0-4d2c-80a0-47abff2eec43,TXN-61960,61960,3,"Manila city, Jabonga, Agusan Del Norte",Cash on Delivery,paid,Delivered,scheduled,243.52,230.56,0,284.3,,,"{""source"":""web-checkout""}",2026-02-09T15:46:33.518785+00:00,2026-05-22T18:45:24.506219+00:00,,,true
6a9c3f20-2151-4096-9345-39e1f380954f,550e8400-e29b-41d4-a716-446655440050,18896,0000018896,a473e941-0e43-4040-8f87-af38a85188e6,TXN-61512,61512,3,"Pickup at Branch 3, Quezon Avenue, Quezon City",Credit / Debit Card,paid,In Transit,scheduled,111.92,207.2,0,406.99,,,"{""source"":""web-checkout""}",2026-02-09T12:29:20.240485+00:00,2026-05-22T18:45:24.506219+00:00,,,true
89dfc33c-0713-4d22-b39b-9b1b840242cd,550e8400-e29b-41d4-a716-446655440023,18469,0000018469,12fe25dc-4296-4ec5-a5d9-3f0b3df07dd1,TXN-61426,61426,3,"Quezon city greenfields, Quezon City, Metro Manila",Cash on Delivery,paid,Processing,scheduled,341.02,133.31,0,102.88,,,"{""source"":""web-checkout""}",2026-02-09T08:02:50.157066+00:00,2026-05-22T18:45:24.506219+00:00,,,true
9d8be2b4-3c9c-48d6-9e0d-d0912c9ea99b,550e8400-e29b-41d4-a716-446655440042,19138,0000019138,eaf41dcb-afcd-4346-881d-8ef003b3b231,TXN-61782,61782,3,"Miilionaires Village, Manila City, Metro Manila",Maya,paid,Cancelled,scheduled,243.33,212.83,0,695.46,,,"{""source"":""web-checkout""}",2026-02-08T23:17:13.030324+00:00,2026-05-22T18:45:24.506219+00:00,,,true
c4f2db6f-bf65-4c21-ae4c-21b7aaffa167,550e8400-e29b-41d4-a716-446655440024,18520,0000018520,2335d7f1-e0b5-4f29-973d-6d9cfbdedf0d,TXN-61438,61438,3,"Blk 454 lot23, Malita, Davao Occidental",Credit / Debit Card,paid,Processing,scheduled,329.96,70.69,0,612.28,,,"{""source"":""web-checkout""}",2026-02-08T16:33:42.537578+00:00,2026-05-22T18:45:24.506219+00:00,,,true
10d04e39-6f4e-4e37-a51c-efa99f65ec61,550e8400-e29b-41d4-a716-446655440044,18840,0000018840,9559cdb3-3093-4a59-9427-17250511cbc1,TXN-61399,61399,3,"Blk 454 lot23, Malita, Davao Occidental",Credit / Debit Card,paid,Processing,claim_at_branch,423.09,149.24,0,323.25,,,"{""source"":""web-checkout""}",2026-02-08T15:41:28.247176+00:00,2026-05-22T18:45:24.506219+00:00,,,true
b9682a92-f4b6-49e1-9b48-ae9d1a318f7f,550e8400-e29b-41d4-a716-446655440036,19082,0000019082,dc11a04f-4016-4cc4-b880-30975d948760,TXN-61687,61687,3,"Manila city, Jabonga, Agusan Del Norte",Maya,paid,Delivered,claim_at_branch,58.49,74.46,0,265.54,,,"{""source"":""web-checkout""}",2026-02-08T14:38:51.918141+00:00,2026-05-22T18:45:24.506219+00:00,,,true
2a3c9be8-3ff0-4bf5-9ecc-13d5b053bcb0,550e8400-e29b-41d4-a716-446655440046,18992,0000018992,c023c942-7631-4d0a-8089-fa04dcfe017c,TXN-61534,61534,3,"Manila city, Jabonga, Agusan Del Norte",Credit / Debit Card,paid,Delivered,scheduled,241.85,167.5,0,624.75,,,"{""source"":""web-checkout""}",2026-02-08T13:53:33.272323+00:00,2026-05-22T18:45:24.506219+00:00,,,true
0e801d59-6a1e-487e-9cc9-e6dea45b8f87,550e8400-e29b-41d4-a716-446655440037,18483,0000018483,1882bf12-c64e-44f3-8dcf-6b905cfc2dcf,TXN-61235,61235,3,"Miilionaires Village, Manila City, Metro Manila",GCash,failed,Cancelled,scheduled,280.64,180.52,0,422.91,,,"{""source"":""web-checkout""}",2026-02-08T12:11:30.076797+00:00,2026-05-23T06:26:46.624031+00:00,Cleaned up stale pending session,2026-05-23T06:26:46.624031+00:00,true
4c43fc76-77d1-4820-89e3-565a951c3620,550e8400-e29b-41d4-a716-446655440018,18564,0000018564,33b62b36-38c3-42a2-842b-7f06c7ef401f,TXN-61924,61924,3,"Quezon city greenfields, Quezon City, Metro Manila",Credit / Debit Card,paid,Processing,scheduled,253.54,239.18,0,257.01,,,"{""source"":""web-checkout""}",2026-02-08T09:06:41.79723+00:00,2026-05-22T18:45:24.506219+00:00,,,true
bf7c69c2-3606-4823-9218-b6be97450f8a,550e8400-e29b-41d4-a716-446655440028,19174,0000019174,f7cac042-cb4f-47f0-8302-d033bff80010,TXN-61691,61691,3,"Quezon city greenfields, Quezon City, Metro Manila",Maya,paid,Processing,claim_at_branch,124.87,242.63,0,633.74,,,"{""source"":""web-checkout""}",2026-02-08T06:03:36.588228+00:00,2026-05-22T18:45:24.506219+00:00,,,true
009060eb-810a-4098-a822-779b4a7b137a,550e8400-e29b-41d4-a716-446655440039,19135,0000019135,ea7fcac5-a58b-42be-9568-c1208d760f63,TXN-61330,61330,3,"Blk 454 lot23, Malita, Davao Occidental",GCash,paid,Processing,claim_at_branch,94.39,142.58,0,396.8,,,"{""source"":""web-checkout""}",2026-02-08T04:49:00.646335+00:00,2026-05-22T18:45:24.506219+00:00,,,true
24c76701-8f90-40f5-959e-76dbcf0a1097,550e8400-e29b-41d4-a716-446655440021,18717,0000018717,6ee06b91-9afb-4f15-a7d8-4244a1317fad,TXN-61397,61397,3,"Manila city, Jabonga, Agusan Del Norte",Cash on Delivery,paid,Delivered,scheduled,84.75,85.18,23.26,239.19,,,"{""source"":""web-checkout""}",2026-02-08T01:29:23.509646+00:00,2026-05-22T18:45:24.506219+00:00,,,true
6b577c84-8059-498a-9de3-67c98979a16b,550e8400-e29b-41d4-a716-446655440030,18426,0000018426,05e2cb14-43a0-4a7c-ac8a-f297729d587f,TXN-61263,61263,3,"Pickup at Branch 3, Quezon Avenue, Quezon City",Maya,paid,In Transit,scheduled,169.2,144.23,42.43,649.4,,,"{""source"":""web-checkout""}",2026-02-07T20:10:10.727455+00:00,2026-05-22T18:45:24.506219+00:00,,,true
4a811817-cee3-4527-87a4-b40e9f0a45b7,550e8400-e29b-41d4-a716-446655440029,18825,0000018825,8f9e7f8d-cf27-474e-817c-3869f9f5ee4a,TXN-61865,61865,3,"Blk 454 lot23, Malita, Davao Occidental",Cash on Delivery,paid,Processing,scheduled,143.34,224.24,12.52,128.74,,,"{""source"":""web-checkout""}",2026-02-07T19:06:04.913708+00:00,2026-05-22T18:45:24.506219+00:00,,,true
25f93f0f-5535-44bf-a971-2c7c771ae928,550e8400-e29b-41d4-a716-446655440041,18587,0000018587,3b81f4ce-b8ae-4beb-9cb1-459f90a2ff78,TXN-61239,61239,3,"Manila city, Jabonga, Agusan Del Norte",GCash,paid,Delivered,scheduled,405.2,118.5,0,180.32,,,"{""source"":""web-checkout""}",2026-02-07T18:11:52.894937+00:00,2026-05-22T18:45:24.506219+00:00,,,true
7c93817d-d2d7-48f2-a6e1-b6ec4aa134f1,550e8400-e29b-41d4-a716-446655440055,18701,0000018701,692374dd-02ab-4afe-b4b2-179b2917e765,TXN-61284,61284,3,"Pickup at Branch 3, Quezon Avenue, Quezon City",Cash on Delivery,paid,In Transit,scheduled,366.94,154.67,0,557.29,,,"{""source"":""web-checkout""}",2026-02-07T16:19:16.322211+00:00,2026-05-22T18:45:24.506219+00:00,,,true
490b5ab4-640c-4140-b0e2-74ce9465c150,550e8400-e29b-41d4-a716-446655440033,18479,0000018479,1742fe28-06f6-49b3-ad2e-b70b651bdb5d,TXN-61587,61587,3,"Quezon city greenfields, Quezon City, Metro Manila",GCash,failed,Cancelled,claim_at_branch,409.05,100.56,0,356.44,,,"{""source"":""web-checkout""}",2026-02-07T08:20:03.779009+00:00,2026-05-23T06:26:46.624031+00:00,Cleaned up stale pending session,2026-05-23T06:26:46.624031+00:00,true
2ac2fb20-c13c-40b3-bb86-914deecbf9c9,550e8400-e29b-41d4-a716-446655440034,18430,0000018430,06fb7ed1-c48c-43c5-843f-e2a3c69acc59,TXN-61799,61799,3,"Blk 454 lot23, Malita, Davao Occidental",Maya,paid,Processing,claim_at_branch,238.16,209.38,0,418.86,,,"{""source"":""web-checkout""}",2026-02-07T01:30:37.304136+00:00,2026-05-22T18:45:24.506219+00:00,,,true
57a3b970-771c-4fcf-ad65-7ba49022d02a,550e8400-e29b-41d4-a716-446655440028,18424,0000018424,0525acd7-4e2c-4197-8ed4-94546db4ece6,TXN-61969,61969,3,"Quezon city greenfields, Quezon City, Metro Manila",Credit / Debit Card,paid,Processing,scheduled,373.01,170.3,0,494.07,,,"{""source"":""web-checkout""}",2026-02-07T00:59:44.572329+00:00,2026-05-22T18:45:24.506219+00:00,,,true
2f359586-22e5-4b04-873c-cf9f0c06a201,550e8400-e29b-41d4-a716-446655440010,19156,0000019156,f0aebe32-3eba-4692-85de-e55cfe3ec87d,TXN-61479,61479,3,"Pickup at Branch 3, Quezon Avenue, Quezon City",Credit / Debit Card,paid,In Transit,claim_at_branch,94.93,62.92,0,487.17,,,"{""source"":""web-checkout""}",2026-02-07T00:52:19.275376+00:00,2026-05-22T18:45:24.506219+00:00,,,true
d5a54349-1b19-4000-8d72-e77b680324aa,550e8400-e29b-41d4-a716-446655440015,18561,0000018561,32e75031-61c4-468b-bac1-579e2978384b,TXN-61911,61911,3,"Pickup at Branch 3, Quezon Avenue, Quezon City",Cash on Delivery,paid,In Transit,scheduled,178.91,83.2,0,385.73,,,"{""source"":""web-checkout""}",2026-02-07T00:38:43.864044+00:00,2026-05-22T18:45:24.506219+00:00,,,true
040e4fe0-5f12-49fb-9426-b78703ac9e23,550e8400-e29b-41d4-a716-446655440038,18584,0000018584,3ae79d2c-3ac6-49e6-b3b8-e2ede582e212,TXN-61673,61673,3,"Quezon city greenfields, Quezon City, Metro Manila",Credit / Debit Card,paid,Processing,scheduled,246.14,80.24,0,184.39,,,"{""source"":""web-checkout""}",2026-02-06T17:31:47.18277+00:00,2026-05-22T18:45:24.506219+00:00,,,true
3629fa00-35a6-46c1-8231-9f52c5a00157,550e8400-e29b-41d4-a716-446655440047,18993,0000018993,c03c5d38-0e99-4bca-a9e2-e1af502e04a1,TXN-61593,61593,3,"Miilionaires Village, Manila City, Metro Manila",Cash on Delivery,paid,Cancelled,scheduled,382.13,169.35,0,396.14,,,"{""source"":""web-checkout""}",2026-02-06T16:42:21.720837+00:00,2026-05-22T18:45:24.506219+00:00,,,true
a733cd0c-920d-4d04-ac01-347c183ec4fe,550e8400-e29b-41d4-a716-446655440041,18987,0000018987,be99f492-0859-4b9c-bd05-504995776a3a,TXN-61678,61678,3,"Manila city, Jabonga, Agusan Del Norte",GCash,paid,Delivered,claim_at_branch,289.02,124.45,0,342.6,,,"{""source"":""web-checkout""}",2026-02-06T09:05:06.780876+00:00,2026-05-22T18:45:24.506219+00:00,,,true
24d7929a-922d-4c99-882a-5824c6a47d44,550e8400-e29b-41d4-a716-446655440020,19166,0000019166,f3953a0c-afaa-4367-b2c4-2e65bbac47fb,TXN-61800,61800,3,"Pickup at Branch 3, Quezon Avenue, Quezon City",Maya,paid,In Transit,claim_at_branch,180.53,107.13,0,545.48,,,"{""source"":""web-checkout""}",2026-02-06T08:18:11.171577+00:00,2026-05-22T18:45:24.506219+00:00,,,true
0c0c0ed1-b279-43db-a03d-35fe852b0e74,550e8400-e29b-41d4-a716-446655440058,18654,0000018654,56aa7c32-5971-495a-858c-de04c6bed5fc,TXN-61857,61857,3,"Quezon city greenfields, Quezon City, Metro Manila",Maya,paid,Processing,scheduled,62.51,107.09,0,384.99,,,"{""source"":""web-checkout""}",2026-02-06T05:16:53.310327+00:00,2026-05-22T18:45:24.506219+00:00,,,true
03eccd5d-ffda-4f3e-a460-62c6d572014e,550e8400-e29b-41d4-a716-446655440053,19099,0000019099,e0e715cb-ddef-40f5-b898-1bc120c4f363,TXN-61742,61742,3,"Quezon city greenfields, Quezon City, Metro Manila",GCash,paid,Processing,claim_at_branch,407.47,58.77,0,431.46,,,"{""source"":""web-checkout""}",2026-02-05T19:02:32.189406+00:00,2026-05-22T18:45:24.506219+00:00,,,true
ed5e5928-c516-4ac3-9196-5be75978ccf2,550e8400-e29b-41d4-a716-446655440059,18555,0000018555,2f8c0d86-a63c-4ced-b0e8-9d8cb40761ba,TXN-61379,61379,3,"Blk 454 lot23, Malita, Davao Occidental",GCash,paid,Processing,scheduled,376.25,152.07,0,515.18,,,"{""source"":""web-checkout""}",2026-02-05T14:54:14.335116+00:00,2026-05-22T18:45:24.506219+00:00,,,true
7304a710-b7e0-487c-9a3f-c76cd6436d77,550e8400-e29b-41d4-a716-446655440012,18958,0000018958,b58598d8-c55c-4008-9663-d99d772be8af,TXN-61525,61525,3,"Miilionaires Village, Manila City, Metro Manila",Maya,paid,Cancelled,scheduled,58.7,169.74,0,274.22,,,"{""source"":""web-checkout""}",2026-02-05T05:52:35.294187+00:00,2026-05-22T18:45:24.506219+00:00,,,true
803cc701-f39b-4c85-8e7a-8493e98e57a6,550e8400-e29b-41d4-a716-446655440041,19137,0000019137,eae001d6-b05c-411e-b676-88b11530feb6,TXN-61746,61746,3,"Manila city, Jabonga, Agusan Del Norte",Cash on Delivery,paid,Delivered,scheduled,218.09,87.13,10.93,489.94,,,"{""source"":""web-checkout""}",2026-02-05T02:17:52.634112+00:00,2026-05-22T18:45:24.506219+00:00,,,true
3c6eee35-4516-4743-acc5-2e4dc138158e,550e8400-e29b-41d4-a716-446655440024,18770,0000018770,80a6f0f5-a26e-4c79-a73d-1d799689b559,TXN-61576,61576,3,"Blk 454 lot23, Malita, Davao Occidental",Maya,paid,Processing,scheduled,194.4,222.79,0,337.79,,,"{""source"":""web-checkout""}",2026-02-05T00:15:19.89966+00:00,2026-05-22T18:45:24.506219+00:00,,,true
e0b324a4-c2f7-4b7c-bee7-94b94ba7bcf7,550e8400-e29b-41d4-a716-446655440035,18681,0000018681,6062e0a2-255f-4565-ba41-1e8afb265730,TXN-61549,61549,3,"Pickup at Branch 3, Quezon Avenue, Quezon City",Cash on Delivery,paid,In Transit,claim_at_branch,95.74,161.15,0,544.7,,,"{""source"":""web-checkout""}",2026-02-04T23:31:04.783057+00:00,2026-05-22T18:45:24.506219+00:00,,,true
d82c157a-4667-49eb-abe9-e505d7811115,550e8400-e29b-41d4-a716-446655440034,19030,0000019030,cededc18-3d78-4a02-be2d-e75c5ec0164d,TXN-61276,61276,3,"Blk 454 lot23, Malita, Davao Occidental",Maya,paid,Processing,claim_at_branch,319.36,59.18,0,657.51,,,"{""source"":""web-checkout""}",2026-02-04T21:17:07.065232+00:00,2026-05-22T18:45:24.506219+00:00,,,true
c8b99311-48ff-4fe5-96a4-4c0f9075f37b,550e8400-e29b-41d4-a716-446655440031,18827,0000018827,8fec1248-2cec-4ea8-bad4-2a5d167a7d07,TXN-61514,61514,3,"Manila city, Jabonga, Agusan Del Norte",GCash,paid,Delivered,claim_at_branch,93.75,70.59,47.28,270.99,,,"{""source"":""web-checkout""}",2026-02-04T05:26:09.461975+00:00,2026-05-22T18:45:24.506219+00:00,,,true
23d15050-95d5-47a1-9057-c2115329fdd9,550e8400-e29b-41d4-a716-446655440051,18447,0000018447,0cffdf04-595b-4386-9886-49ad95e6e159,TXN-61483,61483,3,"Manila city, Jabonga, Agusan Del Norte",GCash,paid,Delivered,claim_at_branch,277.72,98.69,0,430.41,,,"{""source"":""web-checkout""}",2026-02-04T03:33:14.505053+00:00,2026-05-22T18:45:24.506219+00:00,,,true
c40dbdfc-a013-498a-a250-4b32f655b6a7,550e8400-e29b-41d4-a716-446655440046,19192,0000019192,fd6941c2-ffb9-4c04-960e-9cdb3b173a96,TXN-61938,61938,3,"Manila city, Jabonga, Agusan Del Norte",Credit / Debit Card,paid,Delivered,scheduled,154.84,217.95,0,283.28,,,"{""source"":""web-checkout""}",2026-02-03T00:10:24.38108+00:00,2026-05-22T18:45:24.506219+00:00,,,true
cb66cbae-e7c3-4017-a0ea-9fda90806306,550e8400-e29b-41d4-a716-446655440035,18831,0000018831,91cb2be8-f3ca-4674-8e01-add38186cfcd,TXN-61624,61624,3,"Pickup at Branch 3, Quezon Avenue, Quezon City",GCash,failed,Cancelled,claim_at_branch,375.88,216.72,0,158.81,,,"{""source"":""web-checkout""}",2026-02-02T20:09:07.158513+00:00,2026-05-23T06:26:46.624031+00:00,Cleaned up stale pending session,2026-05-23T06:26:46.624031+00:00,true
af2d76c3-edb1-4adf-9338-535dd31f74c8,550e8400-e29b-41d4-a716-446655440016,18512,0000018512,20a07a38-aa81-434f-aa90-7fb360450813,TXN-61741,61741,3,"Manila city, Jabonga, Agusan Del Norte",Credit / Debit Card,paid,Delivered,claim_at_branch,144.21,87.62,0,174.37,,,"{""source"":""web-checkout""}",2026-02-02T10:33:59.180801+00:00,2026-05-22T18:45:24.506219+00:00,,,true
946364ef-d8b3-49eb-a5b1-8019533fad1e,550e8400-e29b-41d4-a716-446655440039,18685,0000018685,62d27cd8-cb5d-4bb3-a612-e1a11ec58895,TXN-61383,61383,3,"Blk 454 lot23, Malita, Davao Occidental",Cash on Delivery,paid,Processing,scheduled,382.77,144.9,0,410.32,,,"{""source"":""web-checkout""}",2026-02-02T08:24:40.255772+00:00,2026-05-22T18:45:24.506219+00:00,,,true
dc7b16bb-b93a-4921-b7d4-89dd24f6db8b,550e8400-e29b-41d4-a716-446655440041,19187,0000019187,fb93cad9-779f-4daa-8f29-a832a9021191,TXN-61588,61588,3,"Manila city, Jabonga, Agusan Del Norte",GCash,paid,Delivered,claim_at_branch,173.27,111.56,45.38,589.88,,,"{""source"":""web-checkout""}",2026-02-02T03:39:16.186059+00:00,2026-05-22T18:45:24.506219+00:00,,,true
da218d72-c9e9-461f-9961-c19c29a2cc63,550e8400-e29b-41d4-a716-446655440046,18442,0000018442,0b77b926-e8b9-4ef7-810d-f3ee79b5b1b5,TXN-61349,61349,3,"Manila city, Jabonga, Agusan Del Norte",Maya,paid,Delivered,scheduled,382.84,87.17,0,108.74,,,"{""source"":""web-checkout""}",2026-02-01T21:22:14.920558+00:00,2026-05-22T18:45:24.506219+00:00,,,true
5f662a39-4eb9-4842-83d3-f7753d0afd59,550e8400-e29b-41d4-a716-446655440029,18725,0000018725,7157559d-a908-4afa-a8a3-0ac00800aaf5,TXN-61326,61326,3,"Blk 454 lot23, Malita, Davao Occidental",Cash on Delivery,paid,Processing,scheduled,276.88,58.86,0,426.23,,,"{""source"":""web-checkout""}",2026-02-01T18:26:29.003836+00:00,2026-05-22T18:45:24.506219+00:00,,,true
5e6b8ec3-1c22-428d-a0a3-1ad5e0c71667,550e8400-e29b-41d4-a716-446655440030,19026,0000019026,cc1a47f1-ee4e-408b-a53b-7df602a67614,TXN-61212,61212,3,"Pickup at Branch 3, Quezon Avenue, Quezon City",Maya,paid,In Transit,scheduled,82.32,185.14,0,170.63,,,"{""source"":""web-checkout""}",2026-02-01T08:03:26.9656+00:00,2026-05-22T18:45:24.506219+00:00,,,true
b750a9d4-5177-47b2-8c45-36ad27e5ca90,550e8400-e29b-41d4-a716-446655440016,19012,0000019012,c7a065a7-c831-4a9e-b4d0-5c20da4bcf1c,TXN-61643,61643,3,"Manila city, Jabonga, Agusan Del Norte",Credit / Debit Card,failed,Cancelled,scheduled,254.97,146.01,0,547.42,,,"{""source"":""web-checkout""}",2026-01-31T21:47:48.328131+00:00,2026-05-23T06:26:46.624031+00:00,Cleaned up stale pending session,2026-05-23T06:26:46.624031+00:00,true
a4a4cefb-e851-47e2-ad6c-81975f95fdfe,550e8400-e29b-41d4-a716-446655440012,18408,0000018408,012f150d-33cb-4a7d-ae16-74a328b0884b,TXN-61722,61722,3,"Miilionaires Village, Manila City, Metro Manila",Credit / Debit Card,paid,Cancelled,scheduled,132.53,214.23,0,263.01,,,"{""source"":""web-checkout""}",2026-01-31T14:57:09.214406+00:00,2026-05-22T18:45:24.506219+00:00,,,true
9c83e3db-7603-4dfc-8d3c-743f4aee7823,550e8400-e29b-41d4-a716-446655440027,18823,0000018823,8ed15acc-98c1-4bbb-85c3-cb613a8a5a2e,TXN-61818,61818,3,"Miilionaires Village, Manila City, Metro Manila",GCash,failed,Cancelled,scheduled,401.37,216.24,0,477.26,,,"{""source"":""web-checkout""}",2026-01-31T07:22:54.972945+00:00,2026-05-23T06:26:46.624031+00:00,Cleaned up stale pending session,2026-05-23T06:26:46.624031+00:00,true
c7517cb2-5ab7-4a08-a85e-1a9091d5df86,550e8400-e29b-41d4-a716-446655440013,18609,0000018609,444560f3-655a-4973-82b9-7cd9ad355203,TXN-61211,61211,3,"Quezon city greenfields, Quezon City, Metro Manila",Cash on Delivery,paid,Processing,scheduled,59.64,160.7,0,284.03,,,"{""source"":""web-checkout""}",2026-01-31T02:49:47.382486+00:00,2026-05-22T18:45:24.506219+00:00,,,true
3334798f-92d5-46d3-bf12-cd09f4822e99,550e8400-e29b-41d4-a716-446655440057,18853,0000018853,9a26d36f-b38e-4daa-bf55-fba4bcebdebb,TXN-61783,61783,3,"Miilionaires Village, Manila City, Metro Manila",Cash on Delivery,failed,Cancelled,scheduled,194.57,67.93,23.92,341.34,,,"{""source"":""web-checkout""}",2026-01-31T01:10:11.443406+00:00,2026-05-23T06:26:46.624031+00:00,Cleaned up stale pending session,2026-05-23T06:26:46.624031+00:00,true
d067cc24-1b28-44f5-ad80-28e5bcf2684c,550e8400-e29b-41d4-a716-446655440032,18478,0000018478,17154f68-331e-41be-8749-98bc069d4d93,TXN-61423,61423,3,"Miilionaires Village, Manila City, Metro Manila",Maya,paid,Cancelled,scheduled,98.43,204.95,0,569.07,,,"{""source"":""web-checkout""}",2026-01-31T00:36:26.670115+00:00,2026-05-22T18:45:24.506219+00:00,,,true
b86e6c1d-1f92-4558-85f4-48764d80e208,550e8400-e29b-41d4-a716-446655440027,18423,0000018423,0502e9a3-00cd-4366-b590-0b2f8508d605,TXN-61764,61764,3,"Miilionaires Village, Manila City, Metro Manila",GCash,paid,Cancelled,claim_at_branch,57.29,66.43,0,185.89,,,"{""source"":""web-checkout""}",2026-01-30T05:00:10.952852+00:00,2026-05-22T18:45:24.506219+00:00,,,true
452b2031-c90d-4b1c-9930-a8b9d9e3fd49,550e8400-e29b-41d4-a716-446655440048,19044,0000019044,d187c4c0-b669-4a1e-92d1-6d1bb4bc070c,TXN-61425,61425,3,"Quezon city greenfields, Quezon City, Metro Manila",Credit / Debit Card,paid,Processing,claim_at_branch,359.58,186.62,0,550.67,,,"{""source"":""web-checkout""}",2026-01-30T02:34:28.146794+00:00,2026-05-22T18:45:24.506219+00:00,,,true
0b9adeda-2ee7-4dda-97f8-54bde1adc4d9,550e8400-e29b-41d4-a716-446655440017,18913,0000018913,a7e623c4-951e-4314-97ce-ba09c52c532e,TXN-61244,61244,3,"Miilionaires Village, Manila City, Metro Manila",Cash on Delivery,paid,Cancelled,claim_at_branch,229.88,192.65,0,162.65,,,"{""source"":""web-checkout""}",2026-01-30T01:27:10.949958+00:00,2026-05-22T18:45:24.506219+00:00,,,true
82ac7ba0-4f9c-48c5-86f5-a911a6d172b3,550e8400-e29b-41d4-a716-446655440035,18431,0000018431,07036e90-0b4a-4a82-a32e-292a0843eb92,TXN-61846,61846,3,"Pickup at Branch 3, Quezon Avenue, Quezon City",GCash,paid,In Transit,scheduled,191.81,65.85,0,242.33,,,"{""source"":""web-checkout""}",2026-01-29T22:10:34.586937+00:00,2026-05-22T18:45:24.506219+00:00,,,true
df6d367c-8917-4d65-954b-bcf880005d2d,550e8400-e29b-41d4-a716-446655440042,18588,0000018588,3b9f904f-9d7c-4e2f-8b39-773d24ee213b,TXN-61580,61580,3,"Miilionaires Village, Manila City, Metro Manila",Credit / Debit Card,paid,Cancelled,claim_at_branch,437.92,54.51,0,465.39,,,"{""source"":""web-checkout""}",2026-01-29T18:31:43.983803+00:00,2026-05-22T18:45:24.506219+00:00,,,true
f60e2206-8908-4330-ab05-211a98ef6382,550e8400-e29b-41d4-a716-446655440042,18988,0000018988,becde130-2df4-4bbc-ad28-85c42b7ce6d5,TXN-61321,61321,3,"Miilionaires Village, Manila City, Metro Manila",Credit / Debit Card,paid,Cancelled,claim_at_branch,231.34,188.02,22.11,454.58,,,"{""source"":""web-checkout""}",2026-01-29T16:24:41.949187+00:00,2026-05-22T18:45:24.506219+00:00,,,true
9eef089c-65a7-4f3f-a2be-d560ab33ed79,550e8400-e29b-41d4-a716-446655440045,18591,0000018591,3c76f5e8-7906-44c0-bb4a-e09eb2ae1af9,TXN-61699,61699,3,"Pickup at Branch 3, Quezon Avenue, Quezon City",GCash,paid,In Transit,claim_at_branch,71.94,244.09,0,480.41,,,"{""source"":""web-checkout""}",2026-01-29T14:02:45.733409+00:00,2026-05-22T18:45:24.506219+00:00,,,true
24b96623-4e11-4137-b580-22b29bd78d97,550e8400-e29b-41d4-a716-446655440040,18736,0000018736,7411fc2c-e04a-4e3f-85a4-1e419c5692d3,TXN-61462,61462,3,"Pickup at Branch 3, Quezon Avenue, Quezon City",Credit / Debit Card,paid,In Transit,claim_at_branch,296.11,206.41,0,694,,,"{""source"":""web-checkout""}",2026-01-29T05:52:32.721325+00:00,2026-05-22T18:45:24.506219+00:00,,,true
7b5a94fa-57a5-4616-99da-ecb74af8cb84,550e8400-e29b-41d4-a716-446655440039,18535,0000018535,2882bc03-a57c-413b-add4-291ca5fcb77e,TXN-61571,61571,3,"Blk 454 lot23, Malita, Davao Occidental",GCash,paid,Processing,scheduled,409.31,237.34,0,622.67,,,"{""source"":""web-checkout""}",2026-01-29T01:26:04.702336+00:00,2026-05-22T18:45:24.506219+00:00,,,true
7c59b7be-69cd-4467-b6a2-46d10feb7363,550e8400-e29b-41d4-a716-446655440038,19034,0000019034,cf547cf3-9972-4e87-9de0-1c1ba9dbc3bc,TXN-61504,61504,3,"Quezon city greenfields, Quezon City, Metro Manila",Maya,paid,Processing,claim_at_branch,69.04,212.08,0,425.03,,,"{""source"":""web-checkout""}",2026-01-28T20:30:34.840989+00:00,2026-05-22T18:45:24.506219+00:00,,,true
11d2f131-16fd-4ca5-90e4-ac39ef7e08a4,550e8400-e29b-41d4-a716-446655440043,18789,0000018789,85ae2eb3-9c0f-4656-b856-f63d07c93a29,TXN-61224,61224,3,"Quezon city greenfields, Quezon City, Metro Manila",Cash on Delivery,paid,Processing,scheduled,83.7,152.44,0,602.53,,,"{""source"":""web-checkout""}",2026-01-28T18:25:29.745199+00:00,2026-05-22T18:45:24.506219+00:00,,,true
af35faec-b9dd-4975-b6db-dcf11421d492,550e8400-e29b-41d4-a716-446655440033,19179,0000019179,f8e5eafb-0be5-42e2-ae5e-01c0dd99b8fc,TXN-61485,61485,3,"Quezon city greenfields, Quezon City, Metro Manila",GCash,paid,Processing,scheduled,310.41,195.48,37.44,101.49,,,"{""source"":""web-checkout""}",2026-01-28T16:47:45.523069+00:00,2026-05-22T18:45:24.506219+00:00,,,true
67afa832-9c26-4ca7-b4ee-c04b69612398,550e8400-e29b-41d4-a716-446655440047,18593,0000018593,3cb456ca-a76b-41f1-8de7-db06f18099a4,TXN-61949,61949,3,"Miilionaires Village, Manila City, Metro Manila",Cash on Delivery,paid,Cancelled,scheduled,174.52,129.1,23.16,437.56,,,"{""source"":""web-checkout""}",2026-01-28T09:45:29.207312+00:00,2026-05-22T18:45:24.506219+00:00,,,true
4042a50d-74f4-43d0-9d44-7d2c28da5d78,550e8400-e29b-41d4-a716-446655440018,19064,0000019064,d73a8ecc-8c66-40ad-9297-80dd61820ff9,TXN-61817,61817,3,"Quezon city greenfields, Quezon City, Metro Manila",Credit / Debit Card,paid,Processing,scheduled,338.52,56.53,0,364.5,,,"{""source"":""web-checkout""}",2026-01-28T02:13:45.54577+00:00,2026-05-22T18:45:24.506219+00:00,,,true
093fcfd6-5447-4bea-80e8-3cc105c5db55,550e8400-e29b-41d4-a716-446655440056,19152,0000019152,ef311395-82e6-45a9-bfe9-48f7f797a271,TXN-61826,61826,3,"Manila city, Jabonga, Agusan Del Norte",Credit / Debit Card,paid,Delivered,scheduled,118.12,60.86,0,198.66,,,"{""source"":""web-checkout""}",2026-01-28T01:41:55.34362+00:00,2026-05-22T18:45:24.506219+00:00,,,true
77116550-770c-4380-9cb0-aaa8a76e004d,550e8400-e29b-41d4-a716-446655440058,19204,0000019204,ff9a920e-0a18-43ad-81d5-492a332c117d,TXN-61568,61568,3,"Quezon city greenfields, Quezon City, Metro Manila",Credit / Debit Card,paid,Processing,scheduled,205.72,175.81,0,302.03,,,"{""source"":""web-checkout""}",2026-01-27T18:41:07.237318+00:00,2026-05-22T18:45:24.506219+00:00,,,true
cfb23119-681d-4736-baa3-4b9eb7a06907,550e8400-e29b-41d4-a716-446655440014,18810,0000018810,8c60ac00-918f-4450-9a0d-09c631d4eaa3,TXN-61701,61701,3,"Blk 454 lot23, Malita, Davao Occidental",Maya,paid,Processing,scheduled,206,98.72,49.57,167.03,,,"{""source"":""web-checkout""}",2026-01-27T11:13:20.041553+00:00,2026-05-22T18:45:24.506219+00:00,,,true
525d7b78-04e2-4f28-9089-db1c7594309f,550e8400-e29b-41d4-a716-446655440050,18496,0000018496,1ada9553-c07d-4680-8c3a-67889f23803b,TXN-61203,61203,3,"Pickup at Branch 3, Quezon Avenue, Quezon City",Credit / Debit Card,failed,Cancelled,claim_at_branch,70.68,134.23,0,586.93,,,"{""source"":""web-checkout""}",2026-01-27T06:39:19.280454+00:00,2026-05-23T06:26:46.624031+00:00,Cleaned up stale pending session,2026-05-23T06:26:46.624031+00:00,true
549362a6-1499-4176-9609-cbd467ef014d,550e8400-e29b-41d4-a716-446655440032,18528,0000018528,25891195-770f-4425-8c15-71d9c82fc7f8,TXN-61507,61507,3,"Miilionaires Village, Manila City, Metro Manila",Credit / Debit Card,paid,Cancelled,claim_at_branch,298.76,190.27,0.25,311.59,,,"{""source"":""web-checkout""}",2026-01-26T12:38:37.922501+00:00,2026-05-22T18:45:24.506219+00:00,,,true
319af81b-8b7a-4313-b925-c9d609e15fe7,550e8400-e29b-41d4-a716-446655440045,18841,0000018841,96462518-2360-4284-a446-5665500fb922,TXN-61205,61205,3,"Pickup at Branch 3, Quezon Avenue, Quezon City",Cash on Delivery,paid,In Transit,claim_at_branch,165.72,224.81,0.98,361.08,,,"{""source"":""web-checkout""}",2026-01-25T12:57:31.990888+00:00,2026-05-22T18:45:24.506219+00:00,,,true
81d32688-bed0-485d-b772-ee9301a59dbc,550e8400-e29b-41d4-a716-446655440029,19175,0000019175,f8106162-3dbf-4630-99bc-9159553d717f,TXN-61339,61339,3,"Blk 454 lot23, Malita, Davao Occidental",GCash,paid,Processing,scheduled,348.1,83.69,0,189.19,,,"{""source"":""web-checkout""}",2026-01-25T05:37:10.024521+00:00,2026-05-22T18:45:24.506219+00:00,,,true
f6b9a985-eb60-4a55-ba21-83fbd0739493,550e8400-e29b-41d4-a716-446655440010,19006,0000019006,c350882e-89bc-4d62-aa9b-749ecb91684a,TXN-61311,61311,3,"Pickup at Branch 3, Quezon Avenue, Quezon City",Maya,paid,In Transit,claim_at_branch,113.59,79.23,0,139.5,,,"{""source"":""web-checkout""}",2026-01-25T04:50:53.293385+00:00,2026-05-22T18:45:24.506219+00:00,,,true
53d5a045-5321-4d35-a5a6-97eab34f6578,550e8400-e29b-41d4-a716-446655440039,18985,0000018985,bd9f1dad-dd17-46aa-9445-72b07b911246,TXN-61977,61977,3,"Blk 454 lot23, Malita, Davao Occidental",Cash on Delivery,paid,Processing,claim_at_branch,112.94,154.14,0,552.76,,,"{""source"":""web-checkout""}",2026-01-24T20:34:14.160305+00:00,2026-05-22T18:45:24.506219+00:00,,,true
976bb1ab-9ec2-4431-927c-e51e82c343da,550e8400-e29b-41d4-a716-446655440043,18989,0000018989,bf60a72a-2c3b-4691-8566-063e99286073,TXN-61747,61747,3,"Quezon city greenfields, Quezon City, Metro Manila",Cash on Delivery,paid,Processing,scheduled,148.05,104.99,0,237.35,,,"{""source"":""web-checkout""}",2026-01-24T15:50:55.468394+00:00,2026-05-22T18:45:24.506219+00:00,,,true
f483e028-f58b-46ad-9cc0-4927cf824ae9,550e8400-e29b-41d4-a716-446655440036,18782,0000018782,840adf6c-0005-488e-be3c-7bbf13c023f9,TXN-61616,61616,3,"Manila city, Jabonga, Agusan Del Norte",Maya,paid,Delivered,scheduled,256.77,90.82,0,510.12,,,"{""source"":""web-checkout""}",2026-01-24T12:54:00.404931+00:00,2026-05-22T18:45:24.506219+00:00,,,true
9939fa76-5caa-4686-9bdc-417e5de1618e,550e8400-e29b-41d4-a716-446655440048,18594,0000018594,3ccf2c5a-4705-4492-8f11-7babe237bf87,TXN-61475,61475,3,"Quezon city greenfields, Quezon City, Metro Manila",Maya,paid,Processing,scheduled,152.24,117.37,0,328.84,,,"{""source"":""web-checkout""}",2026-01-24T05:54:31.296762+00:00,2026-05-22T18:45:24.506219+00:00,,,true
3d5329b6-6445-4ccb-b1d2-1feb4ae2005d,550e8400-e29b-41d4-a716-446655440059,18505,0000018505,1e4f09a5-9afc-4ee7-b456-f0ce3963ecf4,TXN-61839,61839,3,"Blk 454 lot23, Malita, Davao Occidental",Cash on Delivery,paid,Processing,claim_at_branch,93.61,175.72,0,424.05,,,"{""source"":""web-checkout""}",2026-01-23T21:38:59.20455+00:00,2026-05-22T18:45:24.506219+00:00,,,true
14f48494-b7b3-4a8f-aa2f-119fe62c9c8b,550e8400-e29b-41d4-a716-446655440037,19083,0000019083,dc981f0c-dbce-4753-942d-559acb8df88d,TXN-61907,61907,3,"Miilionaires Village, Manila City, Metro Manila",GCash,paid,Cancelled,scheduled,444.52,94.58,0,185.41,,,"{""source"":""web-checkout""}",2026-01-23T11:32:24.859462+00:00,2026-05-22T18:45:24.506219+00:00,,,true
792e98b5-a90f-47c5-9c4c-96a9ffbc83ca,550e8400-e29b-41d4-a716-446655440039,18785,0000018785,851c7a5b-152e-434d-8485-2bf6284a921d,TXN-61508,61508,3,"Blk 454 lot23, Malita, Davao Occidental",Cash on Delivery,paid,Processing,claim_at_branch,153.79,122.77,0,641.37,,,"{""source"":""web-checkout""}",2026-01-23T08:16:15.792916+00:00,2026-05-22T18:45:24.506219+00:00,,,true
1e3ffe5e-e64d-4124-9490-c13b4fc322c5,550e8400-e29b-41d4-a716-446655440050,18646,0000018646,53f8c507-16ff-451e-9a0f-3caf576b30fb,TXN-61497,61497,3,"Pickup at Branch 3, Quezon Avenue, Quezon City",Maya,paid,In Transit,scheduled,434.91,100.07,0,151.88,,,"{""source"":""web-checkout""}",2026-01-23T04:50:21.515536+00:00,2026-05-22T18:45:24.506219+00:00,,,true
67960429-eb5e-4f09-9332-a1194222381b,550e8400-e29b-41d4-a716-446655440053,18699,0000018699,6815066b-08ae-45f0-8e3f-dad654111e9e,TXN-61932,61932,3,"Quezon city greenfields, Quezon City, Metro Manila",GCash,paid,Processing,claim_at_branch,429.73,69.4,0,325.63,,,"{""source"":""web-checkout""}",2026-01-22T23:19:39.142863+00:00,2026-05-22T18:45:24.506219+00:00,,,true
eb3cb9b4-9b1e-43b8-87dd-75acac84c6ab,550e8400-e29b-41d4-a716-446655440017,18763,0000018763,7e26db9d-7fbf-4f90-9f42-7babe35c8822,TXN-61966,61966,3,"Miilionaires Village, Manila City, Metro Manila",GCash,paid,Cancelled,claim_at_branch,210.18,221.59,0,137.43,,,"{""source"":""web-checkout""}",2026-01-22T18:27:59.147101+00:00,2026-05-22T18:45:24.506219+00:00,,,true
32fbb3e1-9e5e-4dda-954f-6a9cfbe64746,550e8400-e29b-41d4-a716-446655440048,18694,0000018694,65994a13-4591-4298-8836-5973ffa16b39,TXN-61585,61585,3,"Quezon city greenfields, Quezon City, Metro Manila",Maya,paid,Processing,claim_at_branch,329.74,213.24,46.86,441.51,,,"{""source"":""web-checkout""}",2026-01-22T16:54:59.091521+00:00,2026-05-22T18:45:24.506219+00:00,,,true
8e7251d3-bd7b-4048-b223-84c767deec1b,550e8400-e29b-41d4-a716-446655440022,19168,0000019168,f3d98b65-5301-424b-937f-3198ebf68252,TXN-61546,61546,3,"Miilionaires Village, Manila City, Metro Manila",Credit / Debit Card,paid,Cancelled,claim_at_branch,306.65,101.69,0,296.8,,,"{""source"":""web-checkout""}",2026-01-22T14:44:28.339694+00:00,2026-05-22T18:45:24.506219+00:00,,,true
1de16a8b-1704-41b3-83d5-0605b98ba2a6,550e8400-e29b-41d4-a716-446655440032,18628,0000018628,4cf093ad-99d3-45dd-84d0-f3afd71efea2,TXN-61771,61771,3,"Miilionaires Village, Manila City, Metro Manila",Credit / Debit Card,paid,Cancelled,claim_at_branch,186.29,82.24,0,583.94,,,"{""source"":""web-checkout""}",2026-01-22T12:37:31.786617+00:00,2026-05-22T18:45:24.506219+00:00,,,true
44f3fc95-b578-40da-9283-0c2391eaa091,550e8400-e29b-41d4-a716-446655440022,19118,0000019118,e588fe93-ee0a-427d-a8de-c79d717e03d7,TXN-61412,61412,3,"Miilionaires Village, Manila City, Metro Manila",Maya,failed,Cancelled,scheduled,191.62,115.15,11.67,548.26,,,"{""source"":""web-checkout""}",2026-01-22T02:12:40.265581+00:00,2026-05-23T06:26:46.624031+00:00,Cleaned up stale pending session,2026-05-23T06:26:46.624031+00:00,true
00c58444-9ea7-4eac-ab52-e792d02129a2,550e8400-e29b-41d4-a716-446655440031,19127,0000019127,e7e482e6-69a8-482f-9436-65a368e857fa,TXN-61482,61482,3,"Manila city, Jabonga, Agusan Del Norte",GCash,paid,Delivered,scheduled,203.54,240.68,0,400.15,,,"{""source"":""web-checkout""}",2026-01-21T21:44:42.047376+00:00,2026-05-22T18:45:24.506219+00:00,,,true
0c28b47e-0a33-4409-bc0a-72c4a5950a06,550e8400-e29b-41d4-a716-446655440059,18655,0000018655,56fc4c28-0665-450f-971d-96ffd60ed6e7,TXN-61470,61470,3,"Blk 454 lot23, Malita, Davao Occidental",GCash,paid,Processing,claim_at_branch,159.82,222.24,0,297.19,,,"{""source"":""web-checkout""}",2026-01-21T19:27:42.350289+00:00,2026-05-22T18:45:24.506219+00:00,,,true
cecdb562-4189-49d7-b335-d7b1634ea726,550e8400-e29b-41d4-a716-446655440049,19095,0000019095,e0aa4743-859a-4d57-922a-83a85ebba057,TXN-61810,61810,3,"Blk 454 lot23, Malita, Davao Occidental",GCash,paid,Processing,scheduled,254.69,215.25,30.38,321.21,,,"{""source"":""web-checkout""}",2026-01-21T03:23:31.264408+00:00,2026-05-22T18:45:24.506219+00:00,,,true
2368974e-07ec-4e97-af85-464dde348c7b,550e8400-e29b-41d4-a716-446655440031,18677,0000018677,5f56c668-33f2-49d9-9c66-99852fbc6004,TXN-61302,61302,3,"Manila city, Jabonga, Agusan Del Norte",Cash on Delivery,paid,Delivered,scheduled,358.85,148.53,0,382.34,,,"{""source"":""web-checkout""}",2026-01-20T10:46:55.809718+00:00,2026-05-22T18:45:24.506219+00:00,,,true
2f70d469-ded9-4db8-84f9-d1295b786c1c,550e8400-e29b-41d4-a716-446655440056,18752,0000018752,79c684ec-4280-4d51-b31e-77a0ae4020d6,TXN-61921,61921,3,"Manila city, Jabonga, Agusan Del Norte",Credit / Debit Card,failed,Cancelled,scheduled,247.01,155.61,10.15,480.68,,,"{""source"":""web-checkout""}",2026-01-20T08:00:48.879042+00:00,2026-05-23T06:26:46.624031+00:00,Cleaned up stale pending session,2026-05-23T06:26:46.624031+00:00,true
05f9bfc6-c686-40f4-a523-07a500656e11,550e8400-e29b-41d4-a716-446655440044,18940,0000018940,afc26772-e181-4e56-b387-ad449926cf7e,TXN-61890,61890,3,"Blk 454 lot23, Malita, Davao Occidental",Credit / Debit Card,paid,Processing,scheduled,420.56,99.89,4.38,601.41,,,"{""source"":""web-checkout""}",2026-01-20T02:45:57.380209+00:00,2026-05-22T18:45:24.506219+00:00,,,true
890ed6f6-95db-490f-9490-15ef63a8a9c5,550e8400-e29b-41d4-a716-446655440038,18784,0000018784,848b80e9-a5d6-4e48-81b2-655ca71c5570,TXN-61280,61280,3,"Quezon city greenfields, Quezon City, Metro Manila",Credit / Debit Card,paid,Processing,claim_at_branch,234.24,80.52,0,601.26,,,"{""source"":""web-checkout""}",2026-01-19T22:42:30.909289+00:00,2026-05-22T18:45:24.506219+00:00,,,true
467aa820-bceb-4c2e-82dc-507681b696e1,550e8400-e29b-41d4-a716-446655440047,18443,0000018443,0c2ef256-f98f-4f53-aace-598ee52d396a,TXN-61947,61947,3,"Miilionaires Village, Manila City, Metro Manila",GCash,failed,Cancelled,scheduled,438.01,172.51,0,172.18,,,"{""source"":""web-checkout""}",2026-01-19T21:18:11.732315+00:00,2026-05-23T06:26:46.624031+00:00,Cleaned up stale pending session,2026-05-23T06:26:46.624031+00:00,true
87e797a9-0dbb-4aa9-a78e-fb07b230099a,550e8400-e29b-41d4-a716-446655440033,18429,0000018429,064d6a72-f55b-46f0-9ab0-eddc236f6295,TXN-61573,61573,3,"Quezon city greenfields, Quezon City, Metro Manila",Cash on Delivery,paid,Processing,scheduled,436.71,85.53,0,380.35,,,"{""source"":""web-checkout""}",2026-01-19T19:21:30.558999+00:00,2026-05-22T18:45:24.506219+00:00,,,true
16bd59a6-1300-4281-ae91-758f5434590b,550e8400-e29b-41d4-a716-446655440055,19001,0000019001,c2cb3716-7560-42d1-bfc8-b4f7aeb42fdd,TXN-61265,61265,3,"Pickup at Branch 3, Quezon Avenue, Quezon City",Cash on Delivery,paid,In Transit,scheduled,430.37,175.5,0,330.1,,,"{""source"":""web-checkout""}",2026-01-19T16:42:16.641948+00:00,2026-05-22T18:45:24.506219+00:00,,,true
bbac5e2d-b2ba-4432-96c3-83f903259581,550e8400-e29b-41d4-a716-446655440040,18536,0000018536,28c3e4ee-7d72-4f0c-aecd-3e7a6c55fca9,TXN-61476,61476,3,"Pickup at Branch 3, Quezon Avenue, Quezon City",Credit / Debit Card,paid,In Transit,claim_at_branch,237.59,127.59,18.34,518.48,,,"{""source"":""web-checkout""}",2026-01-19T14:31:47.508888+00:00,2026-05-22T18:45:24.506219+00:00,,,true
ccb6b1df-e867-45bb-85a4-98645a645c88,550e8400-e29b-41d4-a716-446655440040,18936,0000018936,ae47a9bc-bb5c-4e29-aa49-dff725fd128a,TXN-61832,61832,3,"Pickup at Branch 3, Quezon Avenue, Quezon City",Credit / Debit Card,paid,In Transit,scheduled,224.08,116.95,0,147.88,,,"{""source"":""web-checkout""}",2026-01-19T14:19:14.325617+00:00,2026-05-22T18:45:24.506219+00:00,,,true
fa5cd5d6-e77c-40e0-8adc-747c4337182c,550e8400-e29b-41d4-a716-446655440019,18715,0000018715,6e0fc51f-5fb4-4504-82a9-4ffb8d08bc6b,TXN-61309,61309,3,"Blk 454 lot23, Malita, Davao Occidental",GCash,failed,Cancelled,scheduled,218.72,248.69,0,415.36,,,"{""source"":""web-checkout""}",2026-01-19T13:16:52.153999+00:00,2026-05-23T06:26:46.624031+00:00,Cleaned up stale pending session,2026-05-23T06:26:46.624031+00:00,true
bd8e0a09-b402-48b6-b25e-869aa9f6898a,550e8400-e29b-41d4-a716-446655440025,19171,0000019171,f4c669b4-4146-40e9-b079-22f2a04b4fe5,TXN-61393,61393,3,"Pickup at Branch 3, Quezon Avenue, Quezon City",GCash,paid,In Transit,claim_at_branch,224.63,219.83,0,608.9,,,"{""source"":""web-checkout""}",2026-01-19T10:43:35.837453+00:00,2026-05-22T18:45:24.506219+00:00,,,true
35721ebe-48da-4726-a8cc-83afb1105c86,550e8400-e29b-41d4-a716-446655440048,18494,0000018494,1a9cea86-65b6-4136-94b5-0fdb01770934,TXN-61357,61357,3,"Quezon city greenfields, Quezon City, Metro Manila",Maya,paid,Processing,scheduled,83,132.14,0,567.38,,,"{""source"":""web-checkout""}",2026-01-19T08:42:22.386035+00:00,2026-05-22T18:45:24.506219+00:00,,,true
6c36adb8-51fe-4da0-acd4-168eeb195182,550e8400-e29b-41d4-a716-446655440042,18638,0000018638,5053c6be-f97f-427c-8e80-d28febade1e7,TXN-61436,61436,3,"Miilionaires Village, Manila City, Metro Manila",Maya,paid,Cancelled,scheduled,196.96,74.08,41.81,511.63,,,"{""source"":""web-checkout""}",2026-01-19T07:18:11.039402+00:00,2026-05-22T18:45:24.506219+00:00,,,true
416393a8-364b-4453-88d2-595fe2fe642d,550e8400-e29b-41d4-a716-446655440046,19142,0000019142,ebafa83f-c9d1-429c-862d-0070364c868e,TXN-61303,61303,3,"Manila city, Jabonga, Agusan Del Norte",Maya,paid,Delivered,scheduled,334.72,227.35,0,589.54,,,"{""source"":""web-checkout""}",2026-01-19T05:48:53.111547+00:00,2026-05-22T18:45:24.506219+00:00,,,true
cbdea78d-5ea1-42ac-93cb-696ccbbefd79,550e8400-e29b-41d4-a716-446655440026,18972,0000018972,b9c68192-b0ce-44e1-a0d4-6b15018df11e,TXN-61875,61875,3,"Manila city, Jabonga, Agusan Del Norte",Credit / Debit Card,paid,Delivered,scheduled,70.69,108.57,0,575.09,,,"{""source"":""web-checkout""}",2026-01-18T23:49:49.97452+00:00,2026-05-22T18:45:24.506219+00:00,,,true
aecac87c-956f-4e12-b830-529089fbd0ee,550e8400-e29b-41d4-a716-446655440017,19113,0000019113,e400cea8-0305-4232-ace7-5b0582b7d387,TXN-61887,61887,3,"Miilionaires Village, Manila City, Metro Manila",Cash on Delivery,paid,Cancelled,claim_at_branch,360.17,109.75,0,502.99,,,"{""source"":""web-checkout""}",2026-01-18T22:21:04.851011+00:00,2026-05-22T18:45:24.506219+00:00,,,true
9787ba3a-16bf-4dfa-a1ca-f040473eef13,550e8400-e29b-41d4-a716-446655440026,18722,0000018722,70fbf810-7736-4fdb-b8ce-c3569f3f189f,TXN-61760,61760,3,"Manila city, Jabonga, Agusan Del Norte",Maya,paid,Delivered,scheduled,238.46,121.82,0,469.45,,,"{""source"":""web-checkout""}",2026-01-18T20:48:10.844636+00:00,2026-05-22T18:45:24.506219+00:00,,,true
69685a3d-26d3-4154-bf0e-19f35ae93480,550e8400-e29b-41d4-a716-446655440041,18537,0000018537,29a4815d-734f-4fdb-a5f3-d159badb9547,TXN-61721,61721,3,"Manila city, Jabonga, Agusan Del Norte",Cash on Delivery,failed,Cancelled,scheduled,286.5,123.09,1.89,176.63,,,"{""source"":""web-checkout""}",2026-01-18T20:06:01.353478+00:00,2026-05-23T06:26:46.624031+00:00,Cleaned up stale pending session,2026-05-23T06:26:46.624031+00:00,true
4c438ffe-2491-47ee-b4c9-9af084a9f0f9,550e8400-e29b-41d4-a716-446655440039,18885,0000018885,a2dbfc75-3712-4157-a3bd-77c03a2db9b3,TXN-61366,61366,3,"Blk 454 lot23, Malita, Davao Occidental",Cash on Delivery,paid,Processing,claim_at_branch,147.58,166.99,0,482.56,,,"{""source"":""web-checkout""}",2026-01-18T18:26:29.502159+00:00,2026-05-22T18:45:24.506219+00:00,,,true
a8c7fe86-45bd-4cb5-a3b0-2df3125d2634,550e8400-e29b-41d4-a716-446655440017,18413,0000018413,01dd514c-0c9c-4db7-815a-073f03456508,TXN-61290,61290,3,"Miilionaires Village, Manila City, Metro Manila",Cash on Delivery,failed,Cancelled,scheduled,284.47,239.27,0,420.98,,,"{""source"":""web-checkout""}",2026-01-18T09:10:58.444+00:00,2026-05-23T06:26:46.624031+00:00,Cleaned up stale pending session,2026-05-23T06:26:46.624031+00:00,true
a15c84f9-a298-4123-90de-3f84da890fb5,550e8400-e29b-41d4-a716-446655440044,18740,0000018740,74a58498-2b26-4e31-b3d8-0fa3a061aa58,TXN-61822,61822,3,"Blk 454 lot23, Malita, Davao Occidental",Credit / Debit Card,paid,Processing,scheduled,352.47,222.47,0,660.62,,,"{""source"":""web-checkout""}",2026-01-18T04:31:29.271128+00:00,2026-05-22T18:45:24.506219+00:00,,,true
d84f4ff1-b3f8-4b00-a3a0-4434448c2185,550e8400-e29b-41d4-a716-446655440036,18482,0000018482,184076eb-27b6-4107-8351-1a3d27666f81,TXN-61912,61912,3,"Manila city, Jabonga, Agusan Del Norte",Maya,paid,Delivered,scheduled,106.77,230,0,466.17,,,"{""source"":""web-checkout""}",2026-01-18T03:41:39.72171+00:00,2026-05-22T18:45:24.506219+00:00,,,true
33d6373e-e846-4731-8537-511450145783,550e8400-e29b-41d4-a716-446655440050,18946,0000018946,b214abdb-3759-43f2-abb9-2c84f3ff3431,TXN-61675,61675,3,"Pickup at Branch 3, Quezon Avenue, Quezon City",Maya,failed,Cancelled,claim_at_branch,382.84,239.02,0,290.36,,,"{""source"":""web-checkout""}",2026-01-17T20:15:45.741704+00:00,2026-05-23T06:26:46.624031+00:00,Cleaned up stale pending session,2026-05-23T06:26:46.624031+00:00,true
29c487e9-e622-49ff-b84d-9d5cfa2021dc,550e8400-e29b-41d4-a716-446655440022,19018,0000019018,c92725ff-ed0f-4369-bdc3-8044a76a9435,TXN-61788,61788,3,"Miilionaires Village, Manila City, Metro Manila",Maya,paid,Cancelled,scheduled,148.36,104.28,35.58,405.2,,,"{""source"":""web-checkout""}",2026-01-17T19:48:42.253053+00:00,2026-05-22T18:45:24.506219+00:00,,,true
d8966e0c-25a4-4195-a5cb-1170d680ecd2,550e8400-e29b-41d4-a716-446655440016,19112,0000019112,e36cb8f1-84b4-4357-aad8-49a172cc1f21,TXN-61970,61970,3,"Manila city, Jabonga, Agusan Del Norte",Credit / Debit Card,paid,Delivered,scheduled,375.96,75.92,0,324.29,,,"{""source"":""web-checkout""}",2026-01-17T18:11:09.259463+00:00,2026-05-22T18:45:24.506219+00:00,,,true
e0a04503-9234-4d75-a98b-6b9302ac31f1,550e8400-e29b-41d4-a716-446655440019,18965,0000018965,b735a4a2-8741-4709-a348-a89afd663eb7,TXN-61855,61855,3,"Blk 454 lot23, Malita, Davao Occidental",Cash on Delivery,paid,Processing,claim_at_branch,410.05,192.33,0,348.36,,,"{""source"":""web-checkout""}",2026-01-17T17:29:03.827292+00:00,2026-05-22T18:45:24.506219+00:00,,,true
96329564-1d9e-4765-93b0-1c54f7a5b87c,550e8400-e29b-41d4-a716-446655440018,18864,0000018864,9bf23ec0-f1a0-48d2-ab29-ba5aa826639c,TXN-61749,61749,3,"Quezon city greenfields, Quezon City, Metro Manila",Credit / Debit Card,paid,Processing,claim_at_branch,375.24,124.49,24.19,485.85,,,"{""source"":""web-checkout""}",2026-01-17T16:05:55.892623+00:00,2026-05-22T18:45:24.506219+00:00,,,true
a0fced1b-9037-4744-a162-5074785c1d0a,550e8400-e29b-41d4-a716-446655440049,18745,0000018745,75b27a02-2383-4dff-84d4-97263d737e4e,TXN-61418,61418,3,"Blk 454 lot23, Malita, Davao Occidental",Cash on Delivery,paid,Processing,claim_at_branch,285.75,63.86,0,123.18,,,"{""source"":""web-checkout""}",2026-01-17T10:12:46.272933+00:00,2026-05-22T18:45:24.506219+00:00,,,true
58a16c68-e2a0-4ff2-8dfa-8999a14d5a69,550e8400-e29b-41d4-a716-446655440055,18751,0000018751,798b94f6-34d1-4042-a5a3-27bd41f894ca,TXN-61543,61543,3,"Pickup at Branch 3, Quezon Avenue, Quezon City",GCash,paid,In Transit,scheduled,170.17,107.24,0,359.03,,,"{""source"":""web-checkout""}",2026-01-17T03:46:30.775503+00:00,2026-05-22T18:45:24.506219+00:00,,,true
27dac4ac-5baa-4e61-85e9-578fb57f1195,550e8400-e29b-41d4-a716-446655440028,18574,0000018574,37e682f3-bd81-4a55-bfd4-9ab6beb18ec3,TXN-61461,61461,3,"Quezon city greenfields, Quezon City, Metro Manila",Maya,paid,Processing,claim_at_branch,375.34,152.29,0,385.8,,,"{""source"":""web-checkout""}",2026-01-17T01:04:12.919837+00:00,2026-05-22T18:45:24.506219+00:00,,,true
f2d1fac0-d668-4568-9211-7eacaaab66e4,550e8400-e29b-41d4-a716-446655440018,18514,0000018514,20dcfc11-4435-49af-8ea4-fa0851f2611b,TXN-61698,61698,3,"Quezon city greenfields, Quezon City, Metro Manila",Maya,paid,Processing,claim_at_branch,309.86,146.96,0,291.6,,,"{""source"":""web-checkout""}",2026-01-16T20:37:55.724533+00:00,2026-05-22T18:45:24.506219+00:00,,,true
90b1904a-e01f-4da6-bb74-c78b777ff856,550e8400-e29b-41d4-a716-446655440025,18471,0000018471,139dc25d-4e5e-43b6-8914-a3473f2edf0b,TXN-61928,61928,3,"Pickup at Branch 3, Quezon Avenue, Quezon City",GCash,paid,In Transit,claim_at_branch,147.76,84.28,0,358.69,,,"{""source"":""web-checkout""}",2026-01-16T12:13:27.2683+00:00,2026-05-22T18:45:24.506219+00:00,,,true
ad0cd108-650d-4739-a438-1c792ab7a7c2,550e8400-e29b-41d4-a716-446655440049,18895,0000018895,a44b7916-c347-4895-bdef-84c1f576904f,TXN-61756,61756,3,"Blk 454 lot23, Malita, Davao Occidental",GCash,paid,Processing,scheduled,447.86,217.34,20.66,393.5,,,"{""source"":""web-checkout""}",2026-01-15T08:29:09.035132+00:00,2026-05-22T18:45:24.506219+00:00,,,true
7980e6b9-a789-463f-95b5-e46ea3109edf,550e8400-e29b-41d4-a716-446655440040,19086,0000019086,ddd3c411-1de3-4cf0-852b-b0cce8adb016,TXN-61413,61413,3,"Pickup at Branch 3, Quezon Avenue, Quezon City",Maya,paid,In Transit,claim_at_branch,78.77,227.24,0,311.14,,,"{""source"":""web-checkout""}",2026-01-15T07:49:13.92173+00:00,2026-05-22T18:45:24.506219+00:00,,,true
5df2b11a-e81e-4c25-88db-bd2fe0387e6f,550e8400-e29b-41d4-a716-446655440023,19069,0000019069,d987abb3-02dc-4156-98ba-f73d82b0f3f3,TXN-61528,61528,3,"Quezon city greenfields, Quezon City, Metro Manila",Cash on Delivery,paid,Processing,scheduled,163.57,142.07,28.74,189.11,,,"{""source"":""web-checkout""}",2026-01-15T06:20:56.28078+00:00,2026-05-22T18:45:24.506219+00:00,,,true
7f0e974c-750c-4d4e-93e2-a8854b3d78e0,550e8400-e29b-41d4-a716-446655440057,18953,0000018953,b3e11bb3-817e-42db-8bd7-84846e5bd7fe,TXN-61561,61561,3,"Miilionaires Village, Manila City, Metro Manila",Cash on Delivery,paid,Cancelled,claim_at_branch,185.09,178.81,29.81,182.06,,,"{""source"":""web-checkout""}",2026-01-15T00:33:34.315381+00:00,2026-05-22T18:45:24.506219+00:00,,,true
93472a14-00b7-4f6b-afc6-6d4d46a1d54f,550e8400-e29b-41d4-a716-446655440039,18635,0000018635,4f5cbcd3-d25d-4d25-bca8-f6f0ae7d0d46,TXN-61946,61946,3,"Blk 454 lot23, Malita, Davao Occidental",GCash,paid,Processing,scheduled,135.11,207.15,0,300.78,,,"{""source"":""web-checkout""}",2026-01-14T23:09:19.62234+00:00,2026-05-22T18:45:24.506219+00:00,,,true
4a6ec4a8-a708-4028-9f8b-e3c1a5bb6a86,550e8400-e29b-41d4-a716-446655440017,19063,0000019063,d709dad9-fd75-488c-83bf-c9010e5d7e72,TXN-61805,61805,3,"Miilionaires Village, Manila City, Metro Manila",GCash,paid,Cancelled,claim_at_branch,99.6,204.45,21.47,398.94,,,"{""source"":""web-checkout""}",2026-01-14T19:42:29.873728+00:00,2026-05-22T18:45:24.506219+00:00,,,true
7105e9c4-288c-4eef-a32a-a5b6456a64a3,550e8400-e29b-41d4-a716-446655440026,18572,0000018572,375c0517-d1fc-41e4-8182-11a78e91caa5,TXN-61848,61848,3,"Manila city, Jabonga, Agusan Del Norte",Credit / Debit Card,paid,Delivered,scheduled,329.57,203.33,0,423.41,,,"{""source"":""web-checkout""}",2026-01-14T16:30:32.525692+00:00,2026-05-22T18:45:24.506219+00:00,,,true
72fabbf3-7fa4-44b9-8a63-3cb9ef2c9dfa,550e8400-e29b-41d4-a716-446655440026,18672,0000018672,5e0fc5ee-9fd7-4e6a-815d-3294a46f4e45,TXN-61790,61790,3,"Manila city, Jabonga, Agusan Del Norte",Credit / Debit Card,paid,Delivered,scheduled,200.48,225.94,0,148.52,,,"{""source"":""web-checkout""}",2026-01-14T10:20:14.797467+00:00,2026-05-22T18:45:24.506219+00:00,,,true
6b124d7d-4d4c-42bf-b92e-5cbf791bafc9,550e8400-e29b-41d4-a716-446655440024,18420,0000018420,044987fe-432b-4149-ad38-894ec26c3671,TXN-61736,61736,3,"Blk 454 lot23, Malita, Davao Occidental",Credit / Debit Card,paid,Processing,scheduled,63.07,103.49,33.12,677.06,,,"{""source"":""web-checkout""}",2026-01-14T08:43:47.951841+00:00,2026-05-22T18:45:24.506219+00:00,,,true
2728b92d-a161-457f-be08-2a11c28efe68,550e8400-e29b-41d4-a716-446655440045,19091,0000019091,df68f445-a762-4593-a583-2a6a8f4e1f27,TXN-61277,61277,3,"Pickup at Branch 3, Quezon Avenue, Quezon City",GCash,paid,In Transit,scheduled,402.93,70.02,0,204.86,,,"{""source"":""web-checkout""}",2026-01-14T06:09:17.763799+00:00,2026-05-22T18:45:24.506219+00:00,,,true
ae746d8b-92f5-493b-8318-bb766e3c4e0c,550e8400-e29b-41d4-a716-446655440037,18733,0000018733,73f418b7-afa2-46f7-84a2-ea8e2355373a,TXN-61327,61327,3,"Miilionaires Village, Manila City, Metro Manila",Cash on Delivery,paid,Cancelled,claim_at_branch,177.73,193.12,40.24,483.95,,,"{""source"":""web-checkout""}",2026-01-14T05:45:39.344326+00:00,2026-05-22T18:45:24.506219+00:00,,,true
2d2ae7d6-bdbd-442d-9b94-fae37018f1d7,550e8400-e29b-41d4-a716-446655440040,19036,0000019036,d01e5f9b-fd6b-42c0-ab8e-d7bc06a9fef3,TXN-61342,61342,3,"Pickup at Branch 3, Quezon Avenue, Quezon City",Credit / Debit Card,paid,In Transit,claim_at_branch,281.85,232.25,0,415.17,,,"{""source"":""web-checkout""}",2026-01-14T00:49:30.910487+00:00,2026-05-22T18:45:24.506219+00:00,,,true
d5b0c2a4-bde6-4d44-be4e-117a7cf2589e,550e8400-e29b-41d4-a716-446655440033,18829,0000018829,90c1c6ff-a6b8-4ab5-b034-2fe25d2e4b79,TXN-61692,61692,3,"Quezon city greenfields, Quezon City, Metro Manila",Cash on Delivery,paid,Processing,claim_at_branch,209.81,168.19,0,231.07,,,"{""source"":""web-checkout""}",2026-01-14T00:35:24.702693+00:00,2026-05-22T18:45:24.506219+00:00,,,true
76da8c85-ef86-4bfa-b669-5e1575b676cc,550e8400-e29b-41d4-a716-446655440015,18711,0000018711,6c9c8461-0ba0-4142-8602-2bf6093eac4b,TXN-61288,61288,3,"Pickup at Branch 3, Quezon Avenue, Quezon City",GCash,paid,In Transit,scheduled,151.81,101.17,0,569.82,,,"{""source"":""web-checkout""}",2026-01-13T21:46:15.874704+00:00,2026-05-22T18:45:24.506219+00:00,,,true
ba8e9c78-d455-495d-8386-47a6d5e22521,550e8400-e29b-41d4-a716-446655440032,19028,0000019028,ce3a9294-f49a-4b11-8b60-c2fa7b16d6e2,TXN-61849,61849,3,"Miilionaires Village, Manila City, Metro Manila",Credit / Debit Card,paid,Cancelled,claim_at_branch,221.75,65.54,0,160.89,,,"{""source"":""web-checkout""}",2026-01-13T19:14:53.143268+00:00,2026-05-22T18:45:24.506219+00:00,,,true
9afcdbe9-47d1-4005-9406-15178efa25c5,550e8400-e29b-41d4-a716-446655440016,19062,0000019062,d6f8918d-fc87-41ff-aabf-99c03c9aea6d,TXN-61963,61963,3,"Manila city, Jabonga, Agusan Del Norte",Maya,paid,Delivered,scheduled,331.6,51.69,0,677.91,,,"{""source"":""web-checkout""}",2026-01-13T19:10:26.490976+00:00,2026-05-22T18:45:24.506219+00:00,,,true
b6bb4394-238f-4084-9ca1-91b974a7f10f,550e8400-e29b-41d4-a716-446655440059,18955,0000018955,b4952780-68d8-4ae6-bf53-02f8e0505e11,TXN-62000,62000,3,"Blk 454 lot23, Malita, Davao Occidental",GCash,paid,Processing,scheduled,430.3,145.28,20.95,575.91,,,"{""source"":""web-checkout""}",2026-01-13T13:49:46.939384+00:00,2026-05-22T18:45:24.506219+00:00,,,true
8d146c22-92f1-4db8-9f36-85b838a537f1,550e8400-e29b-41d4-a716-446655440056,19102,0000019102,e128cd85-cf0c-42b2-b825-a2c1af5f90c9,TXN-61991,61991,3,"Manila city, Jabonga, Agusan Del Norte",Maya,paid,Delivered,scheduled,313.21,170.2,0,404.96,,,"{""source"":""web-checkout""}",2026-01-13T10:19:08.275308+00:00,2026-05-22T18:45:24.506219+00:00,,,true
89395be9-5402-42ef-8484-7e12a3a13f78,550e8400-e29b-41d4-a716-446655440036,18632,0000018632,4ec72c78-2067-437f-a787-1bdeb70357c8,TXN-61408,61408,3,"Manila city, Jabonga, Agusan Del Norte",Credit / Debit Card,paid,Delivered,scheduled,324.25,114.08,0,359.24,,,"{""source"":""web-checkout""}",2026-01-13T08:07:29.900345+00:00,2026-05-22T18:45:24.506219+00:00,,,true
510d1886-2651-4cb3-8bbd-c79d9b851585,550e8400-e29b-41d4-a716-446655440022,18568,0000018568,35257d99-a703-47c0-af3a-07b60588c5ac,TXN-61731,61731,3,"Miilionaires Village, Manila City, Metro Manila",Credit / Debit Card,paid,Cancelled,claim_at_branch,61.58,167.56,0,209.73,,,"{""source"":""web-checkout""}",2026-01-13T07:56:37.004769+00:00,2026-05-22T18:45:24.506219+00:00,,,true
69048911-8a35-4ffa-a815-508c204868ee,550e8400-e29b-41d4-a716-446655440022,18418,0000018418,03184c52-1119-42e8-a983-c466c0bb9c11,TXN-61645,61645,3,"Miilionaires Village, Manila City, Metro Manila",Maya,paid,Cancelled,claim_at_branch,333.45,150.36,0,212.03,,,"{""source"":""web-checkout""}",2026-01-13T05:00:51.481064+00:00,2026-05-22T18:45:24.506219+00:00,,,true
b01c7f5f-ad70-49cd-9345-01969df7c305,550e8400-e29b-41d4-a716-446655440038,18484,0000018484,18aef47e-bd97-4058-8ee4-0b2f7508e4c1,TXN-61343,61343,3,"Quezon city greenfields, Quezon City, Metro Manila",Credit / Debit Card,paid,Processing,scheduled,289.28,198.55,0,540.68,,,"{""source"":""web-checkout""}",2026-01-13T03:27:17.458117+00:00,2026-05-22T18:45:24.506219+00:00,,,true
50b650e7-c005-45b7-bb24-b65ca04b25ee,550e8400-e29b-41d4-a716-446655440049,18545,0000018545,2c81ddff-8129-4b5f-8a43-75e7698214be,TXN-61945,61945,3,"Blk 454 lot23, Malita, Davao Occidental",Cash on Delivery,paid,Processing,claim_at_branch,428.21,116.04,0,510.84,,,"{""source"":""web-checkout""}",2026-01-13T01:56:45.890279+00:00,2026-05-22T18:45:24.506219+00:00,,,true
22de725b-0678-4cc2-b4d0-5d9f7c80b7b8,550e8400-e29b-41d4-a716-446655440011,19157,0000019157,f0d0c542-040c-4049-8abc-b11425f22f77,TXN-61583,61583,3,"Manila city, Jabonga, Agusan Del Norte",Cash on Delivery,paid,Delivered,scheduled,131.94,132.84,0,523.86,,,"{""source"":""web-checkout""}",2026-01-12T18:53:59.471724+00:00,2026-05-22T18:45:24.506219+00:00,,,true
3eaf5cd2-66fe-4c31-be9b-2cda89dbd6ba,550e8400-e29b-41d4-a716-446655440022,19068,0000019068,d97acbd0-6968-460c-a063-20cf3084ec03,TXN-61713,61713,3,"Miilionaires Village, Manila City, Metro Manila",Credit / Debit Card,paid,Cancelled,scheduled,186.95,51.35,0,395.6,,,"{""source"":""web-checkout""}",2026-01-12T18:46:50.752599+00:00,2026-05-22T18:45:24.506219+00:00,,,true
56d37d81-5859-4c77-9e9a-f1fd9667b4a1,550e8400-e29b-41d4-a716-446655440035,18931,0000018931,ad311dfe-48b9-4cb6-8b5e-3c44a6d9be44,TXN-61632,61632,3,"Pickup at Branch 3, Quezon Avenue, Quezon City",GCash,paid,In Transit,scheduled,201.78,152.4,0,438.72,,,"{""source"":""web-checkout""}",2026-01-12T12:54:54.673662+00:00,2026-05-22T18:45:24.506219+00:00,,,true
620f0180-aec1-4292-8cb5-8d264ef36840,550e8400-e29b-41d4-a716-446655440059,18805,0000018805,8af77d21-f174-458b-9838-e7df97777685,TXN-61601,61601,3,"Blk 454 lot23, Malita, Davao Occidental",Cash on Delivery,paid,Processing,scheduled,213.44,186.23,0,410.84,,,"{""source"":""web-checkout""}",2026-01-12T12:10:03.539236+00:00,2026-05-22T18:45:24.506219+00:00,,,true
faf70a67-0f0e-4bd7-9d8c-3a3113558e5a,550e8400-e29b-41d4-a716-446655440026,18872,0000018872,9ef63a6b-92c8-4357-9845-5321dd5190f9,TXN-61770,61770,3,"Manila city, Jabonga, Agusan Del Norte",Credit / Debit Card,paid,Delivered,scheduled,373.92,74.02,0,372.82,,,"{""source"":""web-checkout""}",2026-01-12T09:21:36.85177+00:00,2026-05-22T18:45:24.506219+00:00,,,true
3dd79a8a-5437-4604-9237-f451c07d25d4,550e8400-e29b-41d4-a716-446655440038,18634,0000018634,4f33b1a2-e4dd-440b-a6d5-a657e4a533ac,TXN-61529,61529,3,"Quezon city greenfields, Quezon City, Metro Manila",Maya,paid,Processing,claim_at_branch,123.88,201.85,0,477.9,,,"{""source"":""web-checkout""}",2026-01-12T06:47:30.862116+00:00,2026-05-22T18:45:24.506219+00:00,,,true
aee98e57-92bf-4f67-956e-b78cd6e6a75c,550e8400-e29b-41d4-a716-446655440025,19021,0000019021,ca1f7d58-bcc2-48ff-b4b1-41d95811630d,TXN-61595,61595,3,"Pickup at Branch 3, Quezon Avenue, Quezon City",Cash on Delivery,paid,In Transit,claim_at_branch,413.87,238,0,290.58,,,"{""source"":""web-checkout""}",2026-01-12T01:59:36.920204+00:00,2026-05-22T18:45:24.506219+00:00,,,true
edc908ed-17a7-43f5-a2d3-4e3f5b2792d2,550e8400-e29b-41d4-a716-446655440057,18453,0000018453,0ecca8b0-fd5f-4f19-81b8-929e2d1e441e,TXN-61556,61556,3,"Miilionaires Village, Manila City, Metro Manila",Cash on Delivery,paid,Cancelled,scheduled,402.09,203.25,31.02,117.02,,,"{""source"":""web-checkout""}",2026-01-12T01:24:44.129737+00:00,2026-05-22T18:45:24.506219+00:00,,,true
c98ca051-46b5-4c52-bec9-7511b226ce50,550e8400-e29b-41d4-a716-446655440046,19092,0000019092,df8caf1e-3d72-442c-aa6d-c9837dd4fc7e,TXN-61623,61623,3,"Manila city, Jabonga, Agusan Del Norte",Credit / Debit Card,failed,Cancelled,scheduled,370.26,184.92,0,351.56,,,"{""source"":""web-checkout""}",2026-01-11T21:45:22.866049+00:00,2026-05-23T06:26:46.624031+00:00,Cleaned up stale pending session,2026-05-23T06:26:46.624031+00:00,true
306e5ad3-1553-45cf-8543-d0ea4da8eefc,550e8400-e29b-41d4-a716-446655440026,18522,0000018522,23d2a934-61ea-47b0-8d32-f8b081d9c989,TXN-61289,61289,3,"Manila city, Jabonga, Agusan Del Norte",Maya,paid,Delivered,claim_at_branch,137.09,229.35,0,128.89,,,"{""source"":""web-checkout""}",2026-01-11T11:27:32.188211+00:00,2026-05-22T18:45:24.506219+00:00,,,true
c75eb8e3-3f65-4972-a05e-545ebaa094c5,550e8400-e29b-41d4-a716-446655440050,19146,0000019146,edcd4b51-265e-41fb-acc5-2b35334a2d68,TXN-61936,61936,3,"Pickup at Branch 3, Quezon Avenue, Quezon City",Maya,paid,In Transit,claim_at_branch,389.95,193.76,0,492.9,,,"{""source"":""web-checkout""}",2026-01-11T01:51:42.763172+00:00,2026-05-22T18:45:24.506219+00:00,,,true
adb68c43-5f6c-4e9e-ab8b-fd1d4987387b,550e8400-e29b-41d4-a716-446655440011,18707,0000018707,6c0fe3a8-737a-4b39-8ea9-bef86efa373c,TXN-61653,61653,3,"Manila city, Jabonga, Agusan Del Norte",GCash,failed,Cancelled,scheduled,185.51,163.49,0,129.23,,,"{""source"":""web-checkout""}",2026-01-10T22:43:48.500909+00:00,2026-05-23T06:26:46.624031+00:00,Cleaned up stale pending session,2026-05-23T06:26:46.624031+00:00,true
8a372e7b-a748-4bca-b866-eb4efd751bd9,550e8400-e29b-41d4-a716-446655440037,18433,0000018433,075b3646-e646-423a-bf32-3d7f973b1e77,TXN-61709,61709,3,"Miilionaires Village, Manila City, Metro Manila",Cash on Delivery,failed,Cancelled,scheduled,427.21,55.87,0,643.28,,,"{""source"":""web-checkout""}",2026-01-10T21:59:48.248056+00:00,2026-05-23T06:26:46.624031+00:00,Cleaned up stale pending session,2026-05-23T06:26:46.624031+00:00,true
3d271128-8cde-4a60-9e0a-1c2c0693ba3a,550e8400-e29b-41d4-a716-446655440048,18444,0000018444,0c7a48f9-2670-4025-a651-a529859332a3,TXN-61540,61540,3,"Quezon city greenfields, Quezon City, Metro Manila",Credit / Debit Card,paid,Processing,claim_at_branch,229.92,87.49,0,161.26,,,"{""source"":""web-checkout""}",2026-01-10T13:32:35.867776+00:00,2026-05-22T18:45:24.506219+00:00,,,true
f2b043d6-91b3-4c98-aa8b-aae779adc4ee,550e8400-e29b-41d4-a716-446655440043,18439,0000018439,0aeec355-fb93-42e7-bc05-c614166ede56,TXN-61457,61457,3,"Quezon city greenfields, Quezon City, Metro Manila",GCash,paid,Processing,claim_at_branch,253.02,147.79,0,184.8,,,"{""source"":""web-checkout""}",2026-01-10T10:10:46.731519+00:00,2026-05-22T18:45:24.506219+00:00,,,true
010d0947-225e-4061-ad46-925439465b9c,550e8400-e29b-41d4-a716-446655440014,18560,0000018560,32c2b44d-07e5-4433-b32a-ee9fdfc56563,TXN-61430,61430,3,"Blk 454 lot23, Malita, Davao Occidental",Credit / Debit Card,failed,Cancelled,scheduled,164,203.4,0,282.72,,,"{""source"":""web-checkout""}",2026-01-09T19:38:34.521978+00:00,2026-05-23T06:26:46.624031+00:00,Cleaned up stale pending session,2026-05-23T06:26:46.624031+00:00,true
15f8fddb-58a3-44d6-a651-36cd144f4a78,550e8400-e29b-41d4-a716-446655440054,18450,0000018450,0d868c03-2153-4dd9-876c-fda8da609333,TXN-61328,61328,3,"Blk 454 lot23, Malita, Davao Occidental",Maya,failed,Cancelled,scheduled,123.97,81.22,0,542.83,,,"{""source"":""web-checkout""}",2026-01-09T11:55:42.409761+00:00,2026-05-23T06:26:46.624031+00:00,Cleaned up stale pending session,2026-05-23T06:26:46.624031+00:00,true
24a4f6cf-3049-4c6f-8478-b6c5019698ce,550e8400-e29b-41d4-a716-446655440027,19173,0000019173,f62df6eb-4059-4af9-8cab-f3ea5ec813a9,TXN-61447,61447,3,"Miilionaires Village, Manila City, Metro Manila",Cash on Delivery,paid,Cancelled,claim_at_branch,212.8,65.41,38.28,538.07,,,"{""source"":""web-checkout""}",2026-01-09T10:12:51.879459+00:00,2026-05-22T18:45:24.506219+00:00,,,true
8d31d7da-bb89-4431-a486-37cddc882697,550e8400-e29b-41d4-a716-446655440023,19169,0000019169,f4062d5f-e0f9-4320-ae99-359ebfdd4bfd,TXN-61748,61748,3,"Quezon city greenfields, Quezon City, Metro Manila",Cash on Delivery,failed,Cancelled,claim_at_branch,396.68,63.51,0,365.44,,,"{""source"":""web-checkout""}",2026-01-09T03:48:09.525962+00:00,2026-05-23T06:26:46.624031+00:00,Cleaned up stale pending session,2026-05-23T06:26:46.624031+00:00,true
e8c24b3e-78a0-4681-820f-2c1911794eee,550e8400-e29b-41d4-a716-446655440027,18723,0000018723,7113dfd9-e22d-435f-946f-ab1258dc206f,TXN-61548,61548,3,"Miilionaires Village, Manila City, Metro Manila",GCash,paid,Cancelled,scheduled,292.61,187.33,0,402.13,,,"{""source"":""web-checkout""}",2026-01-09T03:02:39.704848+00:00,2026-05-22T18:45:24.506219+00:00,,,true
d9c74060-a04b-4130-8437-de5d4d8948bc,550e8400-e29b-41d4-a716-446655440046,18742,0000018742,74f6902a-80a7-4563-bb56-24a98e11acde,TXN-61242,61242,3,"Manila city, Jabonga, Agusan Del Norte",Maya,paid,Delivered,scheduled,226.73,151.06,0,451.47,,,"{""source"":""web-checkout""}",2026-01-09T00:51:48.985058+00:00,2026-05-22T18:45:24.506219+00:00,,,true
edaf0433-7e6f-4f79-981f-f837e4225eb6,550e8400-e29b-41d4-a716-446655440011,18657,0000018657,58046e09-e6d8-46e1-a90c-82607b558583,TXN-61558,61558,3,"Manila city, Jabonga, Agusan Del Norte",Cash on Delivery,paid,Delivered,scheduled,416.88,215.11,0,159.78,,,"{""source"":""web-checkout""}",2026-01-08T23:23:48.648607+00:00,2026-05-22T18:45:24.506219+00:00,,,true
1fade2bc-5cf9-4b30-ac06-8c79c34aebc8,550e8400-e29b-41d4-a716-446655440014,18610,0000018610,44a49d4f-5a5f-4072-988a-bfcfbb8682a3,TXN-61256,61256,3,"Blk 454 lot23, Malita, Davao Occidental",Maya,paid,Processing,claim_at_branch,147.56,69.5,13.2,545.64,,,"{""source"":""web-checkout""}",2026-01-08T18:28:45.459028+00:00,2026-05-22T18:45:24.506219+00:00,,,true
724e13d0-b6e3-4a89-9f84-e88cba75df56,550e8400-e29b-41d4-a716-446655440055,19101,0000019101,e118dfc0-797b-4c16-bf7f-6744b07a8d57,TXN-61401,61401,3,"Pickup at Branch 3, Quezon Avenue, Quezon City",Cash on Delivery,failed,Cancelled,scheduled,279.35,52.2,0,603.22,,,"{""source"":""web-checkout""}",2026-01-08T17:36:44.300176+00:00,2026-05-23T06:26:46.624031+00:00,Cleaned up stale pending session,2026-05-23T06:26:46.624031+00:00,true
2b1a715f-779e-4575-bc69-9d3275deccb2,550e8400-e29b-41d4-a716-446655440011,18407,0000018407,00184907-b5db-4cc1-91ae-b50aeedb79c0,TXN-61415,61415,3,"Manila city, Jabonga, Agusan Del Norte",GCash,paid,Delivered,scheduled,277.67,132.29,0,418.89,,,"{""source"":""web-checkout""}",2026-01-08T16:32:43.111951+00:00,2026-05-22T18:45:24.506219+00:00,,,true
0be3ef4c-1626-45ff-9bf6-259dade0e631,550e8400-e29b-41d4-a716-446655440047,19043,0000019043,d16ace12-8f6e-4e06-9fa6-5aa8d6ca2246,TXN-61511,61511,3,"Miilionaires Village, Manila City, Metro Manila",GCash,failed,Cancelled,scheduled,123.28,134.45,0,645.86,,,"{""source"":""web-checkout""}",2026-01-08T09:20:25.836959+00:00,2026-05-23T06:26:46.624031+00:00,Cleaned up stale pending session,2026-05-23T06:26:46.624031+00:00,true
b47f8815-ad4d-4d00-a584-8a3d069b096a,550e8400-e29b-41d4-a716-446655440051,18497,0000018497,1af2592c-6e76-4ee2-94a4-f7b2334a30d0,TXN-61429,61429,3,"Manila city, Jabonga, Agusan Del Norte",Cash on Delivery,failed,Cancelled,claim_at_branch,362.52,217.22,0,112.23,,,"{""source"":""web-checkout""}",2026-01-08T01:38:16.297245+00:00,2026-05-23T06:26:46.624031+00:00,Cleaned up stale pending session,2026-05-23T06:26:46.624031+00:00,true
3c84e846-81c8-4bd7-ad45-f88e5ac94afc,550e8400-e29b-41d4-a716-446655440049,18695,0000018695,65d25124-ec28-491b-bb21-56ae46a7e13c,TXN-61245,61245,3,"Blk 454 lot23, Malita, Davao Occidental",GCash,paid,Processing,scheduled,71.65,134.62,0,396.36,,,"{""source"":""web-checkout""}",2026-01-07T21:11:29.184579+00:00,2026-05-22T18:45:24.506219+00:00,,,true
6ba886ac-aa6e-48a1-b0e4-d026cb06ef4c,550e8400-e29b-41d4-a716-446655440045,18941,0000018941,afe91781-69c7-426b-963f-6dc01d892cf7,TXN-61259,61259,3,"Pickup at Branch 3, Quezon Avenue, Quezon City",Cash on Delivery,paid,In Transit,scheduled,253.26,90.72,33.13,500.42,,,"{""source"":""web-checkout""}",2026-01-07T20:42:04.97314+00:00,2026-05-22T18:45:24.506219+00:00,,,true
c48a6381-2841-4816-9873-80fdfe69871b,550e8400-e29b-41d4-a716-446655440019,18565,0000018565,33e07454-d6fe-4ca8-ab80-2b5dd6d1b636,TXN-61370,61370,3,"Blk 454 lot23, Malita, Davao Occidental",Cash on Delivery,paid,Processing,scheduled,424.64,62.97,0,414.19,,,"{""source"":""web-checkout""}",2026-01-07T14:04:51.187039+00:00,2026-05-22T18:45:24.506219+00:00,,,true
c390b4eb-f693-4910-a128-b1e8a669ed8a,550e8400-e29b-41d4-a716-446655440058,19104,0000019104,e13a6862-9679-4e29-bb52-32102ab3b2ce,TXN-61225,61225,3,"Quezon city greenfields, Quezon City, Metro Manila",Credit / Debit Card,paid,Processing,scheduled,262.04,123.61,26.63,625.12,,,"{""source"":""web-checkout""}",2026-01-07T13:48:22.801728+00:00,2026-05-22T18:45:24.506219+00:00,,,true
934bcc74-58ba-4d72-aeb7-c10cced438b8,550e8400-e29b-41d4-a716-446655440048,19144,0000019144,ed16e8d7-8ea9-4f3e-9239-f87d819e60d4,TXN-61566,61566,3,"Quezon city greenfields, Quezon City, Metro Manila",Credit / Debit Card,paid,Processing,scheduled,199.62,198.02,0,322.19,,,"{""source"":""web-checkout""}",2026-01-07T09:06:15.884831+00:00,2026-05-22T18:45:24.506219+00:00,,,true
bc262075-488c-4861-b316-26346365154d,550e8400-e29b-41d4-a716-446655440022,18618,0000018618,482dbe44-910e-4e79-b466-654766d8a4df,TXN-61985,61985,3,"Miilionaires Village, Manila City, Metro Manila",Maya,paid,Cancelled,claim_at_branch,440.77,246.37,9.69,137.03,,,"{""source"":""web-checkout""}",2026-01-07T05:26:40.46042+00:00,2026-05-22T18:45:24.506219+00:00,,,true
06fbeed3-ec7c-40cf-bec0-93d4df342320,550e8400-e29b-41d4-a716-446655440049,19195,0000019195,fe448117-4072-4315-b4c4-9850ab201ba5,TXN-61786,61786,3,"Blk 454 lot23, Malita, Davao Occidental",GCash,paid,Processing,claim_at_branch,393.62,203.78,1.39,118.51,,,"{""source"":""web-checkout""}",2026-01-06T10:47:22.160382+00:00,2026-05-22T18:45:24.506219+00:00,,,true
176c63fe-7d24-47f7-b2df-78a37a59351f,550e8400-e29b-41d4-a716-446655440034,19080,0000019080,dbf193ab-ecb4-4ef0-b215-c2514cb55fa6,TXN-61582,61582,3,"Blk 454 lot23, Malita, Davao Occidental",Credit / Debit Card,paid,Processing,scheduled,249.73,140.78,0,688,,,"{""source"":""web-checkout""}",2026-01-06T10:43:31.291695+00:00,2026-05-22T18:45:24.506219+00:00,,,true
4b4e8349-6710-4285-8b65-f9b4d90944c6,550e8400-e29b-41d4-a716-446655440058,19054,0000019054,d58d24dc-87cc-46b9-b69b-45f62ace3b4d,TXN-61776,61776,3,"Quezon city greenfields, Quezon City, Metro Manila",Maya,paid,Processing,claim_at_branch,199.53,215.1,0,492.58,,,"{""source"":""web-checkout""}",2026-01-06T09:30:27.936111+00:00,2026-05-22T18:45:24.506219+00:00,,,true
01d17cc5-f221-4196-820d-763ae286dc7f,550e8400-e29b-41d4-a716-446655440035,18631,0000018631,4dad6529-a291-48af-b08e-57adbd52f0ca,TXN-61627,61627,3,"Pickup at Branch 3, Quezon Avenue, Quezon City",GCash,paid,In Transit,claim_at_branch,370.96,193.81,0,301.67,,,"{""source"":""web-checkout""}",2026-01-06T08:34:47.159937+00:00,2026-05-22T18:45:24.506219+00:00,,,true
e0c2a170-9ec3-4354-9eaf-022f7fd5639f,550e8400-e29b-41d4-a716-446655440040,18786,0000018786,854e4baa-8103-4c8a-a81f-8624e27873d2,TXN-61672,61672,3,"Pickup at Branch 3, Quezon Avenue, Quezon City",Maya,paid,In Transit,scheduled,224.82,194.28,0,618.12,,,"{""source"":""web-checkout""}",2026-01-06T07:31:58.580972+00:00,2026-05-22T18:45:24.506219+00:00,,,true
13b027fd-7b9b-4b21-9243-fdda81740474,550e8400-e29b-41d4-a716-446655440016,19162,0000019162,f2a39bf3-9b98-4b4e-b528-ed7b7ba446e6,TXN-61539,61539,3,"Manila city, Jabonga, Agusan Del Norte",Maya,paid,Delivered,scheduled,136.56,54.05,0,582.04,,,"{""source"":""web-checkout""}",2026-01-06T02:25:42.172529+00:00,2026-05-22T18:45:24.506219+00:00,,,true
47fc5595-ff3b-4d19-a233-6f543e7696f3,550e8400-e29b-41d4-a716-446655440018,19014,0000019014,c88be327-0bb1-42e4-ac90-ab26b78d6f60,TXN-61881,61881,3,"Quezon city greenfields, Quezon City, Metro Manila",Maya,paid,Processing,claim_at_branch,79.19,156.06,0,566.52,,,"{""source"":""web-checkout""}",2026-01-06T02:12:18.12727+00:00,2026-05-22T18:45:24.506219+00:00,,,true
7c65c484-9e4e-4d66-8321-b65b130dd4f4,550e8400-e29b-41d4-a716-446655440028,18624,0000018624,4b0cd52e-da9d-4188-b6b2-dfbe358542c4,TXN-61997,61997,3,"Quezon city greenfields, Quezon City, Metro Manila",Credit / Debit Card,paid,Processing,scheduled,179.5,188.36,26.72,147.42,,,"{""source"":""web-checkout""}",2026-01-05T19:27:40.251237+00:00,2026-05-22T18:45:24.506219+00:00,,,true
40ec6a64-083f-4331-895c-67e8711deba9,550e8400-e29b-41d4-a716-446655440030,18576,0000018576,3830b5a7-bfdf-457e-950e-bb4ad68bdbfc,TXN-61910,61910,3,"Pickup at Branch 3, Quezon Avenue, Quezon City",Credit / Debit Card,failed,Cancelled,claim_at_branch,186.03,227.86,0,532.15,,,"{""source"":""web-checkout""}",2026-01-05T19:11:55.533097+00:00,2026-05-23T06:26:46.624031+00:00,Cleaned up stale pending session,2026-05-23T06:26:46.624031+00:00,true
ad648293-19a8-418d-b6d0-210789398745,550e8400-e29b-41d4-a716-446655440051,18597,0000018597,3eb73b68-a826-4fc8-bb0c-abbf13c26ee2,TXN-61484,61484,3,"Manila city, Jabonga, Agusan Del Norte",Cash on Delivery,paid,Delivered,scheduled,417.09,246.55,0,151.3,,,"{""source"":""web-checkout""}",2026-01-05T13:32:06.348677+00:00,2026-05-22T18:45:24.506219+00:00,,,true
b8e9ebc1-0721-4b49-b3c6-c8ed573c6a14,550e8400-e29b-41d4-a716-446655440025,18871,0000018871,9eec4e89-afb3-4f8d-b0de-05b0420a37e8,TXN-61995,61995,3,"Pickup at Branch 3, Quezon Avenue, Quezon City",GCash,paid,In Transit,claim_at_branch,143.68,138.5,0,669.37,,,"{""source"":""web-checkout""}",2026-01-05T12:22:45.54106+00:00,2026-05-22T18:45:24.506219+00:00,,,true
0256016e-94ea-44b1-aaae-43342eebaa8a,550e8400-e29b-41d4-a716-446655440059,19055,0000019055,d5c4ca2b-19de-427e-9b3b-492312f6f0d4,TXN-61669,61669,3,"Blk 454 lot23, Malita, Davao Occidental",GCash,paid,Processing,claim_at_branch,78.14,222.89,0,284.53,,,"{""source"":""web-checkout""}",2026-01-05T10:32:44.666415+00:00,2026-05-22T18:45:24.506219+00:00,,,true
1e1b790d-6656-4f0b-ac8b-8d4017eae9c8,550e8400-e29b-41d4-a716-446655440031,18477,0000018477,16c98fb6-9380-4777-84c1-9560fc9ec518,TXN-61233,61233,3,"Manila city, Jabonga, Agusan Del Norte",Cash on Delivery,paid,Delivered,scheduled,258.49,160.5,0,147.42,,,"{""source"":""web-checkout""}",2026-01-05T08:57:20.631002+00:00,2026-05-22T18:45:24.506219+00:00,,,true
3fd07ba0-7bee-4fbb-88a0-dd8abe2fec59,550e8400-e29b-41d4-a716-446655440034,18580,0000018580,3a398b8a-6847-4985-be16-bce6d7d1696f,TXN-61445,61445,3,"Blk 454 lot23, Malita, Davao Occidental",Credit / Debit Card,paid,Processing,claim_at_branch,371.26,63.1,0,259.31,,,"{""source"":""web-checkout""}",2026-01-05T08:36:35.693745+00:00,2026-05-22T18:45:24.506219+00:00,,,true
906fa920-e654-4522-88dc-aefc1c09b8f1,550e8400-e29b-41d4-a716-446655440057,19153,0000019153,ef3a2737-936d-4eb9-8e3d-e7ea21d36473,TXN-61667,61667,3,"Miilionaires Village, Manila City, Metro Manila",Cash on Delivery,paid,Cancelled,claim_at_branch,347.69,217.34,0,522.57,,,"{""source"":""web-checkout""}",2026-01-04T22:30:45.656679+00:00,2026-05-22T18:45:24.506219+00:00,,,true
fc762d72-5301-4457-ac3a-07b0d781d314,550e8400-e29b-41d4-a716-446655440031,18527,0000018527,2523dbb2-2c07-4225-aede-d45a66edfd30,TXN-61215,61215,3,"Manila city, Jabonga, Agusan Del Norte",GCash,paid,Delivered,scheduled,279.84,188.01,0,173.13,,,"{""source"":""web-checkout""}",2026-01-04T16:14:37.382276+00:00,2026-05-22T18:45:24.506219+00:00,,,true
d879f275-6f8f-41fa-8794-e0c6996cd042,550e8400-e29b-41d4-a716-446655440040,18436,0000018436,07ec464b-8f2b-4c98-a569-93dc8329cbbb,TXN-61954,61954,3,"Pickup at Branch 3, Quezon Avenue, Quezon City",Credit / Debit Card,paid,In Transit,scheduled,387.19,67.69,0,437.24,,,"{""source"":""web-checkout""}",2026-01-04T09:34:13.338996+00:00,2026-05-22T18:45:24.506219+00:00,,,true
6bd141ad-7ca9-4ca5-85be-ceac14c03766,550e8400-e29b-41d4-a716-446655440056,19202,0000019202,ff46d0a0-5d84-4431-a0c0-636962634dbb,TXN-61917,61917,3,"Manila city, Jabonga, Agusan Del Norte",Maya,paid,Delivered,scheduled,61.05,223.74,0,539.73,,,"{""source"":""web-checkout""}",2026-01-04T03:17:29.795394+00:00,2026-05-22T18:45:24.506219+00:00,,,true
9d453034-16ae-42f4-a2d2-8b7a3a623297,550e8400-e29b-41d4-a716-446655440024,18570,0000018570,35fb7e70-d6e2-425c-83b7-48aa2fe48f36,TXN-61891,61891,3,"Blk 454 lot23, Malita, Davao Occidental",Maya,failed,Cancelled,scheduled,437.71,80.78,11.84,187.82,,,"{""source"":""web-checkout""}",2026-01-04T02:09:32.404001+00:00,2026-05-23T06:26:46.624031+00:00,Cleaned up stale pending session,2026-05-23T06:26:46.624031+00:00,true
878d51ea-8936-4deb-84a0-9af2f67ee227,550e8400-e29b-41d4-a716-446655440013,19159,0000019159,f15975ca-285a-49b9-aa13-48df580a1f76,TXN-61416,61416,3,"Quezon city greenfields, Quezon City, Metro Manila",GCash,paid,Processing,scheduled,135.37,58.34,0,575.69,,,"{""source"":""web-checkout""}",2026-01-03T23:06:47.365844+00:00,2026-05-22T18:45:24.506219+00:00,,,true
49f44e4a-cbd7-4019-b7b5-b811334f6fa5,550e8400-e29b-41d4-a716-446655440020,18766,0000018766,7fd6fbc4-1ff8-421b-adf5-aa742c50fb6a,TXN-61210,61210,3,"Pickup at Branch 3, Quezon Avenue, Quezon City",Maya,paid,In Transit,claim_at_branch,403.38,220.39,0,531.06,,,"{""source"":""web-checkout""}",2026-01-03T22:18:10.826465+00:00,2026-05-22T18:45:24.506219+00:00,,,true
eb099440-0d49-43aa-b76e-9bae093b9ca4,550e8400-e29b-41d4-a716-446655440021,18517,0000018517,219fa985-75d0-4ce4-8b81-714c5b654e24,TXN-61694,61694,3,"Manila city, Jabonga, Agusan Del Norte",Cash on Delivery,paid,Delivered,claim_at_branch,219.01,62.15,0,229.22,,,"{""source"":""web-checkout""}",2026-01-03T18:15:27.871562+00:00,2026-05-22T18:45:24.506219+00:00,,,true
3a0423cc-78b3-4fc7-8542-ee519b14d972,550e8400-e29b-41d4-a716-446655440031,18727,0000018727,718babed-dcd9-49cd-a495-a35cb1cd5bd8,TXN-61720,61720,3,"Manila city, Jabonga, Agusan Del Norte",GCash,failed,Cancelled,claim_at_branch,360.12,231.34,0,358.84,,,"{""source"":""web-checkout""}",2026-01-03T16:43:56.429456+00:00,2026-05-23T06:26:46.624031+00:00,Cleaned up stale pending session,2026-05-23T06:26:46.624031+00:00,true
37bd8573-43a5-453d-a71b-8275533328b2,550e8400-e29b-41d4-a716-446655440021,18467,0000018467,129b181d-9e74-43a8-875f-22370352bad8,TXN-61909,61909,3,"Manila city, Jabonga, Agusan Del Norte",GCash,paid,Delivered,scheduled,177.57,220.15,0,215.2,,,"{""source"":""web-checkout""}",2026-01-03T08:13:15.680999+00:00,2026-05-22T18:45:24.506219+00:00,,,true
7c43c8a6-278c-4f32-ac68-a70d5efc2b39,550e8400-e29b-41d4-a716-446655440018,18764,0000018764,7ed812df-e940-4710-b8e5-4a244d1dc9bb,TXN-61885,61885,3,"Quezon city greenfields, Quezon City, Metro Manila",Credit / Debit Card,paid,Processing,scheduled,291.42,123.18,0,281.54,,,"{""source"":""web-checkout""}",2026-01-03T07:27:15.360988+00:00,2026-05-22T18:45:24.506219+00:00,,,true
b8b7a3f6-495a-4602-8842-81278762fec9,550e8400-e29b-41d4-a716-446655440053,19149,0000019149,eea9a145-9497-4dd0-aa31-2bfe1947e24b,TXN-61605,61605,3,"Quezon city greenfields, Quezon City, Metro Manila",Cash on Delivery,paid,Processing,claim_at_branch,354.89,77.11,0,364.25,,,"{""source"":""web-checkout""}",2026-01-03T06:51:35.204165+00:00,2026-05-22T18:45:24.506219+00:00,,,true
3c9ca411-be4f-4641-ac77-722d70ee192b,550e8400-e29b-41d4-a716-446655440033,19129,0000019129,e9175eef-4ac9-424f-95aa-93a6d44fa558,TXN-61888,61888,3,"Quezon city greenfields, Quezon City, Metro Manila",Cash on Delivery,paid,Processing,scheduled,162.33,166.41,0,667.16,,,"{""source"":""web-checkout""}",2026-01-03T01:35:14.665987+00:00,2026-05-22T18:45:24.506219+00:00,,,true
e5472486-09b1-4518-a729-e77ce128c056,550e8400-e29b-41d4-a716-446655440043,19139,0000019139,eb083a06-31fe-46b9-a56d-fb3940fb6d16,TXN-61313,61313,3,"Quezon city greenfields, Quezon City, Metro Manila",GCash,paid,Processing,scheduled,396.24,52.89,23.74,108.31,,,"{""source"":""web-checkout""}",2026-01-02T23:23:27.520146+00:00,2026-05-22T18:45:24.506219+00:00,,,true
5f8438f2-2289-4639-a9bb-04cb1ca2817e,550e8400-e29b-41d4-a716-446655440051,18747,0000018747,7675c296-3788-4633-a5ec-a63cd4e5d90f,TXN-61908,61908,3,"Manila city, Jabonga, Agusan Del Norte",GCash,failed,Cancelled,claim_at_branch,416.33,173.53,0,280.58,,,"{""source"":""web-checkout""}",2026-01-02T21:03:04.710057+00:00,2026-05-23T06:26:46.624031+00:00,Cleaned up stale pending session,2026-05-23T06:26:46.624031+00:00,true
10b6cbf5-4287-441b-90f7-92bbfdc3ccaf,550e8400-e29b-41d4-a716-446655440041,19037,0000019037,d028c2d8-f109-4603-b6b3-fa91dd8f1abb,TXN-61696,61696,3,"Manila city, Jabonga, Agusan Del Norte",Cash on Delivery,paid,Delivered,claim_at_branch,250.71,209.59,0,403.64,,,"{""source"":""web-checkout""}",2026-01-02T17:45:20.885648+00:00,2026-05-22T18:45:24.506219+00:00,,,true
792a3f22-00af-40c1-9b22-54cf0a09907d,550e8400-e29b-41d4-a716-446655440010,18806,0000018806,8b7d2e38-871d-4c49-b03c-88346eb3e011,TXN-61807,61807,3,"Pickup at Branch 3, Quezon Avenue, Quezon City",Maya,paid,In Transit,scheduled,206.45,141.81,9.74,545.44,,,"{""source"":""web-checkout""}",2026-01-02T14:54:14.015015+00:00,2026-05-22T18:45:24.506219+00:00,,,true
c1c1d392-4c65-49be-9f9d-83542ca42387,550e8400-e29b-41d4-a716-446655440051,18947,0000018947,b299fd8c-1323-4f5b-9692-d402a80e4b7f,TXN-61368,61368,3,"Manila city, Jabonga, Agusan Del Norte",GCash,paid,Delivered,claim_at_branch,199.51,222.64,0,536.43,,,"{""source"":""web-checkout""}",2026-01-02T05:29:50.284517+00:00,2026-05-22T18:45:24.506219+00:00,,,true
1af699e7-5206-47fb-91b5-5e4643fc9422,550e8400-e29b-41d4-a716-446655440017,18463,0000018463,12467e10-8d94-4edc-b1ba-f4a13d462f41,TXN-61644,61644,3,"Miilionaires Village, Manila City, Metro Manila",GCash,paid,Cancelled,claim_at_branch,413.16,174.8,0,519.19,,,"{""source"":""web-checkout""}",2026-01-02T04:17:37.261083+00:00,2026-05-22T18:45:24.506219+00:00,,,true
e28c0a09-7167-42cb-bc53-d7d719560a48,550e8400-e29b-41d4-a716-446655440019,19015,0000019015,c8917ac7-54df-48db-8386-f9f8bf2a581e,TXN-61639,61639,3,"Blk 454 lot23, Malita, Davao Occidental",GCash,paid,Processing,scheduled,147.5,52.71,0,202.81,,,"{""source"":""web-checkout""}",2026-01-01T19:49:21.067313+00:00,2026-05-22T18:45:24.506219+00:00,,,true
c0b81b07-2b31-46a8-b1f8-c278b02ad4de,550e8400-e29b-41d4-a716-446655440041,18637,0000018637,504c1ee8-de2f-4234-a147-dcf3dca06680,TXN-61794,61794,3,"Manila city, Jabonga, Agusan Del Norte",Cash on Delivery,paid,Delivered,scheduled,62.24,167.31,0,278.64,,,"{""source"":""web-checkout""}",2026-01-01T12:40:48.778385+00:00,2026-05-22T18:45:24.506219+00:00,,,true
20186fd7-2d3e-4225-a403-892a3907fe0a,550e8400-e29b-41d4-a716-446655440039,18735,0000018735,740ed48f-8276-4e35-8006-fc3dd8c1adae,TXN-61981,61981,3,"Blk 454 lot23, Malita, Davao Occidental",GCash,paid,Processing,claim_at_branch,266.35,177.78,0,260.85,,,"{""source"":""web-checkout""}",2026-01-01T03:31:06.021823+00:00,2026-05-22T18:45:24.506219+00:00,,,true
e8b8a277-6da1-4c19-be03-036c409d3ec3,550e8400-e29b-41d4-a716-446655440014,18460,0000018460,110c9573-80b2-40d7-b368-ea40f87f9fd6,TXN-61617,61617,3,"Blk 454 lot23, Malita, Davao Occidental",Credit / Debit Card,paid,Processing,scheduled,255,151.83,0,584.71,,,"{""source"":""web-checkout""}",2026-01-01T01:30:04.675975+00:00,2026-05-22T18:45:24.506219+00:00,,,true
0c86b9ae-66e4-425f-ad11-6b1457154469,550e8400-e29b-41d4-a716-446655440020,17716,0000017716,01f81edb-2d11-4c99-8957-3e0000bd6e68,TXN-61100,61100,3,"Pickup at Branch 3, Quezon Avenue, Quezon City",Credit / Debit Card,failed,Cancelled,scheduled,52.41,67.26,0,190.48,,,"{""source"":""web-checkout""}",2025-12-31T16:12:01.896389+00:00,2026-05-23T06:26:46.624031+00:00,Cleaned up stale pending session,2026-05-23T06:26:46.624031+00:00,true
90509ba7-4bf9-4335-97bf-e5a6392da376,550e8400-e29b-41d4-a716-446655440015,17761,0000017761,130f21fc-b764-40db-a21c-216b8a96e0f5,TXN-61092,61092,3,"Pickup at Branch 3, Quezon Avenue, Quezon City",Cash on Delivery,paid,In Transit,scheduled,141.87,86.29,33.45,587.1,,,"{""source"":""web-checkout""}",2025-12-31T12:49:35.376469+00:00,2026-05-22T18:44:41.235363+00:00,,,true
810a0ab5-6b97-4b7a-b120-b323af6a8278,550e8400-e29b-41d4-a716-446655440047,18243,0000018243,c600a4e0-391c-4e10-96ab-4e804054bed4,TXN-60576,60576,3,"Miilionaires Village, Manila City, Metro Manila",GCash,paid,Cancelled,claim_at_branch,75.16,143.4,0,537.48,,,"{""source"":""web-checkout""}",2025-12-31T09:12:20.764888+00:00,2026-05-22T18:44:41.235363+00:00,,,true
667d0b77-505a-4166-9a04-dc2e7c2a3325,550e8400-e29b-41d4-a716-446655440030,17926,0000017926,4f5ff31a-54d1-4574-a800-32e9938c1c21,TXN-61190,61190,3,"Pickup at Branch 3, Quezon Avenue, Quezon City",Maya,paid,In Transit,scheduled,440.32,96.04,46.98,689.11,,,"{""source"":""web-checkout""}",2025-12-31T03:32:29.597796+00:00,2026-05-22T18:44:41.235363+00:00,,,true
93e2a35f-e756-4add-9316-ae00ba38b1ff,550e8400-e29b-41d4-a716-446655440014,17960,0000017960,608366b3-50d3-4da2-90c4-6f7c9f1f7c87,TXN-60660,60660,3,"Blk 454 lot23, Malita, Davao Occidental",Credit / Debit Card,paid,Processing,scheduled,280.14,237.06,0,670.13,,,"{""source"":""web-checkout""}",2025-12-31T00:25:56.03912+00:00,2026-05-22T18:44:41.235363+00:00,,,true
6f932049-cc0d-4ee5-86b9-1c4d43fa8ca3,550e8400-e29b-41d4-a716-446655440036,17982,0000017982,6a022808-4b32-4990-98a6-11e81183724b,TXN-61119,61119,3,"Manila city, Jabonga, Agusan Del Norte",Maya,failed,Cancelled,scheduled,438.01,208.47,0,680.37,,,"{""source"":""web-checkout""}",2025-12-31T00:05:35.936854+00:00,2026-05-23T06:26:46.624031+00:00,Cleaned up stale pending session,2026-05-23T06:26:46.624031+00:00,true
2cb49ca4-c54b-4a60-9a0b-e915637a8bb5,550e8400-e29b-41d4-a716-446655440027,18323,0000018323,e2fee33c-edbb-4d94-b34d-3a89b52bd5f4,TXN-60550,60550,3,"Miilionaires Village, Manila City, Metro Manila",GCash,failed,Cancelled,scheduled,272.64,108.34,0,428.48,,,"{""source"":""web-checkout""}",2025-12-30T23:14:09.609964+00:00,2026-05-23T06:26:46.624031+00:00,Cleaned up stale pending session,2026-05-23T06:26:46.624031+00:00,true
6b53507f-b10b-42af-8b02-06c95d5a8b23,550e8400-e29b-41d4-a716-446655440025,18121,0000018121,9cf1489c-3adf-4a67-a944-4f7c87a2961f,TXN-60588,60588,3,"Pickup at Branch 3, Quezon Avenue, Quezon City",Cash on Delivery,paid,In Transit,claim_at_branch,394.4,193.04,0,488.74,,,"{""source"":""web-checkout""}",2025-12-29T23:52:25.532703+00:00,2026-05-22T18:44:41.235363+00:00,,,true
d44396b1-0bcf-4b00-b11c-c568aa1fd13e,550e8400-e29b-41d4-a716-446655440011,18107,0000018107,98502330-e9c6-426e-9dd1-b2ad4e47da76,TXN-60634,60634,3,"Manila city, Jabonga, Agusan Del Norte",GCash,paid,Delivered,claim_at_branch,134.73,64.4,0,577.15,,,"{""source"":""web-checkout""}",2025-12-29T18:29:06.892671+00:00,2026-05-22T18:44:41.235363+00:00,,,true
68e5d160-38ea-41e9-975e-941abc83c936,550e8400-e29b-41d4-a716-446655440024,17970,0000017970,63e99356-f453-4e8a-bf50-70be74c0eb9f,TXN-60605,60605,3,"Blk 454 lot23, Malita, Davao Occidental",Maya,failed,Cancelled,scheduled,83.79,237.6,0,188.86,,,"{""source"":""web-checkout""}",2025-12-29T16:15:07.237793+00:00,2026-05-23T06:26:46.624031+00:00,Cleaned up stale pending session,2026-05-23T06:26:46.624031+00:00,true
588f87e9-84c5-4f14-b726-c250e8273198,550e8400-e29b-41d4-a716-446655440026,17772,0000017772,171e8079-bfb2-49e2-997e-4f9529212f1e,TXN-61081,61081,3,"Manila city, Jabonga, Agusan Del Norte",Credit / Debit Card,paid,Delivered,claim_at_branch,225.4,174.38,0,595.65,,,"{""source"":""web-checkout""}",2025-12-29T12:24:38.805559+00:00,2026-05-22T18:44:41.235363+00:00,,,true
790e8312-5039-44e2-a1ff-ad343db1154b,550e8400-e29b-41d4-a716-446655440028,18374,0000018374,f5771fed-0654-4940-8211-c31ae76dd39a,TXN-60530,60530,3,"Quezon city greenfields, Quezon City, Metro Manila",Maya,paid,Processing,scheduled,441.29,119.48,0,615.64,,,"{""source"":""web-checkout""}",2025-12-29T10:46:54.828372+00:00,2026-05-22T18:44:41.235363+00:00,,,true
a936a6fc-43e8-4327-b634-92f2d768fc41,550e8400-e29b-41d4-a716-446655440025,18171,0000018171,af64b299-634c-4377-b1e0-7496658cc949,TXN-60864,60864,3,"Pickup at Branch 3, Quezon Avenue, Quezon City",GCash,paid,In Transit,claim_at_branch,428.17,159.8,0,252.41,,,"{""source"":""web-checkout""}",2025-12-29T08:35:21.531886+00:00,2026-05-22T18:44:41.235363+00:00,,,true
a879ac81-dd2d-4285-9e5b-0ed44feaa63e,550e8400-e29b-41d4-a716-446655440012,17808,0000017808,23405204-c025-4dd5-9682-d5e9a2d1d8b5,TXN-61143,61143,3,"Miilionaires Village, Manila City, Metro Manila",Credit / Debit Card,paid,Cancelled,scheduled,379.37,175.66,0,597.33,,,"{""source"":""web-checkout""}",2025-12-29T04:03:02.075286+00:00,2026-05-22T18:44:41.235363+00:00,,,true
b703b069-a786-43b6-a117-c4a0fc1b317a,550e8400-e29b-41d4-a716-446655440028,18124,0000018124,9dd21969-0015-4bbe-b1e2-1066e8d2ccd4,TXN-61022,61022,3,"Quezon city greenfields, Quezon City, Metro Manila",Credit / Debit Card,paid,Processing,claim_at_branch,268.2,121.59,0,173.84,,,"{""source"":""web-checkout""}",2025-12-29T03:34:32.092234+00:00,2026-05-22T18:44:41.235363+00:00,,,true
1e5ef46a-03a7-422c-9e38-5bb06397bbfe,550e8400-e29b-41d4-a716-446655440047,18143,0000018143,a4ec2c7f-ff56-427e-bf0c-abc203354644,TXN-61183,61183,3,"Miilionaires Village, Manila City, Metro Manila",GCash,paid,Cancelled,scheduled,71.62,203.29,0,134.26,,,"{""source"":""web-checkout""}",2025-12-28T22:38:49.903793+00:00,2026-05-22T18:44:41.235363+00:00,,,true
accf9fe3-8b06-4d32-83c8-3a727a6029a4,550e8400-e29b-41d4-a716-446655440055,17951,0000017951,5cc78ad9-aaba-4c0f-826b-9979476ee9b0,TXN-60721,60721,3,"Pickup at Branch 3, Quezon Avenue, Quezon City",GCash,paid,In Transit,scheduled,61.94,198.14,0,459.74,,,"{""source"":""web-checkout""}",2025-12-28T21:13:05.409162+00:00,2026-05-22T18:44:41.235363+00:00,,,true
964b951b-777c-43c3-8506-13347f0913a9,550e8400-e29b-41d4-a716-446655440045,17891,0000017891,3fc2293b-1d16-47c1-9eeb-22d4796761a9,TXN-60766,60766,3,"Pickup at Branch 3, Quezon Avenue, Quezon City",GCash,paid,In Transit,scheduled,245.12,86.55,0,288.91,,,"{""source"":""web-checkout""}",2025-12-28T21:00:55.14867+00:00,2026-05-22T18:44:41.235363+00:00,,,true
5a49aacb-8fc0-4bfa-91c4-c8084b790b48,550e8400-e29b-41d4-a716-446655440039,17785,0000017785,1b849110-ea36-460c-a189-99afc74d86bf,TXN-60502,60502,3,"Blk 454 lot23, Malita, Davao Occidental",Cash on Delivery,paid,Processing,claim_at_branch,247.9,82.27,0,365.13,,,"{""source"":""web-checkout""}",2025-12-28T13:39:00.16135+00:00,2026-05-22T18:44:41.235363+00:00,,,true
d3c5c54d-8adf-473d-ad9d-2f8dc228c3fb,550e8400-e29b-41d4-a716-446655440055,18201,0000018201,bae578c8-649e-47a9-af91-9eb34b04220e,TXN-60600,60600,3,"Pickup at Branch 3, Quezon Avenue, Quezon City",Cash on Delivery,failed,Cancelled,scheduled,449.73,102.9,0,293.43,,,"{""source"":""web-checkout""}",2025-12-28T02:43:46.386851+00:00,2026-05-23T06:26:46.624031+00:00,Cleaned up stale pending session,2026-05-23T06:26:46.624031+00:00,true
c9bd7479-3504-41e8-b894-1160acb1e7c0,550e8400-e29b-41d4-a716-446655440049,18345,0000018345,ecea2653-ed9e-4d8c-9af2-078c53a3a6a3,TXN-60758,60758,3,"Blk 454 lot23, Malita, Davao Occidental",Cash on Delivery,paid,Processing,claim_at_branch,354.41,192.11,8.51,159.35,,,"{""source"":""web-checkout""}",2025-12-28T00:57:36.084265+00:00,2026-05-22T18:44:41.235363+00:00,,,true
27c1868d-1392-40ef-ba00-51c8650c9d6d,550e8400-e29b-41d4-a716-446655440053,17999,0000017999,706cb137-c960-46f3-8255-a75b25d4110b,TXN-61029,61029,3,"Quezon city greenfields, Quezon City, Metro Manila",GCash,paid,Processing,claim_at_branch,187.11,105.29,0,492.94,,,"{""source"":""web-checkout""}",2025-12-27T18:49:12.460724+00:00,2026-05-22T18:44:41.235363+00:00,,,true
dd15533f-8267-46ee-a145-c7d75e0c096a,550e8400-e29b-41d4-a716-446655440038,18134,0000018134,a19f8961-ceae-4ab2-a552-4478e71a516e,TXN-60726,60726,3,"Quezon city greenfields, Quezon City, Metro Manila",Maya,paid,Processing,scheduled,102.69,246.82,0,489.94,,,"{""source"":""web-checkout""}",2025-12-27T17:50:13.051162+00:00,2026-05-22T18:44:41.235363+00:00,,,true
b5716ca4-4daf-41e3-81f7-fd70f84c1563,550e8400-e29b-41d4-a716-446655440059,17755,0000017755,104f4f7d-6f33-4526-8c58-eed821772147,TXN-61071,61071,3,"Blk 454 lot23, Malita, Davao Occidental",GCash,paid,Processing,claim_at_branch,80.58,207.41,5.14,263.84,,,"{""source"":""web-checkout""}",2025-12-27T15:19:51.213035+00:00,2026-05-22T18:44:41.235363+00:00,,,true
99006c16-6d14-43c8-890c-72d7aa3d5eea,550e8400-e29b-41d4-a716-446655440034,18280,0000018280,d4e707f8-eebd-426c-9602-81a215c1c642,TXN-61189,61189,3,"Blk 454 lot23, Malita, Davao Occidental",Credit / Debit Card,paid,Processing,scheduled,206.95,83.45,27.56,419.45,,,"{""source"":""web-checkout""}",2025-12-27T05:27:24.925014+00:00,2026-05-22T18:44:41.235363+00:00,,,true
744e8763-3345-43b3-b6ed-89feb46769c1,550e8400-e29b-41d4-a716-446655440011,17757,0000017757,1084d511-1e1f-4cf3-9a83-e31182eea9a9,TXN-60596,60596,3,"Manila city, Jabonga, Agusan Del Norte",Cash on Delivery,paid,Delivered,scheduled,313.38,172.4,0,403.52,,,"{""source"":""web-checkout""}",2025-12-26T10:54:01.583963+00:00,2026-05-22T18:44:41.235363+00:00,,,true
e96240ee-62a7-468e-87e0-574ec9ba66f5,550e8400-e29b-41d4-a716-446655440054,18300,0000018300,db4c784f-03bb-4280-b7be-92a190c9bd79,TXN-60765,60765,3,"Blk 454 lot23, Malita, Davao Occidental",Credit / Debit Card,paid,Processing,scheduled,61.07,67.32,25.42,222.2,,,"{""source"":""web-checkout""}",2025-12-26T07:07:51.795312+00:00,2026-05-22T18:44:41.235363+00:00,,,true
48832fb8-243c-4247-b7fe-1c1ea156bf94,550e8400-e29b-41d4-a716-446655440019,17865,0000017865,36b79d87-7d6d-418c-817b-6d5d6e5665c4,TXN-60744,60744,3,"Blk 454 lot23, Malita, Davao Occidental",Cash on Delivery,paid,Processing,scheduled,91.13,235.1,0,579.49,,,"{""source"":""web-checkout""}",2025-12-26T02:08:26.055668+00:00,2026-05-22T18:44:41.235363+00:00,,,true
23203298-5c7a-4287-9028-db467df1816e,550e8400-e29b-41d4-a716-446655440046,18242,0000018242,c5da54c3-5bef-4735-8fbc-c84ed2f23ae8,TXN-60514,60514,3,"Manila city, Jabonga, Agusan Del Norte",Maya,paid,Delivered,scheduled,127.99,189.27,0,278.67,,,"{""source"":""web-checkout""}",2025-12-25T19:15:49.998487+00:00,2026-05-22T18:44:41.235363+00:00,,,true
8b36954f-8ba7-4885-b2d5-e9d6b1cab78d,550e8400-e29b-41d4-a716-446655440045,18141,0000018141,a4561404-c7a0-4af0-a025-91e2f426bcc5,TXN-60820,60820,3,"Pickup at Branch 3, Quezon Avenue, Quezon City",Cash on Delivery,paid,In Transit,scheduled,132.76,125.98,0,534.54,,,"{""source"":""web-checkout""}",2025-12-25T10:01:29.830999+00:00,2026-05-22T18:44:41.235363+00:00,,,true
b5d0d07f-6f9d-43fa-9315-2a8006367e74,550e8400-e29b-41d4-a716-446655440045,18191,0000018191,b5062e19-540b-43e4-9d5f-98219cd15076,TXN-60818,60818,3,"Pickup at Branch 3, Quezon Avenue, Quezon City",GCash,paid,In Transit,scheduled,203.35,163.26,0,571.17,,,"{""source"":""web-checkout""}",2025-12-25T00:13:09.812671+00:00,2026-05-22T18:44:41.235363+00:00,,,true
162bff38-82a3-4213-935b-2e6c38e833cd,550e8400-e29b-41d4-a716-446655440030,18276,0000018276,d30bfd33-9190-4e84-a5f8-df00415dc7c8,TXN-60944,60944,3,"Pickup at Branch 3, Quezon Avenue, Quezon City",Credit / Debit Card,failed,Cancelled,scheduled,185.52,125.73,24.05,229.21,,,"{""source"":""web-checkout""}",2025-12-24T17:06:48.989322+00:00,2026-05-23T06:26:46.624031+00:00,Cleaned up stale pending session,2026-05-23T06:26:46.624031+00:00,true
42ff1da4-c611-4943-bc0e-2cb4a664c4ae,550e8400-e29b-41d4-a716-446655440040,18036,0000018036,7faa91bd-3be9-4b80-af03-31621cbd2a39,TXN-60984,60984,3,"Pickup at Branch 3, Quezon Avenue, Quezon City",Credit / Debit Card,paid,In Transit,scheduled,366.97,202.82,0,204.8,,,"{""source"":""web-checkout""}",2025-12-24T15:59:43.222927+00:00,2026-05-22T18:44:41.235363+00:00,,,true
c962d311-4857-4d9c-98d8-8cc9c95b0b2e,550e8400-e29b-41d4-a716-446655440048,18094,0000018094,93d4260b-9d54-496b-bbd3-b8a356fe1319,TXN-60572,60572,3,"Quezon city greenfields, Quezon City, Metro Manila",Maya,failed,Cancelled,scheduled,222.42,55.04,0,340.67,,,"{""source"":""web-checkout""}",2025-12-24T10:45:59.898606+00:00,2026-05-23T06:26:46.624031+00:00,Cleaned up stale pending session,2026-05-23T06:26:46.624031+00:00,true
07fba626-7f66-4f67-8b3f-16b750549a06,550e8400-e29b-41d4-a716-446655440030,18376,0000018376,f5b1c6a8-7b93-4402-a7a2-f6ce7b920885,TXN-60989,60989,3,"Pickup at Branch 3, Quezon Avenue, Quezon City",Credit / Debit Card,paid,In Transit,scheduled,349.14,107.61,0,286.49,,,"{""source"":""web-checkout""}",2025-12-24T09:14:25.235213+00:00,2026-05-22T18:44:41.235363+00:00,,,true
057a75cf-26de-4b4f-9590-4b04f9d5211b,550e8400-e29b-41d4-a716-446655440058,17904,0000017904,45be9ed6-7dac-49d7-9bf7-f54357e1e7c3,TXN-61105,61105,3,"Quezon city greenfields, Quezon City, Metro Manila",Credit / Debit Card,paid,Processing,scheduled,314.79,55.61,0,447.49,,,"{""source"":""web-checkout""}",2025-12-24T06:00:43.469781+00:00,2026-05-22T18:44:41.235363+00:00,,,true
458c93c5-3557-48fd-b5dc-a3ea5e239455,550e8400-e29b-41d4-a716-446655440026,17972,0000017972,64a40a46-8e46-4b04-a895-25a7555c5e71,TXN-60937,60937,3,"Manila city, Jabonga, Agusan Del Norte",Credit / Debit Card,paid,Delivered,claim_at_branch,301.75,188.86,0,348.44,,,"{""source"":""web-checkout""}",2025-12-24T00:43:30.315641+00:00,2026-05-22T18:44:41.235363+00:00,,,true
78e4207e-9c71-4e9a-bf78-663192372c12,550e8400-e29b-41d4-a716-446655440038,18084,0000018084,921bac8e-527f-4761-88a0-ffe1b2bbe463,TXN-60910,60910,3,"Quezon city greenfields, Quezon City, Metro Manila",Credit / Debit Card,paid,Processing,scheduled,199.73,205.15,0,624.9,,,"{""source"":""web-checkout""}",2025-12-23T17:43:03.65412+00:00,2026-05-22T18:44:41.235363+00:00,,,true
9d0a6694-65e4-407c-8b17-b8076e20c325,550e8400-e29b-41d4-a716-446655440038,17734,0000017734,06900628-8b88-4236-84d4-da727770f4b8,TXN-60962,60962,3,"Quezon city greenfields, Quezon City, Metro Manila",Maya,paid,Processing,scheduled,191.47,190.61,0,251.29,,,"{""source"":""web-checkout""}",2025-12-23T04:38:17.559734+00:00,2026-05-22T18:44:41.235363+00:00,,,true
dba8cf40-6d49-4071-9a53-e33c217891bd,550e8400-e29b-41d4-a716-446655440034,17880,0000017880,3c40e2dc-04ce-4eda-97e2-934e6770951b,TXN-60837,60837,3,"Blk 454 lot23, Malita, Davao Occidental",Credit / Debit Card,paid,Processing,scheduled,308.96,51.34,0,124.91,,,"{""source"":""web-checkout""}",2025-12-23T03:29:53.283024+00:00,2026-05-22T18:44:41.235363+00:00,,,true
97711707-183a-469e-bf66-b0ace2975083,550e8400-e29b-41d4-a716-446655440024,18020,0000018020,77e5435f-c248-4dcc-8152-e36bbffbe903,TXN-60808,60808,3,"Blk 454 lot23, Malita, Davao Occidental",Credit / Debit Card,paid,Processing,scheduled,102.12,225.78,0,372.06,,,"{""source"":""web-checkout""}",2025-12-23T02:55:28.204273+00:00,2026-05-22T18:44:41.235363+00:00,,,true
3054f23c-4f07-43dc-a240-2d219e589b85,550e8400-e29b-41d4-a716-446655440036,18082,0000018082,91ac9668-5b20-4a50-a164-4ba784fe03af,TXN-60554,60554,3,"Manila city, Jabonga, Agusan Del Norte",Maya,paid,Delivered,scheduled,58.13,187.13,0,639.17,,,"{""source"":""web-checkout""}",2025-12-23T01:38:30.98616+00:00,2026-05-22T18:44:41.235363+00:00,,,true
98c6bd49-9ab3-48e3-ac01-d13a6798694e,550e8400-e29b-41d4-a716-446655440024,17720,0000017720,032d4452-f291-4bdc-8c71-86509f988c86,TXN-61194,61194,3,"Blk 454 lot23, Malita, Davao Occidental",Credit / Debit Card,failed,Cancelled,scheduled,216.57,247.82,0,399.15,,,"{""source"":""web-checkout""}",2025-12-23T00:26:51.475472+00:00,2026-05-23T06:26:46.624031+00:00,Cleaned up stale pending session,2026-05-23T06:26:46.624031+00:00,true
4f495963-4084-4464-bc76-066f622ac5db,550e8400-e29b-41d4-a716-446655440046,18092,0000018092,9345f051-277f-42b9-837c-df3685d763c2,TXN-60924,60924,3,"Manila city, Jabonga, Agusan Del Norte",Credit / Debit Card,failed,Cancelled,claim_at_branch,335.81,192.21,0,494.1,,,"{""source"":""web-checkout""}",2025-12-22T23:44:39.839142+00:00,2026-05-23T06:26:46.624031+00:00,Cleaned up stale pending session,2026-05-23T06:26:46.624031+00:00,true
5abb555e-79df-416a-bd80-ab7fb6f20b1c,550e8400-e29b-41d4-a716-446655440037,18283,0000018283,d57f6e1c-8910-4492-8924-a4b6deac903b,TXN-60868,60868,3,"Miilionaires Village, Manila City, Metro Manila",GCash,paid,Cancelled,scheduled,237.98,243.99,0,206.05,,,"{""source"":""web-checkout""}",2025-12-22T19:17:28.962823+00:00,2026-05-22T18:44:41.235363+00:00,,,true
6842638b-056a-4f93-90da-48233e3a5e5c,550e8400-e29b-41d4-a716-446655440047,17943,0000017943,56c5340a-5a07-4432-bf82-c5f0ef218f3b,TXN-60817,60817,3,"Miilionaires Village, Manila City, Metro Manila",GCash,paid,Cancelled,claim_at_branch,285.79,117.74,0,250.02,,,"{""source"":""web-checkout""}",2025-12-22T04:27:35.239985+00:00,2026-05-22T18:44:41.235363+00:00,,,true
fe093422-3fae-4de1-9279-41caa946c08c,550e8400-e29b-41d4-a716-446655440012,18258,0000018258,c9e821dd-5e32-4bb6-a93b-288b36da5b70,TXN-60585,60585,3,"Miilionaires Village, Manila City, Metro Manila",Maya,paid,Cancelled,scheduled,377.36,126.1,0,658.26,,,"{""source"":""web-checkout""}",2025-12-22T02:34:32.019857+00:00,2026-05-22T18:44:41.235363+00:00,,,true
2b87a314-54dd-41d1-bd79-f4100d2589bc,550e8400-e29b-41d4-a716-446655440026,17922,0000017922,4e01f0c0-1987-429f-9d4c-15e90e7f52d3,TXN-61062,61062,3,"Manila city, Jabonga, Agusan Del Norte",Maya,paid,Delivered,scheduled,116.19,224.67,0,461.79,,,"{""source"":""web-checkout""}",2025-12-22T01:43:17.95146+00:00,2026-05-22T18:44:41.235363+00:00,,,true
7adebda6-3923-4618-b1e1-5f49db4af23a,550e8400-e29b-41d4-a716-446655440059,18205,0000018205,bc10e14f-9f33-4aa0-8e80-4e27f95bee10,TXN-61161,61161,3,"Blk 454 lot23, Malita, Davao Occidental",Cash on Delivery,failed,Cancelled,claim_at_branch,419.75,103.22,0,649.83,,,"{""source"":""web-checkout""}",2025-12-21T10:12:21.060561+00:00,2026-05-23T06:26:46.624031+00:00,Cleaned up stale pending session,2026-05-23T06:26:46.624031+00:00,true
ee6e8344-2dd4-436e-b27c-6f31d89e0568,550e8400-e29b-41d4-a716-446655440047,17743,0000017743,09bbea22-8d1a-4311-b987-16662d7f7f7a,TXN-60905,60905,3,"Miilionaires Village, Manila City, Metro Manila",GCash,failed,Cancelled,scheduled,323,215.89,0,625.29,,,"{""source"":""web-checkout""}",2025-12-21T06:49:09.973641+00:00,2026-05-23T06:26:46.624031+00:00,Cleaned up stale pending session,2026-05-23T06:26:46.624031+00:00,true
4e8bfd84-38c7-4aad-b9b8-a0be9e61bef8,550e8400-e29b-41d4-a716-446655440037,18383,0000018383,f7d62150-19f6-4325-ac09-33ed6ccf15af,TXN-60549,60549,3,"Miilionaires Village, Manila City, Metro Manila",GCash,failed,Cancelled,scheduled,373.94,88.89,0,102.9,,,"{""source"":""web-checkout""}",2025-12-20T23:24:21.976937+00:00,2026-05-23T06:26:46.624031+00:00,Cleaned up stale pending session,2026-05-23T06:26:46.624031+00:00,true
f888e4d7-3ef1-4b01-9a14-ba11300f8baa,550e8400-e29b-41d4-a716-446655440014,17910,0000017910,495623ab-4e3c-48f7-881d-4a62ddda38d9,TXN-60738,60738,3,"Blk 454 lot23, Malita, Davao Occidental",Maya,paid,Processing,scheduled,431.89,67.64,0,599.97,,,"{""source"":""web-checkout""}",2025-12-20T23:14:50.900089+00:00,2026-05-22T18:44:41.235363+00:00,,,true
ebb72472-2005-43fa-b16f-d3aea3b9b206,550e8400-e29b-41d4-a716-446655440050,18296,0000018296,d9ce0599-728d-4a6e-8bdc-d44b019247a8,TXN-60662,60662,3,"Pickup at Branch 3, Quezon Avenue, Quezon City",Credit / Debit Card,paid,In Transit,scheduled,126.32,216.4,0,292.98,,,"{""source"":""web-checkout""}",2025-12-20T21:41:20.589117+00:00,2026-05-22T18:44:41.235363+00:00,,,true
b367e865-d007-4f84-8372-a51c32330c7e,550e8400-e29b-41d4-a716-446655440047,18293,0000018293,d9a7b7f8-884b-4aa7-ba39-d87ab83fe6d4,TXN-60795,60795,3,"Miilionaires Village, Manila City, Metro Manila",Cash on Delivery,paid,Cancelled,scheduled,273.56,84.97,0,228.75,,,"{""source"":""web-checkout""}",2025-12-20T18:03:49.70407+00:00,2026-05-22T18:44:41.235363+00:00,,,true
301d505a-d7d9-4495-b003-0b0075b3800a,550e8400-e29b-41d4-a716-446655440054,17750,0000017750,0c8aeecc-2538-4692-a921-9228f7cc88c5,TXN-61059,61059,3,"Blk 454 lot23, Malita, Davao Occidental",Maya,paid,Processing,scheduled,281.4,229.75,0,652.53,,,"{""source"":""web-checkout""}",2025-12-20T14:44:30.361316+00:00,2026-05-22T18:44:41.235363+00:00,,,true
807e7690-7d4f-4114-92e4-cc66591de6ee,550e8400-e29b-41d4-a716-446655440029,17925,0000017925,4f4f6cb6-c4fc-4c4d-9990-733ba04081ef,TXN-61000,61000,3,"Blk 454 lot23, Malita, Davao Occidental",Cash on Delivery,paid,Processing,claim_at_branch,165.42,139.53,0,453.18,,,"{""source"":""web-checkout""}",2025-12-20T13:40:52.914515+00:00,2026-05-22T18:44:41.235363+00:00,,,true
b12272cd-f470-434b-9de2-93c92595d43a,550e8400-e29b-41d4-a716-446655440056,18402,0000018402,fdb87bb4-fb89-4dbd-b126-9a782aa20121,TXN-60863,60863,3,"Manila city, Jabonga, Agusan Del Norte",Maya,paid,Delivered,scheduled,283.45,71.02,0,280.35,,,"{""source"":""web-checkout""}",2025-12-20T13:27:49.430743+00:00,2026-05-22T18:44:41.235363+00:00,,,true
b832fc35-c2d3-4bac-a999-3e0d6230ce88,550e8400-e29b-41d4-a716-446655440042,18338,0000018338,e9134f50-84e1-4cc6-9caf-965000da7c7e,TXN-60884,60884,3,"Miilionaires Village, Manila City, Metro Manila",Maya,paid,Cancelled,scheduled,117.59,242.6,15.14,698.47,,,"{""source"":""web-checkout""}",2025-12-20T12:30:17.223391+00:00,2026-05-22T18:44:41.235363+00:00,,,true
89d2488d-a58f-4639-a97c-793306c79d5a,550e8400-e29b-41d4-a716-446655440019,18115,0000018115,9aa89fbb-7d16-4d81-b9bc-4e7ef1e369a2,TXN-60804,60804,3,"Blk 454 lot23, Malita, Davao Occidental",GCash,failed,Cancelled,claim_at_branch,56.39,61.86,0,512.38,,,"{""source"":""web-checkout""}",2025-12-20T10:40:21.271211+00:00,2026-05-23T06:26:46.624031+00:00,Cleaned up stale pending session,2026-05-23T06:26:46.624031+00:00,true
7ce2c762-19f2-4015-ac64-e9df4a7c620e,550e8400-e29b-41d4-a716-446655440024,18370,0000018370,f496a9ad-cc2a-4915-a9e9-1c87ca52b861,TXN-60957,60957,3,"Blk 454 lot23, Malita, Davao Occidental",Maya,paid,Processing,scheduled,340.79,70.18,0,140.24,,,"{""source"":""web-checkout""}",2025-12-20T10:16:33.584615+00:00,2026-05-22T18:44:41.235363+00:00,,,true
758f3f20-8fdd-4d61-8e90-4c17f1103827,550e8400-e29b-41d4-a716-446655440059,18305,0000018305,ddeefea3-3d2b-49b9-8228-ca1205d7f5b2,TXN-61065,61065,3,"Blk 454 lot23, Malita, Davao Occidental",Cash on Delivery,paid,Processing,claim_at_branch,427.41,54.15,0,620.11,,,"{""source"":""web-checkout""}",2025-12-20T08:16:47.379624+00:00,2026-05-22T18:44:41.235363+00:00,,,true
7a956da9-641b-41c8-ba78-52eb5a6d2bc8,550e8400-e29b-41d4-a716-446655440050,18046,0000018046,828460ad-8cd6-451f-b227-83e2892fa0d3,TXN-60933,60933,3,"Pickup at Branch 3, Quezon Avenue, Quezon City",Maya,paid,In Transit,claim_at_branch,410.83,194.33,0,504.55,,,"{""source"":""web-checkout""}",2025-12-20T00:35:29.950045+00:00,2026-05-22T18:44:41.235363+00:00,,,true
cbd8be9d-08f3-40fe-b907-c0a92a4da5f5,550e8400-e29b-41d4-a716-446655440014,18060,0000018060,882d2910-7bfa-463c-9277-806de16fadc6,TXN-60563,60563,3,"Blk 454 lot23, Malita, Davao Occidental",Credit / Debit Card,failed,Cancelled,claim_at_branch,416.68,169.98,24.12,550.23,,,"{""source"":""web-checkout""}",2025-12-19T22:03:42.242002+00:00,2026-05-23T06:26:46.624031+00:00,Cleaned up stale pending session,2026-05-23T06:26:46.624031+00:00,true
2bbd651d-97f0-4a4a-bcd2-a71c5c14981e,550e8400-e29b-41d4-a716-446655440048,18044,0000018044,81bdc7a6-fec4-4206-9286-85032b647a2c,TXN-60733,60733,3,"Quezon city greenfields, Quezon City, Metro Manila",Credit / Debit Card,paid,Processing,scheduled,388.67,154.61,9.96,247.05,,,"{""source"":""web-checkout""}",2025-12-19T20:08:14.714606+00:00,2026-05-22T18:44:41.235363+00:00,,,true
ece9cb3d-d8ca-49ff-a9c7-0ec7cc53bac0,550e8400-e29b-41d4-a716-446655440017,18363,0000018363,f2f94ac2-1138-4122-aa47-34133f6ca8dc,TXN-60904,60904,3,"Miilionaires Village, Manila City, Metro Manila",GCash,paid,Cancelled,claim_at_branch,157.7,63.29,0,318.98,,,"{""source"":""web-checkout""}",2025-12-19T07:12:57.535573+00:00,2026-05-22T18:44:41.235363+00:00,,,true
ad4d2e17-3c36-44b0-94d5-bf32877da046,550e8400-e29b-41d4-a716-446655440036,17732,0000017732,068da5fc-0b07-47d4-a45e-819e9ab49653,TXN-60870,60870,3,"Manila city, Jabonga, Agusan Del Norte",Credit / Debit Card,failed,Cancelled,scheduled,365.51,59.13,36.97,352.56,,,"{""source"":""web-checkout""}",2025-12-19T06:47:26.59812+00:00,2026-05-23T06:26:46.624031+00:00,Cleaned up stale pending session,2026-05-23T06:26:46.624031+00:00,true
639593b2-fc75-46ef-b3c4-20301ba05918,550e8400-e29b-41d4-a716-446655440049,18395,0000018395,fb4d0f95-e74a-4b03-b25c-7dbe07e97a11,TXN-60604,60604,3,"Blk 454 lot23, Malita, Davao Occidental",GCash,paid,Processing,scheduled,266.02,240.12,0,223.77,,,"{""source"":""web-checkout""}",2025-12-18T20:49:09.390665+00:00,2026-05-22T18:44:41.235363+00:00,,,true
8a52dc4f-c701-4e9e-a817-744958811866,550e8400-e29b-41d4-a716-446655440010,18306,0000018306,def73b74-cbaa-4c27-a9e7-68cc6165b8d7,TXN-60555,60555,3,"Pickup at Branch 3, Quezon Avenue, Quezon City",Maya,paid,In Transit,scheduled,168.1,212.6,0,201.5,,,"{""source"":""web-checkout""}",2025-12-18T18:50:16.581785+00:00,2026-05-22T18:44:41.235363+00:00,,,true
8fde3057-8e20-48e1-b1c3-1bfab944aab5,550e8400-e29b-41d4-a716-446655440018,17864,0000017864,36a9eed3-cedc-47b7-913a-962985055d57,TXN-60843,60843,3,"Quezon city greenfields, Quezon City, Metro Manila",Credit / Debit Card,paid,Processing,scheduled,208.99,139.35,35.44,275.23,,,"{""source"":""web-checkout""}",2025-12-18T09:49:50.94215+00:00,2026-05-22T18:44:41.235363+00:00,,,true
d3235ecf-599e-470e-a5df-135a5d0dbe2f,550e8400-e29b-41d4-a716-446655440055,18351,0000018351,edea078b-3dbe-4cd3-9283-3ba2d51ec336,TXN-60627,60627,3,"Pickup at Branch 3, Quezon Avenue, Quezon City",GCash,paid,In Transit,scheduled,365.16,245.73,0,530.8,,,"{""source"":""web-checkout""}",2025-12-18T09:02:08.871154+00:00,2026-05-22T18:44:41.235363+00:00,,,true
98a6bab8-b99e-440c-87af-8d714dbcaac7,550e8400-e29b-41d4-a716-446655440017,18263,0000018263,cc3a9a9a-d77e-4b86-9189-080d3f285654,TXN-60748,60748,3,"Miilionaires Village, Manila City, Metro Manila",GCash,paid,Cancelled,scheduled,154.16,246.07,0,600.87,,,"{""source"":""web-checkout""}",2025-12-17T22:09:46.747452+00:00,2026-05-22T18:44:41.235363+00:00,,,true
09ea4683-670a-49df-bf0a-801ec04e70e9,550e8400-e29b-41d4-a716-446655440056,18102,0000018102,9672bf5e-8c33-4191-8d9e-57bfca013757,TXN-60727,60727,3,"Manila city, Jabonga, Agusan Del Norte",Maya,paid,Delivered,scheduled,254.02,145.5,0,625.68,,,"{""source"":""web-checkout""}",2025-12-17T18:18:57.919417+00:00,2026-05-22T18:44:41.235363+00:00,,,true
176332a0-0087-461c-869a-a201e71177c5,550e8400-e29b-41d4-a716-446655440052,18298,0000018298,d9fe0d66-2dd4-4900-ac60-e6b5b72f16de,TXN-60969,60969,3,"Miilionaires Village, Manila City, Metro Manila",Maya,paid,Cancelled,claim_at_branch,430.53,161.4,0,267.26,,,"{""source"":""web-checkout""}",2025-12-17T07:58:30.696844+00:00,2026-05-22T18:44:41.235363+00:00,,,true
e5f17a11-73f9-4f46-9cc7-400fb39bc8ef,550e8400-e29b-41d4-a716-446655440045,18091,0000018091,9338781d-4333-4807-a710-c26168661ef1,TXN-61118,61118,3,"Pickup at Branch 3, Quezon Avenue, Quezon City",GCash,paid,In Transit,claim_at_branch,199.16,229.38,0,542,,,"{""source"":""web-checkout""}",2025-12-17T06:22:41.408574+00:00,2026-05-22T18:44:41.235363+00:00,,,true
f6773d27-5d2f-486a-a0d5-50c9a7fec9cb,550e8400-e29b-41d4-a716-446655440011,18357,0000018357,eff7d525-e0f8-4b12-9bc4-c9c99246621f,TXN-61014,61014,3,"Manila city, Jabonga, Agusan Del Norte",Cash on Delivery,paid,Delivered,scheduled,322.32,184.95,0,675.37,,,"{""source"":""web-checkout""}",2025-12-17T04:19:43.209699+00:00,2026-05-22T18:44:41.235363+00:00,,,true
2cd12bdf-d2f1-4af8-9702-edef61f7551c,550e8400-e29b-41d4-a716-446655440016,18012,0000018012,758aded1-c57a-4db6-9e5c-a2ee7e13b2b7,TXN-61108,61108,3,"Manila city, Jabonga, Agusan Del Norte",Credit / Debit Card,paid,Delivered,scheduled,168.16,70.11,0,176.23,,,"{""source"":""web-checkout""}",2025-12-16T20:24:18.797776+00:00,2026-05-22T18:44:41.235363+00:00,,,true
bde549fe-87b7-4c4b-b759-5e09e0450de5,550e8400-e29b-41d4-a716-446655440014,18360,0000018360,f083fb76-4780-4ab8-a6b2-03c4cbb58b8c,TXN-60522,60522,3,"Blk 454 lot23, Malita, Davao Occidental",Credit / Debit Card,paid,Processing,scheduled,248.59,116.99,46.87,566.06,,,"{""source"":""web-checkout""}",2025-12-16T20:19:18.116867+00:00,2026-05-22T18:44:41.235363+00:00,,,true
a9a0bf11-17d6-49ef-b55a-718fa249d285,550e8400-e29b-41d4-a716-446655440044,17790,0000017790,1e7f7dea-5b34-487d-9aed-986f08113712,TXN-60858,60858,3,"Blk 454 lot23, Malita, Davao Occidental",Maya,paid,Processing,scheduled,226.39,101.68,11.56,622.37,,,"{""source"":""web-checkout""}",2025-12-16T12:56:00.888727+00:00,2026-05-22T18:44:41.235363+00:00,,,true
1ac3b333-85d1-441d-a027-cb2e2215ff2e,550e8400-e29b-41d4-a716-446655440046,18292,0000018292,d93078f2-0d1b-4f0f-ac57-375bdf5c06ad,TXN-60844,60844,3,"Manila city, Jabonga, Agusan Del Norte",Credit / Debit Card,paid,Delivered,scheduled,234.59,74.74,49.71,140.7,,,"{""source"":""web-checkout""}",2025-12-16T09:56:46.251365+00:00,2026-05-22T18:44:41.235363+00:00,,,true
5e107bbc-a0bf-47be-a7ef-c60d63b3d4a8,550e8400-e29b-41d4-a716-446655440041,18287,0000018287,d78cc8ef-7eb6-4b9b-a300-75eebf7cb99e,TXN-60547,60547,3,"Manila city, Jabonga, Agusan Del Norte",GCash,failed,Cancelled,scheduled,146.14,239.94,3.34,325.18,,,"{""source"":""web-checkout""}",2025-12-16T06:00:03.901631+00:00,2026-05-23T06:26:46.624031+00:00,Cleaned up stale pending session,2026-05-23T06:26:46.624031+00:00,true
dbe7f792-9475-44fc-bc86-881fd45e0124,550e8400-e29b-41d4-a716-446655440037,17933,0000017933,51bb2405-751b-4c1e-b886-627bdd50af59,TXN-60603,60603,3,"Miilionaires Village, Manila City, Metro Manila",Cash on Delivery,paid,Cancelled,scheduled,84.41,177.44,0,579.96,,,"{""source"":""web-checkout""}",2025-12-15T22:18:19.738902+00:00,2026-05-22T18:44:41.235363+00:00,,,true
9c1d5d28-83ac-4878-bb7d-031dead361ed,550e8400-e29b-41d4-a716-446655440023,18269,0000018269,cdf333dc-8faa-4464-b981-972beaa7ae5b,TXN-60717,60717,3,"Quezon city greenfields, Quezon City, Metro Manila",Cash on Delivery,paid,Processing,scheduled,329.14,146.88,39.15,422.65,,,"{""source"":""web-checkout""}",2025-12-15T19:36:56.396062+00:00,2026-05-22T18:44:41.235363+00:00,,,true
c66f2045-78b8-4e4a-b625-1882377978ec,550e8400-e29b-41d4-a716-446655440038,18234,0000018234,c3d550f9-0ef2-4b64-a1c2-943dca3243ab,TXN-60838,60838,3,"Quezon city greenfields, Quezon City, Metro Manila",Maya,paid,Processing,scheduled,233.65,128.96,0,608.94,,,"{""source"":""web-checkout""}",2025-12-15T05:33:11.641161+00:00,2026-05-22T18:44:41.235363+00:00,,,true
e212ca31-b81a-41a8-a7bb-921ae6615a55,550e8400-e29b-41d4-a716-446655440052,17948,0000017948,586474fb-836f-4cde-a7a4-ef7ff793faa1,TXN-60979,60979,3,"Miilionaires Village, Manila City, Metro Manila",Credit / Debit Card,paid,Cancelled,scheduled,429.73,176.02,26.25,521.62,,,"{""source"":""web-checkout""}",2025-12-14T21:27:08.705067+00:00,2026-05-22T18:44:41.235363+00:00,,,true
bb672d23-2d15-4dee-8876-ed978e976375,550e8400-e29b-41d4-a716-446655440037,18233,0000018233,c376413c-ce05-450b-b473-61005282e919,TXN-60515,60515,3,"Miilionaires Village, Manila City, Metro Manila",Cash on Delivery,paid,Cancelled,scheduled,187.61,82.73,0,633.35,,,"{""source"":""web-checkout""}",2025-12-14T15:39:52.733838+00:00,2026-05-22T18:44:41.235363+00:00,,,true
514ce956-1d42-40be-b3a7-b7e324596a75,550e8400-e29b-41d4-a716-446655440021,18217,0000018217,bf97ab22-0d20-4ec9-9867-299dabd0977c,TXN-60505,60505,3,"Manila city, Jabonga, Agusan Del Norte",Cash on Delivery,paid,Delivered,claim_at_branch,391.6,224.62,0,191.24,,,"{""source"":""web-checkout""}",2025-12-14T13:45:30.226149+00:00,2026-05-22T18:44:41.235363+00:00,,,true
1b7e1cf3-63d8-45b7-82fb-dec6cc765aaa,550e8400-e29b-41d4-a716-446655440043,18389,0000018389,f841de35-fc5c-4952-af55-88a444b44b27,TXN-60570,60570,3,"Quezon city greenfields, Quezon City, Metro Manila",Cash on Delivery,paid,Processing,claim_at_branch,199.19,149.58,0,677.77,,,"{""source"":""web-checkout""}",2025-12-14T13:19:40.81948+00:00,2026-05-22T18:44:41.235363+00:00,,,true
4e7af684-791f-4cfc-b5c6-8f4f0c34e84f,550e8400-e29b-41d4-a716-446655440053,18099,0000018099,95cfc65b-6db4-46c8-b646-c2c4710fe98a,TXN-61113,61113,3,"Quezon city greenfields, Quezon City, Metro Manila",GCash,paid,Processing,claim_at_branch,94.27,146.9,0,148.46,,,"{""source"":""web-checkout""}",2025-12-14T07:25:28.160032+00:00,2026-05-22T18:44:41.235363+00:00,,,true
bb21d501-235e-4547-bff9-2f20fe1c90bc,550e8400-e29b-41d4-a716-446655440039,18385,0000018385,f7f9cf43-814b-42b3-9404-87b5538b5366,TXN-61066,61066,3,"Blk 454 lot23, Malita, Davao Occidental",Cash on Delivery,paid,Processing,claim_at_branch,145.14,188.46,18.7,516.46,,,"{""source"":""web-checkout""}",2025-12-14T02:19:22.871351+00:00,2026-05-22T18:44:41.235363+00:00,,,true
5e542c90-bf79-4358-9220-06d597088b4e,550e8400-e29b-41d4-a716-446655440059,17805,0000017805,229e12de-7019-4a6c-810c-e37c09aa776f,TXN-60796,60796,3,"Blk 454 lot23, Malita, Davao Occidental",Cash on Delivery,paid,Processing,scheduled,318.96,217.86,0,108.71,,,"{""source"":""web-checkout""}",2025-12-13T13:48:19.422222+00:00,2026-05-22T18:44:41.235363+00:00,,,true
339994fc-8365-478f-a5b2-fe30c049eb34,550e8400-e29b-41d4-a716-446655440019,18165,0000018165,ac9d19d7-c99f-4ee2-8e4f-702656122e94,TXN-60650,60650,3,"Blk 454 lot23, Malita, Davao Occidental",Cash on Delivery,paid,Processing,scheduled,334.99,61.69,0,214.75,,,"{""source"":""web-checkout""}",2025-12-13T05:56:40.299111+00:00,2026-05-22T18:44:41.235363+00:00,,,true
b9223f0d-1615-40a1-977b-841ab3da331b,550e8400-e29b-41d4-a716-446655440023,18369,0000018369,f495dc01-37db-4bc1-8d76-b7bd982bb7f5,TXN-61128,61128,3,"Quezon city greenfields, Quezon City, Metro Manila",Cash on Delivery,paid,Processing,claim_at_branch,384.6,228.8,0,378.66,,,"{""source"":""web-checkout""}",2025-12-12T22:25:40.550271+00:00,2026-05-22T18:44:41.235363+00:00,,,true
8e04632b-d1fb-4d91-94be-7812a67336de,550e8400-e29b-41d4-a716-446655440025,18371,0000018371,f4990c58-5666-4d85-b13d-d89e97bb5976,TXN-61080,61080,3,"Pickup at Branch 3, Quezon Avenue, Quezon City",GCash,paid,In Transit,claim_at_branch,414.28,248.36,0,576.9,,,"{""source"":""web-checkout""}",2025-12-12T06:05:06.668522+00:00,2026-05-22T18:44:41.235363+00:00,,,true
9102d64c-ea4b-4208-a878-114544c2672c,550e8400-e29b-41d4-a716-446655440056,18352,0000018352,ee21ad1d-109e-48c4-9341-c28101bb6f28,TXN-60557,60557,3,"Manila city, Jabonga, Agusan Del Norte",Credit / Debit Card,paid,Delivered,claim_at_branch,192.33,232.42,48.98,282.33,,,"{""source"":""web-checkout""}",2025-12-12T05:58:42.43322+00:00,2026-05-22T18:44:41.235363+00:00,,,true
7fbf55ec-3636-4aaa-8d20-c2d374defb22,550e8400-e29b-41d4-a716-446655440035,18131,0000018131,a0f33f3e-d45d-4e86-861d-f26dba085048,TXN-61045,61045,3,"Pickup at Branch 3, Quezon Avenue, Quezon City",GCash,paid,In Transit,claim_at_branch,437.19,184.81,0,335.74,,,"{""source"":""web-checkout""}",2025-12-12T03:41:26.311206+00:00,2026-05-22T18:44:41.235363+00:00,,,true
11e100be-3ab1-4a07-b55f-bc1a962317aa,550e8400-e29b-41d4-a716-446655440045,18391,0000018391,f994d990-ea7d-4c5b-8f39-3182fd102edf,TXN-60892,60892,3,"Pickup at Branch 3, Quezon Avenue, Quezon City",GCash,paid,In Transit,claim_at_branch,265.98,235.16,0,239.27,,,"{""source"":""web-checkout""}",2025-12-12T01:39:38.47396+00:00,2026-05-22T18:44:41.235363+00:00,,,true
f74147b3-b0c0-487b-9f26-ba57adfa9eae,550e8400-e29b-41d4-a716-446655440035,17781,0000017781,19683e8c-79a6-46d2-a48a-954ad6542923,TXN-60978,60978,3,"Pickup at Branch 3, Quezon Avenue, Quezon City",Cash on Delivery,paid,In Transit,scheduled,207.4,180.76,0,568.8,,,"{""source"":""web-checkout""}",2025-12-12T01:04:49.204245+00:00,2026-05-22T18:44:41.235363+00:00,,,true
98d89378-2209-4557-a188-f23e871faa81,550e8400-e29b-41d4-a716-446655440035,18281,0000018281,d5554c60-720d-49e5-aa1a-fb952c19abaf,TXN-60613,60613,3,"Pickup at Branch 3, Quezon Avenue, Quezon City",Cash on Delivery,paid,In Transit,scheduled,190.95,122.9,0,231.95,,,"{""source"":""web-checkout""}",2025-12-11T13:23:10.333493+00:00,2026-05-22T18:44:41.235363+00:00,,,true
2e1f0b5b-b2b8-4c07-ab94-23bd04428721,550e8400-e29b-41d4-a716-446655440046,17892,0000017892,3ffedacb-28a1-4eef-bacc-133599d75d46,TXN-60535,60535,3,"Manila city, Jabonga, Agusan Del Norte",Credit / Debit Card,paid,Delivered,scheduled,355.8,135,0,105.91,,,"{""source"":""web-checkout""}",2025-12-11T02:56:57.690761+00:00,2026-05-22T18:44:41.235363+00:00,,,true
23acb1b5-537a-4fc4-b134-da9c02d76b97,550e8400-e29b-41d4-a716-446655440027,18173,0000018173,b07e8dab-4e6c-4407-b64c-d50735a230cb,TXN-60941,60941,3,"Miilionaires Village, Manila City, Metro Manila",Cash on Delivery,paid,Cancelled,claim_at_branch,236.54,177.43,0,699.14,,,"{""source"":""web-checkout""}",2025-12-11T01:54:17.67743+00:00,2026-05-22T18:44:41.235363+00:00,,,true
f24a90e2-7d63-4fab-8b0b-92c6593998ec,550e8400-e29b-41d4-a716-446655440012,18358,0000018358,f023c26a-aa31-4beb-a2d0-0c1186cc0296,TXN-60621,60621,3,"Miilionaires Village, Manila City, Metro Manila",Maya,paid,Cancelled,claim_at_branch,160.25,237.26,0,277.59,,,"{""source"":""web-checkout""}",2025-12-10T22:09:14.043313+00:00,2026-05-22T18:44:41.235363+00:00,,,true
f7100b9c-f1f7-4ecc-a9d6-6fe505e2ae7a,550e8400-e29b-41d4-a716-446655440013,17859,0000017859,347ee419-55e7-408e-a620-9ffe5241e04d,TXN-61164,61164,3,"Quezon city greenfields, Quezon City, Metro Manila",GCash,paid,Processing,claim_at_branch,300.53,217.67,0,688.98,,,"{""source"":""web-checkout""}",2025-12-10T19:07:55.595621+00:00,2026-05-22T18:44:41.235363+00:00,,,true
5e36c6f4-e9b6-4430-9e6c-5cbe3126411a,550e8400-e29b-41d4-a716-446655440016,18312,0000018312,e035436f-55dc-41ce-b83c-f3c2ce4cec51,TXN-60841,60841,3,"Manila city, Jabonga, Agusan Del Norte",Credit / Debit Card,paid,Delivered,claim_at_branch,274.24,172.97,29.88,249.85,,,"{""source"":""web-checkout""}",2025-12-10T17:32:15.630314+00:00,2026-05-22T18:44:41.235363+00:00,,,true
7e49f275-3f4a-4598-a5aa-53e3cb992c8a,550e8400-e29b-41d4-a716-446655440049,18145,0000018145,a578438b-3475-4ee7-b6f5-5610e4702ef3,TXN-61148,61148,3,"Blk 454 lot23, Malita, Davao Occidental",Cash on Delivery,failed,Cancelled,scheduled,71.96,166.02,0,482.15,,,"{""source"":""web-checkout""}",2025-12-10T17:06:14.244762+00:00,2026-05-23T06:26:46.624031+00:00,Cleaned up stale pending session,2026-05-23T06:26:46.624031+00:00,true
5bcde98c-b9ca-4681-bbbd-de19c0cafd60,550e8400-e29b-41d4-a716-446655440023,17769,0000017769,162637ad-c65a-43af-8b6d-bde848dd9f7a,TXN-61052,61052,3,"Quezon city greenfields, Quezon City, Metro Manila",Cash on Delivery,paid,Processing,scheduled,254.86,132.15,0,272.21,,,"{""source"":""web-checkout""}",2025-12-10T08:56:36.733624+00:00,2026-05-22T18:44:41.235363+00:00,,,true
ec3abadd-e874-48a6-ad69-c763b82ad6ec,550e8400-e29b-41d4-a716-446655440043,17939,0000017939,53332529-0f8e-47ba-bf3a-96f80dd98201,TXN-60946,60946,3,"Quezon city greenfields, Quezon City, Metro Manila",GCash,paid,Processing,scheduled,191.63,77.39,0,343.98,,,"{""source"":""web-checkout""}",2025-12-10T08:26:25.277667+00:00,2026-05-22T18:44:41.235363+00:00,,,true
5f996090-8b72-4f6a-a6e4-02a210afa5c0,550e8400-e29b-41d4-a716-446655440022,17818,0000017818,26a4897e-2e76-43d9-b690-5da264b8a368,TXN-60851,60851,3,"Miilionaires Village, Manila City, Metro Manila",Maya,paid,Cancelled,claim_at_branch,62.9,145.94,0,424.16,,,"{""source"":""web-checkout""}",2025-12-10T07:11:10.680357+00:00,2026-05-22T18:44:41.235363+00:00,,,true
3c9a3ef3-1e7c-4650-a71b-bb73795aba02,550e8400-e29b-41d4-a716-446655440053,17849,0000017849,318a7299-a5b1-4aab-b2ed-9fe0e4917404,TXN-60508,60508,3,"Quezon city greenfields, Quezon City, Metro Manila",Cash on Delivery,failed,Cancelled,scheduled,313.2,136.36,0,632.57,,,"{""source"":""web-checkout""}",2025-12-10T00:20:10.700142+00:00,2026-05-23T06:26:46.624031+00:00,Cleaned up stale pending session,2026-05-23T06:26:46.624031+00:00,true
a1eaca33-1026-41a3-b86d-4ee4f4cb4f79,550e8400-e29b-41d4-a716-446655440039,17935,0000017935,5257e9b0-b6c7-43ca-8ed6-476265f2a16d,TXN-60911,60911,3,"Blk 454 lot23, Malita, Davao Occidental",GCash,failed,Cancelled,claim_at_branch,151.48,120.27,0,326.76,,,"{""source"":""web-checkout""}",2025-12-10T00:06:43.315684+00:00,2026-05-23T06:26:46.624031+00:00,Cleaned up stale pending session,2026-05-23T06:26:46.624031+00:00,true
a638d167-67cb-4e57-a99b-242b3b4d79e6,550e8400-e29b-41d4-a716-446655440012,18308,0000018308,dfbc0304-98ed-4ec1-928f-d19e5baf547d,TXN-60852,60852,3,"Miilionaires Village, Manila City, Metro Manila",Credit / Debit Card,paid,Cancelled,scheduled,323.75,125.39,0,697.6,,,"{""source"":""web-checkout""}",2025-12-09T23:21:17.115417+00:00,2026-05-22T18:44:41.235363+00:00,,,true
9f00f785-8cec-4efb-b45d-107f4265b23d,550e8400-e29b-41d4-a716-446655440013,18159,0000018159,aa821373-6217-4a48-ac8d-337b4bd21a01,TXN-60722,60722,3,"Quezon city greenfields, Quezon City, Metro Manila",GCash,paid,Processing,scheduled,342.67,82.55,5.73,492.2,,,"{""source"":""web-checkout""}",2025-12-09T20:53:20.682656+00:00,2026-05-22T18:44:41.235363+00:00,,,true
0d383a7c-7166-4c12-b6c4-ac931ee30b0f,550e8400-e29b-41d4-a716-446655440017,17863,0000017863,3612f57e-5735-4ba7-ba13-9f7e1e05d7b8,TXN-60594,60594,3,"Miilionaires Village, Manila City, Metro Manila",GCash,paid,Cancelled,scheduled,151.87,143.32,0,189.63,,,"{""source"":""web-checkout""}",2025-12-09T03:30:24.124053+00:00,2026-05-22T18:44:41.235363+00:00,,,true
30b8d110-ef53-4c6f-9828-569035069276,550e8400-e29b-41d4-a716-446655440041,18187,0000018187,b3a1ab87-64bf-4e23-8205-9128668e65e6,TXN-60963,60963,3,"Manila city, Jabonga, Agusan Del Norte",GCash,paid,Delivered,claim_at_branch,263.12,201.17,0,605.62,,,"{""source"":""web-checkout""}",2025-12-08T00:52:52.589659+00:00,2026-05-22T18:44:41.235363+00:00,,,true
d502dd34-8204-474e-9194-05580eb06fae,550e8400-e29b-41d4-a716-446655440048,18144,0000018144,a552370a-1f9a-4f68-a0d9-c685f40c6f31,TXN-60821,60821,3,"Quezon city greenfields, Quezon City, Metro Manila",Credit / Debit Card,paid,Processing,scheduled,79.72,83.72,0,359.07,,,"{""source"":""web-checkout""}",2025-12-07T11:38:11.950845+00:00,2026-05-22T18:44:41.235363+00:00,,,true
2ebaaa68-6527-4fd9-b722-993c5213a028,550e8400-e29b-41d4-a716-446655440043,17889,0000017889,3f998111-d888-4e85-8179-35256222e786,TXN-61027,61027,3,"Quezon city greenfields, Quezon City, Metro Manila",Cash on Delivery,failed,Cancelled,scheduled,72.64,106.68,0,387.48,,,"{""source"":""web-checkout""}",2025-12-07T09:50:48.45956+00:00,2026-05-23T06:26:46.624031+00:00,Cleaned up stale pending session,2026-05-23T06:26:46.624031+00:00,true
a207f876-a63f-429a-890d-74e756d99927,550e8400-e29b-41d4-a716-446655440057,18153,0000018153,a872b7f3-b292-4cae-b494-b5e8524e2d93,TXN-60939,60939,3,"Miilionaires Village, Manila City, Metro Manila",Cash on Delivery,paid,Cancelled,claim_at_branch,250.74,242.9,0,266.09,,,"{""source"":""web-checkout""}",2025-12-07T05:31:41.623101+00:00,2026-05-22T18:44:41.235363+00:00,,,true
9d34fa5d-d1a8-46bc-aae2-c3a8ac4890f1,550e8400-e29b-41d4-a716-446655440026,18222,0000018222,c0892890-94f1-42ea-bdaa-f5697d580df2,TXN-61160,61160,3,"Manila city, Jabonga, Agusan Del Norte",Maya,paid,Delivered,scheduled,96.62,94.51,0,580.5,,,"{""source"":""web-checkout""}",2025-12-07T04:11:19.273317+00:00,2026-05-22T18:44:41.235363+00:00,,,true
61e37209-65c9-4640-b2be-86c3a53e8968,550e8400-e29b-41d4-a716-446655440048,18294,0000018294,d9ab2ae0-fcd0-4495-83c5-a1f1928d5443,TXN-61140,61140,3,"Quezon city greenfields, Quezon City, Metro Manila",Maya,paid,Processing,claim_at_branch,310,168.35,0,477.67,,,"{""source"":""web-checkout""}",2025-12-06T21:40:47.903727+00:00,2026-05-22T18:44:41.235363+00:00,,,true
2e6d4503-27bf-4ee0-ab86-73f7fdb2797a,550e8400-e29b-41d4-a716-446655440035,17831,0000017831,2ac7f40f-b535-41c4-a281-85c671319daf,TXN-60966,60966,3,"Pickup at Branch 3, Quezon Avenue, Quezon City",GCash,failed,Cancelled,scheduled,209.8,127.09,0,397.3,,,"{""source"":""web-checkout""}",2025-12-06T14:56:21.25647+00:00,2026-05-23T06:26:46.624031+00:00,Cleaned up stale pending session,2026-05-23T06:26:46.624031+00:00,true
cd90b73e-722b-49bd-91b8-e4ae8b062976,550e8400-e29b-41d4-a716-446655440046,18342,0000018342,eadc4a8a-97f0-4873-ae90-5776b6a0cd98,TXN-60783,60783,3,"Manila city, Jabonga, Agusan Del Norte",Maya,paid,Delivered,scheduled,413.59,191.37,0,662.59,,,"{""source"":""web-checkout""}",2025-12-05T21:51:19.087754+00:00,2026-05-22T18:44:41.235363+00:00,,,true
022cc094-e8b8-40a5-b793-c99a114dbaaf,550e8400-e29b-41d4-a716-446655440044,17890,0000017890,3faf546a-77ee-44a1-be67-0c1f3388bb8b,TXN-60987,60987,3,"Blk 454 lot23, Malita, Davao Occidental",Maya,paid,Processing,claim_at_branch,146.84,225.45,0,491.92,,,"{""source"":""web-checkout""}",2025-12-05T16:10:37.392238+00:00,2026-05-22T18:44:41.235363+00:00,,,true
a2709741-211d-441a-8d03-b2d0781dcb66,550e8400-e29b-41d4-a716-446655440042,18238,0000018238,c479d10a-d6f5-4ce4-a938-23a5cb38362c,TXN-60771,60771,3,"Miilionaires Village, Manila City, Metro Manila",Maya,failed,Cancelled,scheduled,332.02,182.8,0,197.12,,,"{""source"":""web-checkout""}",2025-12-05T14:56:58.768087+00:00,2026-05-23T06:26:46.624031+00:00,Cleaned up stale pending session,2026-05-23T06:26:46.624031+00:00,true
9087fb2f-7322-4e8d-9291-fe99ccfc8760,550e8400-e29b-41d4-a716-446655440045,17941,0000017941,54b981a9-2a94-4c73-a4b6-635a06fe0b0e,TXN-60915,60915,3,"Pickup at Branch 3, Quezon Avenue, Quezon City",Cash on Delivery,paid,In Transit,claim_at_branch,305.44,217.79,0,408.73,,,"{""source"":""web-checkout""}",2025-12-05T13:51:33.399132+00:00,2026-05-22T18:44:41.235363+00:00,,,true
ca864533-f52a-46a0-b57b-50857fac2798,550e8400-e29b-41d4-a716-446655440058,18254,0000018254,c8d2234a-07c3-495a-aab5-8bba58e5061b,TXN-60709,60709,3,"Quezon city greenfields, Quezon City, Metro Manila",Maya,paid,Processing,scheduled,319.79,142.44,12.6,108.83,,,"{""source"":""web-checkout""}",2025-12-05T12:33:59.400675+00:00,2026-05-22T18:44:41.235363+00:00,,,true
8484732e-240c-458d-8f6d-7f5f084e849a,550e8400-e29b-41d4-a716-446655440051,17847,0000017847,30cc96a0-d4ec-410d-b634-2d69cd89200d,TXN-60869,60869,3,"Manila city, Jabonga, Agusan Del Norte",GCash,paid,Delivered,scheduled,287.66,212.26,0,445.58,,,"{""source"":""web-checkout""}",2025-12-05T07:09:03.348637+00:00,2026-05-22T18:44:41.235363+00:00,,,true
bb76a678-86c1-4338-81f7-720829b8efe8,550e8400-e29b-41d4-a716-446655440052,18048,0000018048,83560823-3fc2-41ff-a74f-85128da6daf5,TXN-60568,60568,3,"Miilionaires Village, Manila City, Metro Manila",Credit / Debit Card,failed,Cancelled,scheduled,296.22,92.89,0,645.58,,,"{""source"":""web-checkout""}",2025-12-05T04:12:14.730087+00:00,2026-05-23T06:26:46.624031+00:00,Cleaned up stale pending session,2026-05-23T06:26:46.624031+00:00,true
02b0ba83-8179-4a57-a661-e3e14dec1120,550e8400-e29b-41d4-a716-446655440026,18272,0000018272,d17ee5a1-e7fa-452f-a5f8-790075f09236,TXN-60951,60951,3,"Manila city, Jabonga, Agusan Del Norte",Credit / Debit Card,paid,Delivered,scheduled,404.6,210.04,0,117.47,,,"{""source"":""web-checkout""}",2025-12-05T03:55:38.522001+00:00,2026-05-22T18:44:41.235363+00:00,,,true
e155beb7-31de-4b75-9a82-028303188892,550e8400-e29b-41d4-a716-446655440039,18035,0000018035,7fa36e1c-22d4-4140-aa02-a664651ea941,TXN-60719,60719,3,"Blk 454 lot23, Malita, Davao Occidental",GCash,paid,Processing,claim_at_branch,125.93,226.93,0,354.67,,,"{""source"":""web-checkout""}",2025-12-04T23:42:51.231254+00:00,2026-05-22T18:44:41.235363+00:00,,,true
2eff4256-5219-4ba7-a1f4-ffc8fc0f6402,550e8400-e29b-41d4-a716-446655440042,18138,0000018138,a37c1381-71d8-41c8-b8bc-ba5c56181dc7,TXN-60592,60592,3,"Miilionaires Village, Manila City, Metro Manila",Maya,paid,Cancelled,claim_at_branch,417.16,217.98,47.7,673.42,,,"{""source"":""web-checkout""}",2025-12-04T22:56:49.663278+00:00,2026-05-22T18:44:41.235363+00:00,,,true
49183e90-05fd-44e4-891e-29e4adccba92,550e8400-e29b-41d4-a716-446655440019,18215,0000018215,bf41ca94-a444-44d5-8f18-5b71e4593c33,TXN-61178,61178,3,"Blk 454 lot23, Malita, Davao Occidental",GCash,failed,Cancelled,scheduled,123.43,191.33,19.58,223.58,,,"{""source"":""web-checkout""}",2025-12-04T20:28:27.898467+00:00,2026-05-23T06:26:46.624031+00:00,Cleaned up stale pending session,2026-05-23T06:26:46.624031+00:00,true
76ef628b-97c4-4578-b81f-edd1bccca088,550e8400-e29b-41d4-a716-446655440040,17836,0000017836,2caddaf6-89a6-43ce-b46f-8a83b67774c1,TXN-61079,61079,3,"Pickup at Branch 3, Quezon Avenue, Quezon City",Credit / Debit Card,paid,In Transit,scheduled,371.16,196.13,0,199.57,,,"{""source"":""web-checkout""}",2025-12-04T14:04:50.672695+00:00,2026-05-22T18:44:41.235363+00:00,,,true
191735a6-225d-48d8-bd7f-ea7f8c9b9582,550e8400-e29b-41d4-a716-446655440028,17924,0000017924,4f4b7c41-58fb-4481-82ab-bfa45b4be489,TXN-60866,60866,3,"Quezon city greenfields, Quezon City, Metro Manila",Credit / Debit Card,paid,Processing,claim_at_branch,305.15,149.95,16.08,134.74,,,"{""source"":""web-checkout""}",2025-12-04T13:33:21.340018+00:00,2026-05-22T18:44:41.235363+00:00,,,true
31d9a9f4-cd3e-4826-8695-6a5ab965d99d,550e8400-e29b-41d4-a716-446655440053,17749,0000017749,0bc8481a-b19e-4df2-b646-abf3aa9c13d2,TXN-61025,61025,3,"Quezon city greenfields, Quezon City, Metro Manila",Cash on Delivery,paid,Processing,scheduled,163.39,247.88,0,218.33,,,"{""source"":""web-checkout""}",2025-12-04T04:12:08.059635+00:00,2026-05-22T18:44:41.235363+00:00,,,true
685e89d2-a62b-40a8-9925-8cf61a0bcba9,550e8400-e29b-41d4-a716-446655440038,17834,0000017834,2ba9abad-39ab-4720-82c1-2ea8fe86c8aa,TXN-60501,60501,3,"Quezon city greenfields, Quezon City, Metro Manila",Maya,paid,Processing,scheduled,102,231.35,0,458.68,,,"{""source"":""web-checkout""}",2025-12-04T01:51:08.41895+00:00,2026-05-22T18:44:41.235363+00:00,,,true
d8a3955c-2c62-4855-a0df-be3beb96746a,550e8400-e29b-41d4-a716-446655440050,17996,0000017996,6fedf573-8ccb-4443-a983-2b7d5b69562f,TXN-61179,61179,3,"Pickup at Branch 3, Quezon Avenue, Quezon City",Credit / Debit Card,paid,In Transit,scheduled,152.24,112.33,0,225.08,,,"{""source"":""web-checkout""}",2025-12-03T18:09:03.42194+00:00,2026-05-22T18:44:41.235363+00:00,,,true
1e7f3117-d64e-4117-9c82-f18916615f12,550e8400-e29b-41d4-a716-446655440048,18394,0000018394,fb137732-b41a-4094-a3a6-f3c8fa7c1f9e,TXN-60775,60775,3,"Quezon city greenfields, Quezon City, Metro Manila",Maya,failed,Cancelled,scheduled,257.36,165.13,29.55,456.26,,,"{""source"":""web-checkout""}",2025-12-03T15:51:34.265957+00:00,2026-05-23T06:26:46.624031+00:00,Cleaned up stale pending session,2026-05-23T06:26:46.624031+00:00,true
8068c2e8-efd2-461b-8d02-4f4490dc9a88,550e8400-e29b-41d4-a716-446655440033,17879,0000017879,3bbc004c-53d1-44b8-9d70-f57212d366f1,TXN-61031,61031,3,"Quezon city greenfields, Quezon City, Metro Manila",GCash,paid,Processing,scheduled,56.4,55.67,0,636.62,,,"{""source"":""web-checkout""}",2025-12-02T17:28:34.93104+00:00,2026-05-22T18:44:41.235363+00:00,,,true
24c5ce91-03aa-4675-adc6-32e9b295ecfa,550e8400-e29b-41d4-a716-446655440045,18291,0000018291,d9077c4d-bd98-46c1-bfb4-2f64cb137e2a,TXN-60516,60516,3,"Pickup at Branch 3, Quezon Avenue, Quezon City",GCash,paid,In Transit,scheduled,101.23,118.17,0,208.86,,,"{""source"":""web-checkout""}",2025-12-02T07:17:04.448765+00:00,2026-05-22T18:44:41.235363+00:00,,,true
27edac3a-04e2-4ddb-bf3a-d4e123dedf13,550e8400-e29b-41d4-a716-446655440011,18207,0000018207,bc26362f-cec4-4633-b56b-1985627407dc,TXN-60541,60541,3,"Manila city, Jabonga, Agusan Del Norte",GCash,paid,Delivered,scheduled,339.82,134.73,0,601.18,,,"{""source"":""web-checkout""}",2025-12-02T07:16:26.23903+00:00,2026-05-22T18:44:41.235363+00:00,,,true
ca9a571b-bc67-4806-be38-95ae7e37f359,550e8400-e29b-41d4-a716-446655440054,18350,0000018350,ed7c6d1e-cfe3-4528-a2a5-43845deeb836,TXN-60802,60802,3,"Blk 454 lot23, Malita, Davao Occidental",Maya,paid,Processing,claim_at_branch,212.93,176.36,0,480.26,,,"{""source"":""web-checkout""}",2025-12-02T00:02:02.081069+00:00,2026-05-22T18:44:41.235363+00:00,,,true
9bd7a6ea-64ae-4e71-bed9-dbd4843f9c79,550e8400-e29b-41d4-a716-446655440020,18066,0000018066,8c754427-b70e-4f9c-a7ad-77079ba17b33,TXN-61074,61074,3,"Pickup at Branch 3, Quezon Avenue, Quezon City",Maya,paid,In Transit,claim_at_branch,192.09,141.08,0,572.22,,,"{""source"":""web-checkout""}",2025-12-01T21:28:09.658963+00:00,2026-05-22T18:44:41.235363+00:00,,,true
943b81a4-f1c3-4a0f-bf8e-29269ff29493,550e8400-e29b-41d4-a716-446655440054,17900,0000017900,44220f08-b5fd-4e88-a89a-1a3f8e17a0fa,TXN-60740,60740,3,"Blk 454 lot23, Malita, Davao Occidental",Credit / Debit Card,paid,Processing,scheduled,225.01,185.48,49.68,592.13,,,"{""source"":""web-checkout""}",2025-12-01T20:18:58.922414+00:00,2026-05-22T18:44:41.235363+00:00,,,true
acf32f53-7134-4473-a2a9-d576369f72f4,550e8400-e29b-41d4-a716-446655440057,18053,0000018053,852b05ca-bda7-48e0-83c4-2e13dba40486,TXN-60702,60702,3,"Miilionaires Village, Manila City, Metro Manila",Cash on Delivery,paid,Cancelled,scheduled,162.05,131.92,0,591.54,,,"{""source"":""web-checkout""}",2025-12-01T08:03:26.736769+00:00,2026-05-22T18:44:41.235363+00:00,,,true
f60e3d05-ed83-4440-bb2e-60274b4503ef,550e8400-e29b-41d4-a716-446655440010,18106,0000018106,97eecbd0-8f63-4afa-9321-fbe02c8aaf0c,TXN-60929,60929,3,"Pickup at Branch 3, Quezon Avenue, Quezon City",Maya,paid,In Transit,claim_at_branch,262.98,230.64,0,134.42,,,"{""source"":""web-checkout""}",2025-12-01T00:44:57.327239+00:00,2026-05-22T18:44:41.235363+00:00,,,true
dde61c78-d287-4142-9436-ccfae97e08ae,550e8400-e29b-41d4-a716-446655440012,17858,0000017858,347c6582-9461-4f08-b8a8-d4b29fb8a4fb,TXN-60779,60779,3,"Miilionaires Village, Manila City, Metro Manila",Maya,paid,Cancelled,claim_at_branch,422.44,150.9,0,241.23,,,"{""source"":""web-checkout""}",2025-11-30T22:55:43.705858+00:00,2026-05-22T18:44:41.235363+00:00,,,true
940bf08b-0c58-4472-a78b-c4247c6be536,550e8400-e29b-41d4-a716-446655440056,18052,0000018052,850e4f2d-5367-494a-b1c6-9ecfcb9bfa2b,TXN-60518,60518,3,"Manila city, Jabonga, Agusan Del Norte",Credit / Debit Card,paid,Delivered,claim_at_branch,330.7,83.02,0,644.63,,,"{""source"":""web-checkout""}",2025-11-30T09:43:40.953423+00:00,2026-05-22T18:44:41.235363+00:00,,,true
698d679f-81fc-436a-ae58-8b06be3f62ce,550e8400-e29b-41d4-a716-446655440059,18355,0000018355,eeecbc09-66f1-42d4-ab89-6b9269542539,TXN-60581,60581,3,"Blk 454 lot23, Malita, Davao Occidental",GCash,paid,Processing,scheduled,351.5,197.34,0,574.43,,,"{""source"":""web-checkout""}",2025-11-29T08:58:08.637566+00:00,2026-05-22T18:44:41.235363+00:00,,,true
1b2c8924-14cf-45ba-888f-c7f6cc346967,550e8400-e29b-41d4-a716-446655440054,18250,0000018250,c81e796c-28d2-48a5-95ab-729559b2d5ea,TXN-61156,61156,3,"Blk 454 lot23, Malita, Davao Occidental",Maya,failed,Cancelled,scheduled,198.48,108.29,0,627.92,,,"{""source"":""web-checkout""}",2025-11-29T08:17:35.304889+00:00,2026-05-23T06:26:46.624031+00:00,Cleaned up stale pending session,2026-05-23T06:26:46.624031+00:00,true
9516e4c8-d269-4fd8-82d0-67bfc2efe974,550e8400-e29b-41d4-a716-446655440041,17887,0000017887,3e460c52-2064-4b4f-bd5d-19da5de51127,TXN-61176,61176,3,"Manila city, Jabonga, Agusan Del Norte",GCash,paid,Delivered,scheduled,440.43,213.9,0,692.44,,,"{""source"":""web-checkout""}",2025-11-29T08:04:25.00413+00:00,2026-05-22T18:44:41.235363+00:00,,,true
4abdffcc-30fb-49ae-bed9-7e69a28cfb58,550e8400-e29b-41d4-a716-446655440058,17954,0000017954,5daaf93d-d196-458d-9238-04005c273dba,TXN-60876,60876,3,"Quezon city greenfields, Quezon City, Metro Manila",Maya,paid,Processing,claim_at_branch,96.41,132.26,0,373.85,,,"{""source"":""web-checkout""}",2025-11-29T02:58:00.163765+00:00,2026-05-22T18:44:41.235363+00:00,,,true
ab3a11ad-3839-4835-88a2-cf62a21f973a,550e8400-e29b-41d4-a716-446655440058,18104,0000018104,974e3796-d29b-4579-a2a5-ce8a56b5cf36,TXN-60509,60509,3,"Quezon city greenfields, Quezon City, Metro Manila",Credit / Debit Card,paid,Processing,claim_at_branch,326.13,206.16,0,398.83,,,"{""source"":""web-checkout""}",2025-11-28T23:50:49.993559+00:00,2026-05-22T18:44:41.235363+00:00,,,true
4af17c61-6136-4b70-9bf1-972f510eee59,550e8400-e29b-41d4-a716-446655440034,18330,0000018330,e601c2dd-87e5-4571-b8be-27955d7844d6,TXN-61199,61199,3,"Blk 454 lot23, Malita, Davao Occidental",Maya,paid,Processing,claim_at_branch,127.06,99.86,0,197.4,,,"{""source"":""web-checkout""}",2025-11-28T20:45:42.508696+00:00,2026-05-22T18:44:41.235363+00:00,,,true
3356f1ec-8f3b-442c-ae0a-db76a261e298,550e8400-e29b-41d4-a716-446655440017,17913,0000017913,4a4fee24-ed28-472f-b5b3-f5509c0775a6,TXN-60794,60794,3,"Miilionaires Village, Manila City, Metro Manila",Cash on Delivery,paid,Cancelled,scheduled,148.59,63.66,0,281.89,,,"{""source"":""web-checkout""}",2025-11-28T13:18:16.715795+00:00,2026-05-22T18:44:41.235363+00:00,,,true
6e89de46-44b5-4c4f-b874-0b0a7ed5185f,550e8400-e29b-41d4-a716-446655440036,17882,0000017882,3d373a0e-a854-4eeb-a7a4-96e312c3bbcb,TXN-60856,60856,3,"Manila city, Jabonga, Agusan Del Norte",Maya,paid,Delivered,scheduled,155.92,79.8,25.37,213.17,,,"{""source"":""web-checkout""}",2025-11-28T01:52:12.465164+00:00,2026-05-22T18:44:41.235363+00:00,,,true
8653b365-8971-477d-aff0-f7906ef12792,550e8400-e29b-41d4-a716-446655440047,17843,0000017843,2ef426bf-3411-4d58-be08-085d67f9517e,TXN-61114,61114,3,"Miilionaires Village, Manila City, Metro Manila",GCash,paid,Cancelled,scheduled,293.88,171.77,0,199.38,,,"{""source"":""web-checkout""}",2025-11-28T00:16:38.709801+00:00,2026-05-22T18:44:41.235363+00:00,,,true
daf58534-83ad-48b6-9597-68bcf75b0460,550e8400-e29b-41d4-a716-446655440059,18105,0000018105,97d04665-7f9f-467b-b2d1-bc1210ad032d,TXN-60525,60525,3,"Blk 454 lot23, Malita, Davao Occidental",Cash on Delivery,paid,Processing,claim_at_branch,287.94,248.56,0,203.97,,,"{""source"":""web-checkout""}",2025-11-27T21:05:58.257801+00:00,2026-05-22T18:44:41.235363+00:00,,,true
3288260d-e42e-4f0d-acfc-b3df6ca64fed,550e8400-e29b-41d4-a716-446655440059,17905,0000017905,46202a89-746a-4b51-a5fb-de3afa7bb4fb,TXN-60736,60736,3,"Blk 454 lot23, Malita, Davao Occidental",Cash on Delivery,paid,Processing,claim_at_branch,118.05,151.64,0,471.93,,,"{""source"":""web-checkout""}",2025-11-27T20:27:32.050527+00:00,2026-05-22T18:44:41.235363+00:00,,,true
578a0cb3-edb8-491d-a89b-8253dbfa69bc,550e8400-e29b-41d4-a716-446655440019,17765,0000017765,14af485c-a68d-4397-b2cb-e1e23ee5ec45,TXN-60964,60964,3,"Blk 454 lot23, Malita, Davao Occidental",Cash on Delivery,paid,Processing,scheduled,359.82,77,0,173.79,,,"{""source"":""web-checkout""}",2025-11-27T14:57:27.020504+00:00,2026-05-22T18:44:41.235363+00:00,,,true
92b78dae-471b-495e-84f7-cd574c6f2e8b,550e8400-e29b-41d4-a716-446655440020,17866,0000017866,3807de0f-a5d0-4ff6-a9a0-722daef57ffe,TXN-60591,60591,3,"Pickup at Branch 3, Quezon Avenue, Quezon City",Maya,paid,In Transit,claim_at_branch,116.48,247.38,0,213.23,,,"{""source"":""web-checkout""}",2025-11-27T09:20:21.23322+00:00,2026-05-22T18:44:41.235363+00:00,,,true
c47969fb-0940-459f-87a7-0fa1aa3a7d40,550e8400-e29b-41d4-a716-446655440047,18343,0000018343,eb16095f-0cc4-4d44-bdb7-099a4a603017,TXN-61123,61123,3,"Miilionaires Village, Manila City, Metro Manila",GCash,paid,Cancelled,scheduled,116.86,242.94,0,330.36,,,"{""source"":""web-checkout""}",2025-11-27T05:26:35.611699+00:00,2026-05-22T18:44:41.235363+00:00,,,true
f7167f76-d6dc-43d9-aa71-fe132bda78d4,550e8400-e29b-41d4-a716-446655440030,18176,0000018176,b1c03120-114f-48e9-8575-843e023eec73,TXN-60752,60752,3,"Pickup at Branch 3, Quezon Avenue, Quezon City",Credit / Debit Card,failed,Cancelled,scheduled,170.97,198.98,0,524.21,,,"{""source"":""web-checkout""}",2025-11-27T00:04:22.384543+00:00,2026-05-23T06:26:46.624031+00:00,Cleaned up stale pending session,2026-05-23T06:26:46.624031+00:00,true
e391f874-4f9f-4fc7-9faa-c52d47ecebb2,550e8400-e29b-41d4-a716-446655440036,17782,0000017782,1abf8dbf-d84d-4e91-ab4d-f981298c8b02,TXN-60689,60689,3,"Manila city, Jabonga, Agusan Del Norte",Maya,paid,Delivered,claim_at_branch,409.38,76.62,45.15,230.86,,,"{""source"":""web-checkout""}",2025-11-26T18:01:55.281915+00:00,2026-05-22T18:44:41.235363+00:00,,,true
6796eb1c-4a62-43f3-b9c7-e223de3a8c3f,550e8400-e29b-41d4-a716-446655440031,18077,0000018077,8f4d5848-2c7d-4551-9b45-531362396943,TXN-61134,61134,3,"Manila city, Jabonga, Agusan Del Norte",Cash on Delivery,failed,Cancelled,claim_at_branch,376.44,124.5,0,542.33,,,"{""source"":""web-checkout""}",2025-11-26T12:44:32.752934+00:00,2026-05-23T06:26:46.624031+00:00,Cleaned up stale pending session,2026-05-23T06:26:46.624031+00:00,true
c604541c-c4e9-4dc2-8706-18dda1669b10,550e8400-e29b-41d4-a716-446655440025,17921,0000017921,4d1553e8-f95c-4156-9e37-b45d03cb5a54,TXN-61197,61197,3,"Pickup at Branch 3, Quezon Avenue, Quezon City",Cash on Delivery,paid,In Transit,scheduled,76.42,50.94,0,327.43,,,"{""source"":""web-checkout""}",2025-11-26T01:43:34.721456+00:00,2026-05-22T18:44:41.235363+00:00,,,true
409d99f1-5e6a-43ac-b1da-47b3412b77ee,550e8400-e29b-41d4-a716-446655440057,18203,0000018203,bbf960ba-ffb6-4341-9f60-0dd7881cd6f7,TXN-60774,60774,3,"Miilionaires Village, Manila City, Metro Manila",GCash,paid,Cancelled,scheduled,245.86,181.7,0,309.14,,,"{""source"":""web-checkout""}",2025-11-25T20:43:12.415479+00:00,2026-05-22T18:44:41.235363+00:00,,,true
aa772d3b-0aac-4cd5-a05a-17995a5c2997,550e8400-e29b-41d4-a716-446655440057,18353,0000018353,eebb3d5b-e6d5-4ed1-8220-4c47b300a13a,TXN-60623,60623,3,"Miilionaires Village, Manila City, Metro Manila",Cash on Delivery,paid,Cancelled,scheduled,423.67,184.87,0,183.66,,,"{""source"":""web-checkout""}",2025-11-25T13:52:17.830736+00:00,2026-05-22T18:44:41.235363+00:00,,,true
6303e3e2-0564-4263-aaa3-42d5ac0df548,550e8400-e29b-41d4-a716-446655440045,18241,0000018241,c59c8d69-0478-486f-be90-970b389d1dbd,TXN-61172,61172,3,"Pickup at Branch 3, Quezon Avenue, Quezon City",Cash on Delivery,paid,In Transit,claim_at_branch,412.04,244.88,0,148.87,,,"{""source"":""web-checkout""}",2025-11-25T10:44:16.222551+00:00,2026-05-22T18:44:41.235363+00:00,,,true
00275e00-079c-439d-925d-444772d86b30,550e8400-e29b-41d4-a716-446655440045,18341,0000018341,eaccaeb4-edbd-41ed-a7a1-32728f791c50,TXN-60584,60584,3,"Pickup at Branch 3, Quezon Avenue, Quezon City",Cash on Delivery,paid,In Transit,scheduled,117.22,224.85,0,501.2,,,"{""source"":""web-checkout""}",2025-11-25T08:01:05.407702+00:00,2026-05-22T18:44:41.235363+00:00,,,true
3aa0ee7f-570b-473b-8c44-7b071e31dc82,550e8400-e29b-41d4-a716-446655440030,17726,0000017726,04d0ddea-1ed6-489c-bd3b-048c6e1bfaf0,TXN-61090,61090,3,"Pickup at Branch 3, Quezon Avenue, Quezon City",Maya,paid,In Transit,scheduled,291.92,143.71,0,289.98,,,"{""source"":""web-checkout""}",2025-11-25T07:52:49.731596+00:00,2026-05-22T18:44:41.235363+00:00,,,true
92fb8cf0-2eaa-41bd-9bc2-1c5e59737765,550e8400-e29b-41d4-a716-446655440037,17883,0000017883,3d4ac628-5f0f-47d1-b83b-55f919d388c3,TXN-61043,61043,3,"Miilionaires Village, Manila City, Metro Manila",GCash,paid,Cancelled,scheduled,150.46,224.96,0,491.82,,,"{""source"":""web-checkout""}",2025-11-25T05:55:50.453326+00:00,2026-05-22T18:44:41.235363+00:00,,,true
825bc087-d7eb-46d8-8b01-eb79329d6d01,550e8400-e29b-41d4-a716-446655440055,18151,0000018151,a7fae3f3-6e51-4a24-a813-1160d1265c0b,TXN-60871,60871,3,"Pickup at Branch 3, Quezon Avenue, Quezon City",GCash,failed,Cancelled,scheduled,337.62,91.82,0,205.7,,,"{""source"":""web-checkout""}",2025-11-25T03:29:45.208943+00:00,2026-05-23T06:26:46.624031+00:00,Cleaned up stale pending session,2026-05-23T06:26:46.624031+00:00,true
02c96b9b-5d24-4acd-ad1e-e06ff3897ea6,550e8400-e29b-41d4-a716-446655440011,18307,0000018307,df52ad7d-5a31-4fe5-8dda-22737495f1bb,TXN-61200,61200,3,"Manila city, Jabonga, Agusan Del Norte",GCash,paid,Delivered,claim_at_branch,69.71,220.83,0,324.07,,,"{""source"":""web-checkout""}",2025-11-25T00:53:25.977072+00:00,2026-05-22T18:44:41.235363+00:00,,,true
f0018561-2bdc-45d9-8143-44fcbbc8be40,550e8400-e29b-41d4-a716-446655440024,18170,0000018170,ae599916-1644-46bd-a928-0554527bdc4b,TXN-61154,61154,3,"Blk 454 lot23, Malita, Davao Occidental",Maya,paid,Processing,scheduled,104.43,140.28,32.92,166.83,,,"{""source"":""web-checkout""}",2025-11-24T20:40:51.626021+00:00,2026-05-22T18:44:41.235363+00:00,,,true
a568d66c-4dcc-46b1-bf79-8ab288058c93,550e8400-e29b-41d4-a716-446655440013,17959,0000017959,5fd41b2e-b9ad-4b6d-b76a-fc14412c6bf9,TXN-60629,60629,3,"Quezon city greenfields, Quezon City, Metro Manila",GCash,paid,Processing,claim_at_branch,399.81,135.34,0,445,,,"{""source"":""web-checkout""}",2025-11-24T18:54:44.124872+00:00,2026-05-22T18:44:41.235363+00:00,,,true
fe44d42c-2d88-409c-8618-50d0a524734f,550e8400-e29b-41d4-a716-446655440056,18202,0000018202,bbb22ff6-3a8a-4115-97e8-5271160ca59a,TXN-61182,61182,3,"Manila city, Jabonga, Agusan Del Norte",Maya,paid,Delivered,scheduled,117.88,238.58,0,552.55,,,"{""source"":""web-checkout""}",2025-11-24T18:24:21.845582+00:00,2026-05-22T18:44:41.235363+00:00,,,true
8854c4a7-5e38-4003-9d34-b523c74901b9,550e8400-e29b-41d4-a716-446655440035,17731,0000017731,05fb5eac-84f1-4a40-9875-7a146c9473f2,TXN-61010,61010,3,"Pickup at Branch 3, Quezon Avenue, Quezon City",GCash,paid,In Transit,scheduled,431.13,100.15,0,268.81,,,"{""source"":""web-checkout""}",2025-11-24T15:05:16.95001+00:00,2026-05-22T18:44:41.235363+00:00,,,true
93b317a5-2be7-4927-9ace-a02db9a601b4,550e8400-e29b-41d4-a716-446655440040,18136,0000018136,a2e2c776-9408-4753-a267-9fab2266b7c3,TXN-60666,60666,3,"Pickup at Branch 3, Quezon Avenue, Quezon City",Credit / Debit Card,paid,In Transit,claim_at_branch,244.44,207.11,0,388.09,,,"{""source"":""web-checkout""}",2025-11-24T09:45:43.529999+00:00,2026-05-22T18:44:41.235363+00:00,,,true
5046d604-f336-44fe-b9ed-0b625bc4f206,550e8400-e29b-41d4-a716-446655440035,18381,0000018381,f75b8c7b-f4ee-47be-b271-a8ba38c12b50,TXN-61053,61053,3,"Pickup at Branch 3, Quezon Avenue, Quezon City",Cash on Delivery,paid,In Transit,claim_at_branch,154.26,240.14,0,565.15,,,"{""source"":""web-checkout""}",2025-11-24T02:51:22.510297+00:00,2026-05-22T18:44:41.235363+00:00,,,true
062d4919-53fc-45b3-836c-5124c88d8704,550e8400-e29b-41d4-a716-446655440056,18002,0000018002,721dc567-9f0d-4937-bc0a-5f9fbafce8b6,TXN-61142,61142,3,"Manila city, Jabonga, Agusan Del Norte",Maya,paid,Delivered,scheduled,327.94,184.44,0,135.55,,,"{""source"":""web-checkout""}",2025-11-23T20:42:45.390177+00:00,2026-05-22T18:44:41.235363+00:00,,,true
bed44fd4-f445-457a-89d1-7ddf671e5469,550e8400-e29b-41d4-a716-446655440040,17786,0000017786,1bc6dddc-1914-476a-bcc5-6a7ae1f8265d,TXN-60694,60694,3,"Pickup at Branch 3, Quezon Avenue, Quezon City",Maya,paid,In Transit,scheduled,364.36,218.69,0,171.11,,,"{""source"":""web-checkout""}",2025-11-23T20:24:05.700213+00:00,2026-05-22T18:44:41.235363+00:00,,,true
9a6a0592-d7ba-404b-8624-834a1fe73ca4,550e8400-e29b-41d4-a716-446655440038,17934,0000017934,525414c9-b6d5-4c92-86a5-5bc629320fd9,TXN-60695,60695,3,"Quezon city greenfields, Quezon City, Metro Manila",Maya,failed,Cancelled,claim_at_branch,219.95,151.52,0,637.3,,,"{""source"":""web-checkout""}",2025-11-23T18:09:45.972432+00:00,2026-05-23T06:26:46.624031+00:00,Cleaned up stale pending session,2026-05-23T06:26:46.624031+00:00,true
4699ec65-778f-4daa-bafa-bdbb5b6d0624,550e8400-e29b-41d4-a716-446655440032,18378,0000018378,f63b20ac-04b3-4227-814e-ec6f1516fb8a,TXN-61002,61002,3,"Miilionaires Village, Manila City, Metro Manila",Maya,paid,Cancelled,scheduled,444.26,171.18,0,520.63,,,"{""source"":""web-checkout""}",2025-11-23T06:26:36.411606+00:00,2026-05-22T18:44:41.235363+00:00,,,true
f6d2ad51-287b-4cdf-bb66-24225365cbc3,550e8400-e29b-41d4-a716-446655440026,17822,0000017822,285ea2e2-3af9-4a42-8c8e-b78fd16422ea,TXN-60587,60587,3,"Manila city, Jabonga, Agusan Del Norte",Maya,paid,Delivered,claim_at_branch,261.86,226.16,0,115.32,,,"{""source"":""web-checkout""}",2025-11-23T03:50:12.104431+00:00,2026-05-22T18:44:41.235363+00:00,,,true
da339f3e-777d-4e15-8710-9628c9ea34ca,550e8400-e29b-41d4-a716-446655440027,17823,0000017823,286a424b-dedf-4cd5-96f8-b3247349d6c0,TXN-60886,60886,3,"Miilionaires Village, Manila City, Metro Manila",GCash,failed,Cancelled,claim_at_branch,252.66,218.3,37.9,127.75,,,"{""source"":""web-checkout""}",2025-11-23T03:30:29.171796+00:00,2026-05-23T06:26:46.624031+00:00,Cleaned up stale pending session,2026-05-23T06:26:46.624031+00:00,true
67e283e6-2704-4d64-9ed5-ceef5170e814,550e8400-e29b-41d4-a716-446655440040,17736,0000017736,0740a5d4-f420-4d72-973d-bff325be2a22,TXN-60936,60936,3,"Pickup at Branch 3, Quezon Avenue, Quezon City",Credit / Debit Card,failed,Cancelled,claim_at_branch,168.69,232.8,0,593.42,,,"{""source"":""web-checkout""}",2025-11-23T03:16:49.233762+00:00,2026-05-23T06:26:46.624031+00:00,Cleaned up stale pending session,2026-05-23T06:26:46.624031+00:00,true
7290387b-0d85-46b5-823b-b445eaff0fca,550e8400-e29b-41d4-a716-446655440032,18028,0000018028,7bcf4013-9fbf-4360-9177-a04a9bb102bb,TXN-60609,60609,3,"Miilionaires Village, Manila City, Metro Manila",Credit / Debit Card,paid,Cancelled,scheduled,300.31,152.47,0,447.43,,,"{""source"":""web-checkout""}",2025-11-22T23:55:34.089313+00:00,2026-05-22T18:44:41.235363+00:00,,,true
cf30670e-8670-4a93-b801-b3c543f6549a,550e8400-e29b-41d4-a716-446655440031,18127,0000018127,9ea4d23c-cde8-4b09-a936-363c7b4c7c7d,TXN-60826,60826,3,"Manila city, Jabonga, Agusan Del Norte",GCash,paid,Delivered,scheduled,327.81,146.77,0,435.62,,,"{""source"":""web-checkout""}",2025-11-22T19:38:11.164018+00:00,2026-05-22T18:44:41.235363+00:00,,,true
7b1d5275-c74b-44ac-9077-d7d80694fefc,550e8400-e29b-41d4-a716-446655440045,17741,0000017741,08b6b091-9a2f-412b-b32b-2a093686b492,TXN-61106,61106,3,"Pickup at Branch 3, Quezon Avenue, Quezon City",Cash on Delivery,paid,In Transit,claim_at_branch,96.8,125.07,0,671.85,,,"{""source"":""web-checkout""}",2025-11-22T19:04:12.734276+00:00,2026-05-22T18:44:41.235363+00:00,,,true
3b85404c-4079-420c-b22b-a66a0a19f4d7,550e8400-e29b-41d4-a716-446655440032,18128,0000018128,9f0103b3-acb2-4b32-98bb-576723a8906c,TXN-60692,60692,3,"Miilionaires Village, Manila City, Metro Manila",Credit / Debit Card,paid,Cancelled,claim_at_branch,173.11,83.55,0,466.46,,,"{""source"":""web-checkout""}",2025-11-22T13:16:04.9327+00:00,2026-05-22T18:44:41.235363+00:00,,,true
754d57dd-f171-45ee-8e44-c5037d066ca1,550e8400-e29b-41d4-a716-446655440026,18122,0000018122,9cf665f5-dba5-48f2-a2fd-3fc28d29522f,TXN-61124,61124,3,"Manila city, Jabonga, Agusan Del Norte",Maya,paid,Delivered,claim_at_branch,106.28,179.66,0,381.66,,,"{""source"":""web-checkout""}",2025-11-22T11:25:21.579173+00:00,2026-05-22T18:44:41.235363+00:00,,,true
56fb8f73-7cee-4bd4-b2d7-98dcae30f293,550e8400-e29b-41d4-a716-446655440029,18025,0000018025,791b5e35-3f01-4536-b35e-4bd34d8cc0e9,TXN-60747,60747,3,"Blk 454 lot23, Malita, Davao Occidental",Cash on Delivery,paid,Processing,claim_at_branch,230.27,158.85,0,683.41,,,"{""source"":""web-checkout""}",2025-11-22T04:51:03.480766+00:00,2026-05-22T18:44:41.235363+00:00,,,true
aa79349f-be08-49a2-84f2-be8dac95069f,550e8400-e29b-41d4-a716-446655440048,17744,0000017744,09c25141-47f3-4f44-82e5-087f6d971c3f,TXN-60704,60704,3,"Quezon city greenfields, Quezon City, Metro Manila",Credit / Debit Card,paid,Processing,scheduled,183.71,199.68,0,583.15,,,"{""source"":""web-checkout""}",2025-11-22T01:59:25.621615+00:00,2026-05-22T18:44:41.235363+00:00,,,true
252f8274-7954-4844-9b9e-95aa4faa94c5,550e8400-e29b-41d4-a716-446655440016,18262,0000018262,cb5d5984-4864-442f-ac70-6f35638ab614,TXN-60757,60757,3,"Manila city, Jabonga, Agusan Del Norte",Maya,paid,Delivered,claim_at_branch,399.52,207.91,0,673.47,,,"{""source"":""web-checkout""}",2025-11-21T19:32:46.436709+00:00,2026-05-22T18:44:41.235363+00:00,,,true
431142cb-feca-4887-b616-d1cb5499fda4,550e8400-e29b-41d4-a716-446655440017,17713,0000017713,00e1a555-66d1-4c19-b714-2b759866228f,TXN-60708,60708,3,"Miilionaires Village, Manila City, Metro Manila",Cash on Delivery,paid,Cancelled,claim_at_branch,412.12,153.71,22.48,424.35,,,"{""source"":""web-checkout""}",2025-11-21T12:23:13.534518+00:00,2026-05-22T18:44:41.235363+00:00,,,true
ca4c83a9-0230-4958-a648-dd9aa1201b1b,550e8400-e29b-41d4-a716-446655440058,17854,0000017854,329127ae-d2f6-40bc-b903-d26630be7e65,TXN-60895,60895,3,"Quezon city greenfields, Quezon City, Metro Manila",Maya,failed,Cancelled,claim_at_branch,174.95,243.05,0,160.49,,,"{""source"":""web-checkout""}",2025-11-19T21:05:34.923135+00:00,2026-05-23T06:26:46.624031+00:00,Cleaned up stale pending session,2026-05-23T06:26:46.624031+00:00,true
02c5ba88-1909-412f-98bd-7c1e485f8bc1,550e8400-e29b-41d4-a716-446655440041,18387,0000018387,f8338c5b-259a-4ce5-89f9-693e74b777a8,TXN-60521,60521,3,"Manila city, Jabonga, Agusan Del Norte",GCash,paid,Delivered,scheduled,253.71,88.12,0,617.17,,,"{""source"":""web-checkout""}",2025-11-19T18:44:27.567656+00:00,2026-05-22T18:44:41.235363+00:00,,,true
3317d880-c7fd-4175-812e-11e852a71599,550e8400-e29b-41d4-a716-446655440011,17907,0000017907,487cf4a7-bf6a-495b-a70b-d3d9beee0c02,TXN-60670,60670,3,"Manila city, Jabonga, Agusan Del Norte",GCash,paid,Delivered,claim_at_branch,365.82,207.92,4.99,464.64,,,"{""source"":""web-checkout""}",2025-11-19T06:54:56.13899+00:00,2026-05-22T18:44:41.235363+00:00,,,true
85c89a15-692d-4f1f-895e-3c15e8c1b1b5,550e8400-e29b-41d4-a716-446655440031,17777,0000017777,18a71f00-6d03-4fb0-8133-82e7d4d2fe3f,TXN-61056,61056,3,"Manila city, Jabonga, Agusan Del Norte",Cash on Delivery,paid,Delivered,scheduled,397.39,90.29,0,256.77,,,"{""source"":""web-checkout""}",2025-11-19T02:44:07.309599+00:00,2026-05-22T18:44:41.235363+00:00,,,true
e26c8afe-4faf-47a4-bdaf-450c3a396495,550e8400-e29b-41d4-a716-446655440052,17748,0000017748,0b22b621-84bd-4b55-bb35-a78894d774a6,TXN-60562,60562,3,"Miilionaires Village, Manila City, Metro Manila",Credit / Debit Card,paid,Cancelled,scheduled,385.19,112.3,15.39,565.96,,,"{""source"":""web-checkout""}",2025-11-18T20:43:58.905359+00:00,2026-05-22T18:44:41.235363+00:00,,,true
e9ec7408-e3dd-41cf-854d-86d074622eec,550e8400-e29b-41d4-a716-446655440010,17906,0000017906,4690558a-1ff2-4937-9602-86ea314cf3df,TXN-60641,60641,3,"Pickup at Branch 3, Quezon Avenue, Quezon City",Maya,paid,In Transit,claim_at_branch,430.1,171.65,0,299.25,,,"{""source"":""web-checkout""}",2025-11-18T19:29:58.238713+00:00,2026-05-22T18:44:41.235363+00:00,,,true
efd0bb8f-9710-4c7a-adfb-887a61eca846,550e8400-e29b-41d4-a716-446655440046,17842,0000017842,2e73ca1b-2861-4300-a032-55615924fc7e,TXN-60873,60873,3,"Manila city, Jabonga, Agusan Del Norte",Maya,paid,Delivered,claim_at_branch,79.61,102.32,0,186.03,,,"{""source"":""web-checkout""}",2025-11-18T08:12:34.907074+00:00,2026-05-22T18:44:41.235363+00:00,,,true
a9e187ee-b8c6-4bb4-a2fa-5fd70120eda5,550e8400-e29b-41d4-a716-446655440024,17820,0000017820,280e2ac1-5ccd-455b-9fb5-ef136bb6eb51,TXN-61012,61012,3,"Blk 454 lot23, Malita, Davao Occidental",Credit / Debit Card,paid,Processing,claim_at_branch,356.79,105.69,0,386.49,,,"{""source"":""web-checkout""}",2025-11-18T07:03:54.228169+00:00,2026-05-22T18:44:41.235363+00:00,,,true
2098269f-93ce-4f91-a833-582c5cd01657,550e8400-e29b-41d4-a716-446655440027,18223,0000018223,c0982c42-c876-458a-8fe6-0c721e17c320,TXN-60558,60558,3,"Miilionaires Village, Manila City, Metro Manila",GCash,paid,Cancelled,scheduled,235.29,86.77,0,326.07,,,"{""source"":""web-checkout""}",2025-11-18T00:32:29.38752+00:00,2026-05-22T18:44:41.235363+00:00,,,true
a765f835-7d80-407e-8d56-a912ffffdc44,550e8400-e29b-41d4-a716-446655440053,17949,0000017949,5c213993-da51-40ef-bded-7c3791ebeb06,TXN-60528,60528,3,"Quezon city greenfields, Quezon City, Metro Manila",Cash on Delivery,paid,Processing,scheduled,85.86,233.8,0,299.29,,,"{""source"":""web-checkout""}",2025-11-17T22:01:27.268155+00:00,2026-05-22T18:44:41.235363+00:00,,,true
0f966a8f-3431-48cb-80d6-5b72b78958f3,550e8400-e29b-41d4-a716-446655440014,17860,0000017860,3500981d-54a9-4f0b-8bb9-062d03fbd881,TXN-60700,60700,3,"Blk 454 lot23, Malita, Davao Occidental",Credit / Debit Card,paid,Processing,scheduled,183.74,228.25,29.18,138.95,,,"{""source"":""web-checkout""}",2025-11-17T20:03:53.45746+00:00,2026-05-22T18:44:41.235363+00:00,,,true
dfcb0912-62d3-477b-80ab-d35f66a2b82d,550e8400-e29b-41d4-a716-446655440051,18297,0000018297,d9e7e524-b214-42a1-b860-225ea1286dfe,TXN-60839,60839,3,"Manila city, Jabonga, Agusan Del Norte",Cash on Delivery,paid,Delivered,claim_at_branch,111.19,235.18,0,622.95,,,"{""source"":""web-checkout""}",2025-11-17T16:53:22.043068+00:00,2026-05-22T18:44:41.235363+00:00,,,true
38a02b14-f59a-4fa4-a514-f93efb166e15,550e8400-e29b-41d4-a716-446655440022,18318,0000018318,e17349d8-dbe7-4ca9-a0f8-8abd75dbbd8a,TXN-60610,60610,3,"Miilionaires Village, Manila City, Metro Manila",Maya,paid,Cancelled,scheduled,376.27,88.6,0,517.78,,,"{""source"":""web-checkout""}",2025-11-17T09:03:55.556705+00:00,2026-05-22T18:44:41.235363+00:00,,,true
bd771086-a4b2-4566-8f47-399be07bba4b,550e8400-e29b-41d4-a716-446655440037,17733,0000017733,068eba1a-3d15-4cc4-8547-9d0fb26ec146,TXN-60974,60974,3,"Miilionaires Village, Manila City, Metro Manila",Cash on Delivery,failed,Cancelled,scheduled,425.6,178.27,0,593.56,,,"{""source"":""web-checkout""}",2025-11-17T08:44:24.293858+00:00,2026-05-23T06:26:46.624031+00:00,Cleaned up stale pending session,2026-05-23T06:26:46.624031+00:00,true
e1dbd08a-14d4-45b2-9869-eec15b161b30,550e8400-e29b-41d4-a716-446655440035,17981,0000017981,69e0ae1d-697e-4b0c-90b0-5a15db500c26,TXN-61008,61008,3,"Pickup at Branch 3, Quezon Avenue, Quezon City",Cash on Delivery,paid,In Transit,scheduled,254.57,93.81,19.36,278.46,,,"{""source"":""web-checkout""}",2025-11-17T01:45:33.168476+00:00,2026-05-22T18:44:41.235363+00:00,,,true
a741ff66-eb4e-4b61-9a7c-3e39fd4aeac1,550e8400-e29b-41d4-a716-446655440043,18189,0000018189,b4694d71-b64e-4de0-98d8-bd6131ab670a,TXN-61086,61086,3,"Quezon city greenfields, Quezon City, Metro Manila",Cash on Delivery,paid,Processing,claim_at_branch,154.26,146.37,42.56,284.87,,,"{""source"":""web-checkout""}",2025-11-16T23:15:16.603445+00:00,2026-05-22T18:44:41.235363+00:00,,,true
44d4bb87-89b3-4c89-81c0-2cf2298b8b5d,550e8400-e29b-41d4-a716-446655440052,17998,0000017998,6ff5e2bf-6367-4fd5-a7da-e685b5e35755,TXN-60598,60598,3,"Miilionaires Village, Manila City, Metro Manila",Maya,paid,Cancelled,claim_at_branch,448.88,135.85,0,585.59,,,"{""source"":""web-checkout""}",2025-11-16T20:16:18.217283+00:00,2026-05-22T18:44:41.235363+00:00,,,true
fe6d1ba2-b105-4388-8e42-e98b2ddc97a8,550e8400-e29b-41d4-a716-446655440047,18043,0000018043,81b1c06c-6d25-4638-90cc-19b909efe2c1,TXN-60597,60597,3,"Miilionaires Village, Manila City, Metro Manila",GCash,failed,Cancelled,claim_at_branch,150.55,194.12,0,250.74,,,"{""source"":""web-checkout""}",2025-11-16T06:23:10.862058+00:00,2026-05-23T06:26:46.624031+00:00,Cleaned up stale pending session,2026-05-23T06:26:46.624031+00:00,true
57ccdad1-a7a6-4f1b-b935-398c921c66c0,550e8400-e29b-41d4-a716-446655440050,17896,0000017896,41fb54d0-7408-4e10-9e2e-7a2feb9c13bb,TXN-60671,60671,3,"Pickup at Branch 3, Quezon Avenue, Quezon City",Credit / Debit Card,paid,In Transit,claim_at_branch,170.79,107.41,0,268.36,,,"{""source"":""web-checkout""}",2025-11-16T05:54:28.115713+00:00,2026-05-22T18:44:41.235363+00:00,,,true
05b4c759-3b04-4c16-9144-4f0ca1d3b8a8,550e8400-e29b-41d4-a716-446655440052,18398,0000018398,fd34d095-0b31-4927-a83b-4392e85fe9ca,TXN-60923,60923,3,"Miilionaires Village, Manila City, Metro Manila",Maya,paid,Cancelled,scheduled,262.71,146.81,0,353.38,,,"{""source"":""web-checkout""}",2025-11-16T05:44:32.136105+00:00,2026-05-22T18:44:41.235363+00:00,,,true
8ff45d81-d1dc-4114-a764-06be0361ffb7,550e8400-e29b-41d4-a716-446655440047,17793,0000017793,1ec4e717-8ac8-4e96-81bb-49f2f554256a,TXN-60577,60577,3,"Miilionaires Village, Manila City, Metro Manila",Cash on Delivery,paid,Cancelled,scheduled,98.2,217.19,30.02,488.94,,,"{""source"":""web-checkout""}",2025-11-16T03:20:35.866009+00:00,2026-05-22T18:44:41.235363+00:00,,,true
c75ec03c-7b50-4f6d-a2c3-485d35de1daf,550e8400-e29b-41d4-a716-446655440035,18231,0000018231,c282ed42-bb6e-4b1c-814a-4c4c2eb7019b,TXN-60569,60569,3,"Pickup at Branch 3, Quezon Avenue, Quezon City",GCash,paid,In Transit,scheduled,388.6,67,0,473.71,,,"{""source"":""web-checkout""}",2025-11-16T02:31:28.368889+00:00,2026-05-22T18:44:41.235363+00:00,,,true
a089efac-b5f5-4d3b-96af-0272691dbdce,550e8400-e29b-41d4-a716-446655440018,18264,0000018264,cc6391e9-35b4-4ac1-9815-65c6871e9673,TXN-60885,60885,3,"Quezon city greenfields, Quezon City, Metro Manila",Credit / Debit Card,paid,Processing,scheduled,412.56,148.25,0,318.53,,,"{""source"":""web-checkout""}",2025-11-16T01:14:07.022049+00:00,2026-05-22T18:44:41.235363+00:00,,,true
fa619684-48d3-47d0-9f6f-0c02a679cd1b,550e8400-e29b-41d4-a716-446655440055,18401,0000018401,fd780714-9c5d-49a8-91d8-9962de1f4cba,TXN-60734,60734,3,"Pickup at Branch 3, Quezon Avenue, Quezon City",Cash on Delivery,failed,Cancelled,scheduled,387.77,162.06,0,197.91,,,"{""source"":""web-checkout""}",2025-11-15T19:30:53.462462+00:00,2026-05-23T06:26:46.624031+00:00,Cleaned up stale pending session,2026-05-23T06:26:46.624031+00:00,true
5cabaf9f-113c-4099-b964-c682099d6cc2,550e8400-e29b-41d4-a716-446655440043,18139,0000018139,a3b65140-cb0b-49ce-8e14-cceda059dd3b,TXN-60954,60954,3,"Quezon city greenfields, Quezon City, Metro Manila",GCash,paid,Processing,scheduled,203.88,151.92,0,373.56,,,"{""source"":""web-checkout""}",2025-11-15T09:00:04.259305+00:00,2026-05-22T18:44:41.235363+00:00,,,true
f6799a18-ba19-4d55-b4d2-cad055b1fb08,550e8400-e29b-41d4-a716-446655440012,17958,0000017958,5f94ceb1-a1d1-435d-9897-9fdc63223b66,TXN-60737,60737,3,"Miilionaires Village, Manila City, Metro Manila",Maya,paid,Cancelled,scheduled,56.35,221.66,0,243.68,,,"{""source"":""web-checkout""}",2025-11-14T20:01:03.854701+00:00,2026-05-22T18:44:41.235363+00:00,,,true
74fad68e-d06b-4bf1-9dff-f61220b26112,550e8400-e29b-41d4-a716-446655440023,18219,0000018219,bfe299e4-7abf-4f93-a47d-7709c5924875,TXN-61131,61131,3,"Quezon city greenfields, Quezon City, Metro Manila",GCash,paid,Processing,scheduled,436.87,106.39,0,498.49,,,"{""source"":""web-checkout""}",2025-11-14T04:25:13.300841+00:00,2026-05-22T18:44:41.235363+00:00,,,true
65ef3120-09a3-4db5-a969-751670109094,550e8400-e29b-41d4-a716-446655440015,18011,0000018011,75582de1-651c-429f-b08e-49e995ebdb76,TXN-61094,61094,3,"Pickup at Branch 3, Quezon Avenue, Quezon City",GCash,failed,Cancelled,scheduled,363.03,96.44,4.21,461.49,,,"{""source"":""web-checkout""}",2025-11-13T20:50:47.624841+00:00,2026-05-23T06:26:46.624031+00:00,Cleaned up stale pending session,2026-05-23T06:26:46.624031+00:00,true
644a1d06-a5a4-47f9-a6fe-fbcd514a4423,550e8400-e29b-41d4-a716-446655440039,18285,0000018285,d653b0a9-2e9e-4fec-a3e2-39021b722341,TXN-60601,60601,3,"Blk 454 lot23, Malita, Davao Occidental",Cash on Delivery,paid,Processing,claim_at_branch,68.11,78.38,0,379.66,,,"{""source"":""web-checkout""}",2025-11-13T14:04:21.332213+00:00,2026-05-22T18:44:41.235363+00:00,,,true
dc3ce3c4-aa38-44de-8cdd-c11f1e7d08cb,550e8400-e29b-41d4-a716-446655440058,18154,0000018154,a8e23985-c04f-49a6-8053-fd992be0dcff,TXN-60922,60922,3,"Quezon city greenfields, Quezon City, Metro Manila",Maya,paid,Processing,scheduled,351.62,235.63,0,600.62,,,"{""source"":""web-checkout""}",2025-11-13T12:50:30.507779+00:00,2026-05-22T18:44:41.235363+00:00,,,true
db2c62f4-42ae-4cee-b7fe-0bb506bd851f,550e8400-e29b-41d4-a716-446655440041,17837,0000017837,2d6b68c9-87ba-4794-beb5-a6a61c57332c,TXN-61021,61021,3,"Manila city, Jabonga, Agusan Del Norte",Cash on Delivery,paid,Delivered,claim_at_branch,248.87,183.98,41.06,676.23,,,"{""source"":""web-checkout""}",2025-11-12T12:51:08.088659+00:00,2026-05-22T18:44:41.235363+00:00,,,true
ea567db6-a4ce-4b0e-8639-25e63f63f468,550e8400-e29b-41d4-a716-446655440030,17826,0000017826,28ceb4ed-a0b8-42a2-b004-a65afb774b3c,TXN-60888,60888,3,"Pickup at Branch 3, Quezon Avenue, Quezon City",Maya,paid,In Transit,claim_at_branch,123.41,121.64,6.31,369.33,,,"{""source"":""web-checkout""}",2025-11-12T11:06:02.926018+00:00,2026-05-22T18:44:41.235363+00:00,,,true
e59b2fde-bfbf-4ceb-a584-790a09241966,550e8400-e29b-41d4-a716-446655440056,17952,0000017952,5d27d892-5467-469c-b94e-462c0929b61c,TXN-60636,60636,3,"Manila city, Jabonga, Agusan Del Norte",Credit / Debit Card,paid,Delivered,scheduled,341.03,236.35,0,442.26,,,"{""source"":""web-checkout""}",2025-11-12T09:24:04.94718+00:00,2026-05-22T18:44:41.235363+00:00,,,true
7435699e-466a-485d-9218-9d455304d8ca,550e8400-e29b-41d4-a716-446655440051,18047,0000018047,82f26fe5-9baa-4f4c-9d6d-1888aad54bcd,TXN-60767,60767,3,"Manila city, Jabonga, Agusan Del Norte",GCash,paid,Delivered,claim_at_branch,128.35,244.81,27.56,338.19,,,"{""source"":""web-checkout""}",2025-11-12T07:25:00.722031+00:00,2026-05-22T18:44:41.235363+00:00,,,true
a7aba978-1005-41d8-b4a5-b47d624021ca,550e8400-e29b-41d4-a716-446655440046,18192,0000018192,b50c1973-d931-48ca-a048-406fcaa7f339,TXN-60578,60578,3,"Manila city, Jabonga, Agusan Del Norte",Credit / Debit Card,paid,Delivered,claim_at_branch,287.49,116.19,0,442.77,,,"{""source"":""web-checkout""}",2025-11-12T04:20:40.545306+00:00,2026-05-22T18:44:41.235363+00:00,,,true
88adc268-d1cc-42ac-9593-7b99aa7ae409,550e8400-e29b-41d4-a716-446655440034,18030,0000018030,7d48a8d5-028b-4046-9af6-aa4e605a7dd3,TXN-61048,61048,3,"Blk 454 lot23, Malita, Davao Occidental",Maya,failed,Cancelled,scheduled,113.34,201.48,0,109.08,,,"{""source"":""web-checkout""}",2025-11-11T17:55:28.864782+00:00,2026-05-23T06:26:46.624031+00:00,Cleaned up stale pending session,2026-05-23T06:26:46.624031+00:00,true
593b8d11-51cc-4b52-8ac4-5ee9543c867f,550e8400-e29b-41d4-a716-446655440029,18275,0000018275,d26cc45c-abc7-465a-9466-567de0906ad7,TXN-61018,61018,3,"Blk 454 lot23, Malita, Davao Occidental",GCash,paid,Processing,claim_at_branch,331.29,245.64,0,533.9,,,"{""source"":""web-checkout""}",2025-11-11T02:23:12.371289+00:00,2026-05-22T18:44:41.235363+00:00,,,true
d7c11e7f-47de-42bd-bc9a-9882db12f852,550e8400-e29b-41d4-a716-446655440027,18373,0000018373,f51b4c3c-5526-49cd-8246-5fc6a7095016,TXN-60690,60690,3,"Miilionaires Village, Manila City, Metro Manila",Cash on Delivery,paid,Cancelled,claim_at_branch,345.44,178.05,0,439.06,,,"{""source"":""web-checkout""}",2025-11-08T13:40:35.318353+00:00,2026-05-22T18:44:41.235363+00:00,,,true
1c9b6e02-c790-41a5-bdc5-be54d1f5ce45,550e8400-e29b-41d4-a716-446655440057,18403,0000018403,fddeb6f3-87a5-4343-bc0b-3c95909ac426,TXN-61120,61120,3,"Miilionaires Village, Manila City, Metro Manila",GCash,paid,Cancelled,claim_at_branch,182.16,153.55,0,336.05,,,"{""source"":""web-checkout""}",2025-11-08T08:59:56.894902+00:00,2026-05-22T18:44:41.235363+00:00,,,true
8644f4ba-1227-4dc2-888c-a962332c3d8b,550e8400-e29b-41d4-a716-446655440019,18365,0000018365,f3bbdeb6-c034-438e-b62b-bac960ca9a47,TXN-61003,61003,3,"Blk 454 lot23, Malita, Davao Occidental",Cash on Delivery,paid,Processing,claim_at_branch,68.83,164.12,0,441.54,,,"{""source"":""web-checkout""}",2025-11-08T08:23:48.167433+00:00,2026-05-22T18:44:41.235363+00:00,,,true
f6e6245e-b962-4a57-9e5a-f221ef1952d9,550e8400-e29b-41d4-a716-446655440032,17978,0000017978,67bdc2f2-2b5b-4c95-8feb-c4757fe0549e,TXN-60893,60893,3,"Miilionaires Village, Manila City, Metro Manila",Maya,paid,Cancelled,scheduled,101.72,112.02,0,553.64,,,"{""source"":""web-checkout""}",2025-11-08T04:15:42.36831+00:00,2026-05-22T18:44:41.235363+00:00,,,true
41786c19-3a61-48b9-aacb-177a6f653d76,550e8400-e29b-41d4-a716-446655440034,17780,0000017780,194cae50-c5eb-415f-86be-4163e60e4650,TXN-60729,60729,3,"Blk 454 lot23, Malita, Davao Occidental",Credit / Debit Card,failed,Cancelled,claim_at_branch,448.37,89.27,0,205.42,,,"{""source"":""web-checkout""}",2025-11-07T22:10:37.464564+00:00,2026-05-23T06:26:46.624031+00:00,Cleaned up stale pending session,2026-05-23T06:26:46.624031+00:00,true
f7383012-7e93-43c1-9dd4-dad282080461,550e8400-e29b-41d4-a716-446655440040,18236,0000018236,c4263181-b754-48cd-9eb9-784c1679f603,TXN-60683,60683,3,"Pickup at Branch 3, Quezon Avenue, Quezon City",Credit / Debit Card,paid,In Transit,scheduled,314.92,145.39,0,305.59,,,"{""source"":""web-checkout""}",2025-11-07T16:14:07.52196+00:00,2026-05-22T18:44:41.235363+00:00,,,true
46219059-19af-41ae-a367-043e38cd9165,550e8400-e29b-41d4-a716-446655440032,17778,0000017778,18e10589-10e6-4e31-9e2f-e5ce8cb04699,TXN-60564,60564,3,"Miilionaires Village, Manila City, Metro Manila",Maya,paid,Cancelled,claim_at_branch,53.67,97.09,0,239.34,,,"{""source"":""web-checkout""}",2025-11-07T14:09:04.270831+00:00,2026-05-22T18:44:41.235363+00:00,,,true
b4c9d13a-8f97-4120-a6a3-28b16d13be65,550e8400-e29b-41d4-a716-446655440013,18309,0000018309,dff51dcf-b2ed-46c8-b3b0-6815a69a971f,TXN-60998,60998,3,"Quezon city greenfields, Quezon City, Metro Manila",Cash on Delivery,paid,Processing,scheduled,373.96,153.37,0,699.82,,,"{""source"":""web-checkout""}",2025-11-07T05:32:21.180605+00:00,2026-05-22T18:44:41.235363+00:00,,,true
335d9785-a3ac-4bfd-be61-5b18ad5ace94,550e8400-e29b-41d4-a716-446655440057,18303,0000018303,dc3bfbba-4f09-4ce7-9d9c-371400fbe3eb,TXN-61144,61144,3,"Miilionaires Village, Manila City, Metro Manila",GCash,paid,Cancelled,claim_at_branch,392.32,51.04,0,573.87,,,"{""source"":""web-checkout""}",2025-11-07T01:48:22.854892+00:00,2026-05-22T18:44:41.235363+00:00,,,true
80ed0fe4-7476-4d16-8ff1-46cbbaa9fcdc,550e8400-e29b-41d4-a716-446655440028,17974,0000017974,65dc4194-cde7-4e4a-bb9e-af975493d5d5,TXN-60983,60983,3,"Quezon city greenfields, Quezon City, Metro Manila",Maya,paid,Processing,scheduled,398.46,55.82,0,586.61,,,"{""source"":""web-checkout""}",2025-11-06T17:27:35.536144+00:00,2026-05-22T18:44:41.235363+00:00,,,true
c501afce-58d8-4747-b8c3-e791540f38b2,550e8400-e29b-41d4-a716-446655440016,17762,0000017762,13250145-50a2-4520-83d7-fafba7ea6002,TXN-60769,60769,3,"Manila city, Jabonga, Agusan Del Norte",Maya,paid,Delivered,scheduled,400.95,116.12,25.1,149.87,,,"{""source"":""web-checkout""}",2025-11-06T11:13:08.941954+00:00,2026-05-22T18:44:41.235363+00:00,,,true
17a15eb4-fcca-4cee-8e5f-72c759f54f94,550e8400-e29b-41d4-a716-446655440016,18112,0000018112,99da8987-aa3b-47fe-b7eb-993387875ebd,TXN-60995,60995,3,"Manila city, Jabonga, Agusan Del Norte",Credit / Debit Card,failed,Cancelled,claim_at_branch,368.8,111.91,0,315.81,,,"{""source"":""web-checkout""}",2025-11-06T04:22:45.54129+00:00,2026-05-23T06:26:46.624031+00:00,Cleaned up stale pending session,2026-05-23T06:26:46.624031+00:00,true
9d9be4cf-d8ce-42e3-8c53-a9bbaca4fb34,550e8400-e29b-41d4-a716-446655440023,17869,0000017869,391bf40a-15f9-4a55-9f18-f78d34ad6e0c,TXN-60934,60934,3,"Quezon city greenfields, Quezon City, Metro Manila",Cash on Delivery,failed,Cancelled,claim_at_branch,176.77,58.15,28.93,337.24,,,"{""source"":""web-checkout""}",2025-11-06T03:21:48.601921+00:00,2026-05-23T06:26:46.624031+00:00,Cleaned up stale pending session,2026-05-23T06:26:46.624031+00:00,true
58ce7416-8571-4b19-b08a-481fd489fef6,550e8400-e29b-41d4-a716-446655440040,18286,0000018286,d7141715-4835-44e8-ba90-f37b8740abd9,TXN-61006,61006,3,"Pickup at Branch 3, Quezon Avenue, Quezon City",Maya,paid,In Transit,scheduled,122.26,76.9,37.26,634.34,,,"{""source"":""web-checkout""}",2025-11-05T18:46:12.239244+00:00,2026-05-22T18:44:41.235363+00:00,,,true
39fd5022-798c-4157-866e-2e293a23afd8,550e8400-e29b-41d4-a716-446655440056,17902,0000017902,457abeb4-260d-47cf-8f0b-6f754a55a93e,TXN-61126,61126,3,"Manila city, Jabonga, Agusan Del Norte",Maya,paid,Delivered,scheduled,314.98,140.37,0,254.02,,,"{""source"":""web-checkout""}",2025-11-05T15:08:42.118912+00:00,2026-05-22T18:44:41.235363+00:00,,,true
3d4b8334-8a44-44df-a4fc-3be1b0c6ec46,550e8400-e29b-41d4-a716-446655440042,18388,0000018388,f83c9316-e10e-4173-8818-5b82df24c3df,TXN-60685,60685,3,"Miilionaires Village, Manila City, Metro Manila",Credit / Debit Card,paid,Cancelled,claim_at_branch,125,132.54,0,187.92,,,"{""source"":""web-checkout""}",2025-11-04T16:42:06.398261+00:00,2026-05-22T18:44:41.235363+00:00,,,true
54eeb8d4-f8c2-4b9c-9d60-28a2b206d63c,550e8400-e29b-41d4-a716-446655440011,17707,0000017707,003450f8-3a8d-40f5-8471-2f229de30e60,TXN-60896,60896,3,"Manila city, Jabonga, Agusan Del Norte",GCash,paid,Delivered,scheduled,80.09,53.77,33.38,239.81,,,"{""source"":""web-checkout""}",2025-11-04T12:37:25.178043+00:00,2026-05-22T18:44:41.235363+00:00,,,true
85bddfec-e112-4baa-a675-778344ae2bbb,550e8400-e29b-41d4-a716-446655440035,18081,0000018081,91633a42-c075-4124-94f1-104aa693bdac,TXN-60932,60932,3,"Pickup at Branch 3, Quezon Avenue, Quezon City",Cash on Delivery,paid,In Transit,scheduled,402.03,88.07,0,320.25,,,"{""source"":""web-checkout""}",2025-11-04T11:39:05.360163+00:00,2026-05-22T18:44:41.235363+00:00,,,true
9644be66-887e-4381-a6a9-b3bc24afc277,550e8400-e29b-41d4-a716-446655440025,17721,0000017721,03861276-a55b-43da-95d6-dc4fea5714a4,TXN-61175,61175,3,"Pickup at Branch 3, Quezon Avenue, Quezon City",Cash on Delivery,paid,In Transit,claim_at_branch,311.31,146.3,0,385.95,,,"{""source"":""web-checkout""}",2025-11-04T10:16:42.946637+00:00,2026-05-22T18:44:41.235363+00:00,,,true
b72776ee-49ce-41fd-ad6a-9b01f573bc73,550e8400-e29b-41d4-a716-446655440031,17827,0000017827,28f43633-5f04-43d7-b9d1-5a8224b38210,TXN-60688,60688,3,"Manila city, Jabonga, Agusan Del Norte",GCash,paid,Delivered,claim_at_branch,177.05,56.12,0,459.12,,,"{""source"":""web-checkout""}",2025-11-04T01:24:33.795827+00:00,2026-05-22T18:44:41.235363+00:00,,,true
3016bca8-5840-4d19-bdf9-ab2b1eb9b1cd,550e8400-e29b-41d4-a716-446655440041,18237,0000018237,c477aa95-ee6c-40e4-b48a-c843f6b7f23e,TXN-61153,61153,3,"Manila city, Jabonga, Agusan Del Norte",Cash on Delivery,paid,Delivered,scheduled,139.44,183.83,0,269.39,,,"{""source"":""web-checkout""}",2025-11-03T19:14:18.315137+00:00,2026-05-22T18:44:41.235363+00:00,,,true
6507ff3c-a440-4d3f-a0df-c8d17ac7b44c,550e8400-e29b-41d4-a716-446655440048,17844,0000017844,2f09cf1f-8977-47f8-8782-12e8c6aeb816,TXN-60646,60646,3,"Quezon city greenfields, Quezon City, Metro Manila",Credit / Debit Card,paid,Processing,claim_at_branch,351.41,85.75,46.29,229.84,,,"{""source"":""web-checkout""}",2025-11-02T05:41:19.111933+00:00,2026-05-22T18:44:41.235363+00:00,,,true
4c27d673-2610-4587-9128-a5c39f453442,550e8400-e29b-41d4-a716-446655440033,17779,0000017779,18eef16d-65d7-43dd-99bc-cafa076d7868,TXN-60723,60723,3,"Quezon city greenfields, Quezon City, Metro Manila",GCash,paid,Processing,claim_at_branch,62.3,238.82,0,637.02,,,"{""source"":""web-checkout""}",2025-11-01T23:29:51.471715+00:00,2026-05-22T18:44:41.235363+00:00,,,true
bf275efc-91d1-4bf6-8676-81b2577d11bb,550e8400-e29b-41d4-a716-446655440041,18037,0000018037,7fe5ff25-aa56-4579-8f08-89b5b94ca257,TXN-60615,60615,3,"Manila city, Jabonga, Agusan Del Norte",Cash on Delivery,paid,Delivered,claim_at_branch,132.78,200.52,0,514.23,,,"{""source"":""web-checkout""}",2025-11-01T17:31:22.937677+00:00,2026-05-22T18:44:41.235363+00:00,,,true
9b2f0418-d2c7-4a8c-8654-f78c34304e62,550e8400-e29b-41d4-a716-446655440022,18118,0000018118,9b7fa9a1-570f-4560-b00d-df6775c23b35,TXN-61063,61063,3,"Miilionaires Village, Manila City, Metro Manila",Maya,paid,Cancelled,scheduled,391.93,161.71,0,367.45,,,"{""source"":""web-checkout""}",2025-11-01T09:37:23.021044+00:00,2026-05-22T18:44:41.235363+00:00,,,true
ed6ab46e-ba99-40a6-823d-2c7fa977cb0a,550e8400-e29b-41d4-a716-446655440054,18400,0000018400,fd703d77-fa5b-4ab6-acc9-1c1578049d5e,TXN-60667,60667,3,"Blk 454 lot23, Malita, Davao Occidental",Credit / Debit Card,paid,Processing,scheduled,104.34,102.12,0,662.28,,,"{""source"":""web-checkout""}",2025-11-01T00:34:28.582767+00:00,2026-05-22T18:44:41.235363+00:00,,,true
03534221-add3-46f8-9a41-9ec45624d1af,550e8400-e29b-41d4-a716-446655440017,17963,0000017963,61761f81-4b35-42fa-b9d8-93764876f497,TXN-60993,60993,3,"Miilionaires Village, Manila City, Metro Manila",GCash,paid,Cancelled,scheduled,72.69,65.08,0,251.29,,,"{""source"":""web-checkout""}",2025-10-31T17:11:38.926547+00:00,2026-05-22T18:44:41.235363+00:00,,,true
2a537633-c087-4b17-83ff-0b99a42a6a5b,550e8400-e29b-41d4-a716-446655440012,18108,0000018108,98ad11e8-329a-408b-8acf-ab4fe2e69f13,TXN-60920,60920,3,"Miilionaires Village, Manila City, Metro Manila",Credit / Debit Card,paid,Cancelled,scheduled,321.85,165.78,0,339.75,,,"{""source"":""web-checkout""}",2025-10-31T12:42:39.353382+00:00,2026-05-22T18:44:41.235363+00:00,,,true
912f4ed5-e581-4864-8ed2-79454b720fb4,550e8400-e29b-41d4-a716-446655440046,17992,0000017992,6d14c168-ccbd-4ac9-a359-75445e3638ae,TXN-60875,60875,3,"Manila city, Jabonga, Agusan Del Norte",Credit / Debit Card,paid,Delivered,claim_at_branch,88.24,172.01,0,530.12,,,"{""source"":""web-checkout""}",2025-10-31T08:25:26.628813+00:00,2026-05-22T18:44:41.235363+00:00,,,true
1c40c8d0-db68-40b4-ba1a-2bdc912bd008,550e8400-e29b-41d4-a716-446655440057,17853,0000017853,325c86da-d8b3-4abd-895b-ac516b734078,TXN-61037,61037,3,"Miilionaires Village, Manila City, Metro Manila",Cash on Delivery,paid,Cancelled,scheduled,318.86,152.3,0,628.21,,,"{""source"":""web-checkout""}",2025-10-30T22:15:07.768748+00:00,2026-05-22T18:44:41.235363+00:00,,,true
b65cbb7c-99c0-4e7d-baa5-1b1dbece338b,550e8400-e29b-41d4-a716-446655440022,17868,0000017868,38c5c505-265b-4474-8831-0459955e52ef,TXN-60782,60782,3,"Miilionaires Village, Manila City, Metro Manila",Credit / Debit Card,failed,Cancelled,scheduled,159.37,111.9,0,477.18,,,"{""source"":""web-checkout""}",2025-10-30T14:47:58.819581+00:00,2026-05-23T06:26:46.624031+00:00,Cleaned up stale pending session,2026-05-23T06:26:46.624031+00:00,true
ce79d396-6afa-4d84-9281-33e3f98196ae,550e8400-e29b-41d4-a716-446655440014,18260,0000018260,cabde331-3fb9-48b2-8fdd-e5e9b7b3e210,TXN-60755,60755,3,"Blk 454 lot23, Malita, Davao Occidental",Credit / Debit Card,paid,Processing,claim_at_branch,127,170.18,0,273.5,,,"{""source"":""web-checkout""}",2025-10-29T10:46:28.677183+00:00,2026-05-22T18:44:41.235363+00:00,,,true
dc6122dd-f2de-4c2e-94fe-28ee8c9bf695,550e8400-e29b-41d4-a716-446655440048,17894,0000017894,412b645b-6508-437d-a49f-cbb3b6f44894,TXN-61181,61181,3,"Quezon city greenfields, Quezon City, Metro Manila",Maya,paid,Processing,scheduled,355.47,89.54,0,460.58,,,"{""source"":""web-checkout""}",2025-10-29T05:25:33.780697+00:00,2026-05-22T18:44:41.235363+00:00,,,true
0a814a78-4948-4db4-8e58-cf21dff02fae,550e8400-e29b-41d4-a716-446655440034,17730,0000017730,05ea8b93-2d0a-4f0f-82df-946a124b835b,TXN-60602,60602,3,"Blk 454 lot23, Malita, Davao Occidental",Maya,paid,Processing,claim_at_branch,415.77,78.5,0,639.92,,,"{""source"":""web-checkout""}",2025-10-28T03:47:55.640808+00:00,2026-05-22T18:44:41.235363+00:00,,,true
081694cf-bf77-4066-80d0-e015e96bd621,550e8400-e29b-41d4-a716-446655440021,17767,0000017767,155ce0ec-5a22-4200-931c-b219b9ba4ce4,TXN-60679,60679,3,"Manila city, Jabonga, Agusan Del Norte",GCash,paid,Delivered,claim_at_branch,124.64,102.77,15.8,182.63,,,"{""source"":""web-checkout""}",2025-10-28T00:30:46.930108+00:00,2026-05-22T18:44:41.235363+00:00,,,true
c1bbffad-9b3f-42eb-b024-a7646d4a5ff8,550e8400-e29b-41d4-a716-446655440038,18284,0000018284,d5c25f0f-0dd5-4097-b14a-0aeb0fc23079,TXN-60503,60503,3,"Quezon city greenfields, Quezon City, Metro Manila",Credit / Debit Card,paid,Processing,scheduled,380.74,110.01,0,375.79,,,"{""source"":""web-checkout""}",2025-10-27T16:28:25.129225+00:00,2026-05-22T18:44:41.235363+00:00,,,true
3f1553cf-2c4c-4cef-a771-6c1fc5a84fc0,550e8400-e29b-41d4-a716-446655440014,18160,0000018160,ab90c8d7-e931-4283-a135-4ec263278c72,TXN-61125,61125,3,"Blk 454 lot23, Malita, Davao Occidental",Credit / Debit Card,failed,Cancelled,scheduled,270.77,148.88,0,224.33,,,"{""source"":""web-checkout""}",2025-10-27T15:38:50.607543+00:00,2026-05-23T06:26:46.624031+00:00,Cleaned up stale pending session,2026-05-23T06:26:46.624031+00:00,true
ec24e406-dc87-4502-8223-6147d73508ea,550e8400-e29b-41d4-a716-446655440049,18045,0000018045,822ff4b2-bc3d-4393-961a-48eaba1495c2,TXN-60567,60567,3,"Blk 454 lot23, Malita, Davao Occidental",Cash on Delivery,failed,Cancelled,claim_at_branch,183.25,67.43,0,401.01,,,"{""source"":""web-checkout""}",2025-10-27T12:53:54.826536+00:00,2026-05-23T06:26:46.624031+00:00,Cleaned up stale pending session,2026-05-23T06:26:46.624031+00:00,true
02d3cbbb-c8c8-427c-8123-80b29809ae25,550e8400-e29b-41d4-a716-446655440055,18301,0000018301,dc24cab9-1b8b-4a72-8b35-b6d21869aa59,TXN-61019,61019,3,"Pickup at Branch 3, Quezon Avenue, Quezon City",Cash on Delivery,paid,In Transit,scheduled,158.66,55.61,0,274.16,,,"{""source"":""web-checkout""}",2025-10-27T12:07:05.630559+00:00,2026-05-22T18:44:41.235363+00:00,,,true
d8840201-dee3-465b-a992-f5921aa4c55c,550e8400-e29b-41d4-a716-446655440031,17927,0000017927,5039c8d0-10c6-48a6-84a1-612f6bb24a20,TXN-60706,60706,3,"Manila city, Jabonga, Agusan Del Norte",GCash,paid,Delivered,claim_at_branch,147.16,206.2,0,489.58,,,"{""source"":""web-checkout""}",2025-10-27T11:35:48.577198+00:00,2026-05-22T18:44:41.235363+00:00,,,true
b2ff794e-41fa-4b5b-b7d4-1068cd028d0f,550e8400-e29b-41d4-a716-446655440013,17759,0000017759,121a7a1e-5265-4585-a82d-cd97d243b7b7,TXN-60997,60997,3,"Quezon city greenfields, Quezon City, Metro Manila",GCash,paid,Processing,claim_at_branch,346.8,225.74,0,479.05,,,"{""source"":""web-checkout""}",2025-10-27T03:31:46.803532+00:00,2026-05-22T18:44:41.235363+00:00,,,true
e8234ee5-f8ec-48d1-8279-8cfcc48d0d3b,550e8400-e29b-41d4-a716-446655440054,18100,0000018100,95f526da-e595-4f4c-aa9c-d4f35d203f15,TXN-61039,61039,3,"Blk 454 lot23, Malita, Davao Occidental",Credit / Debit Card,paid,Processing,claim_at_branch,67.04,215.82,0,185.71,,,"{""source"":""web-checkout""}",2025-10-27T01:39:54.871954+00:00,2026-05-22T18:44:41.235363+00:00,,,true
71f16588-1d51-4175-a173-878151d4043e,550e8400-e29b-41d4-a716-446655440014,18310,0000018310,e00729f7-f195-4ecf-a05c-54b9f7deeb37,TXN-60872,60872,3,"Blk 454 lot23, Malita, Davao Occidental",Maya,paid,Processing,claim_at_branch,388.33,76.35,14.89,360.97,,,"{""source"":""web-checkout""}",2025-10-26T21:29:16.509929+00:00,2026-05-22T18:44:41.235363+00:00,,,true
38b8bb93-9f80-4bd6-9896-3a12a7c3be45,550e8400-e29b-41d4-a716-446655440055,18001,0000018001,70b26a49-77ab-4b70-bfe9-8fb4b581881b,TXN-60633,60633,3,"Pickup at Branch 3, Quezon Avenue, Quezon City",Cash on Delivery,paid,In Transit,scheduled,164.92,118.66,0,628.27,,,"{""source"":""web-checkout""}",2025-10-26T16:33:01.349396+00:00,2026-05-22T18:44:41.235363+00:00,,,true
26326975-825a-4aea-87c6-24ee727e830f,550e8400-e29b-41d4-a716-446655440029,17825,0000017825,28ad3ae0-b617-4932-b11d-00a2b070ec56,TXN-60644,60644,3,"Blk 454 lot23, Malita, Davao Occidental",Cash on Delivery,paid,Processing,scheduled,247.52,167.73,0,366.32,,,"{""source"":""web-checkout""}",2025-10-26T08:53:43.322377+00:00,2026-05-22T18:44:41.235363+00:00,,,true
c57073b6-651b-4216-a5e1-d1f7d13c43ad,550e8400-e29b-41d4-a716-446655440050,17846,0000017846,30974125-3993-42af-854e-4e29fbec947a,TXN-60756,60756,3,"Pickup at Branch 3, Quezon Avenue, Quezon City",Maya,paid,In Transit,scheduled,144.51,74.44,0,494.5,,,"{""source"":""web-checkout""}",2025-10-26T07:29:31.837642+00:00,2026-05-22T18:44:41.235363+00:00,,,true
1fda1206-cd25-4f6e-a483-47350a6d2631,550e8400-e29b-41d4-a716-446655440036,18282,0000018282,d5620687-6830-4e9a-a3ad-3e76359466d5,TXN-60628,60628,3,"Manila city, Jabonga, Agusan Del Norte",Maya,paid,Delivered,scheduled,311.81,146.55,0,182.91,,,"{""source"":""web-checkout""}",2025-10-26T06:13:00.1748+00:00,2026-05-22T18:44:41.235363+00:00,,,true
cf8e2047-59e0-4ca1-9218-616f5cd2b5cb,550e8400-e29b-41d4-a716-446655440018,18214,0000018214,bec3d7de-0154-4e51-8723-029022cf3a4d,TXN-61036,61036,3,"Quezon city greenfields, Quezon City, Metro Manila",Maya,paid,Processing,scheduled,368.36,160.24,0,265.2,,,"{""source"":""web-checkout""}",2025-10-26T06:08:10.802795+00:00,2026-05-22T18:44:41.235363+00:00,,,true
906cab98-51d4-4dcb-a5d6-2137a819f27b,550e8400-e29b-41d4-a716-446655440034,18230,0000018230,c26d5227-6672-4ec6-91ce-ef8de4602602,TXN-61040,61040,3,"Blk 454 lot23, Malita, Davao Occidental",Maya,paid,Processing,scheduled,326.93,235.35,49.81,467.49,,,"{""source"":""web-checkout""}",2025-10-25T22:37:19.599349+00:00,2026-05-22T18:44:41.235363+00:00,,,true
fe320c9d-6867-4d22-8311-efdc40436947,550e8400-e29b-41d4-a716-446655440039,18085,0000018085,927626fc-8144-4f40-967f-87657193759e,TXN-60959,60959,3,"Blk 454 lot23, Malita, Davao Occidental",Cash on Delivery,paid,Processing,scheduled,174.77,94.45,0,285.64,,,"{""source"":""web-checkout""}",2025-10-25T20:26:33.031094+00:00,2026-05-22T18:44:41.235363+00:00,,,true
a5b53333-c97d-4a84-a80f-aafd6386f2b0,550e8400-e29b-41d4-a716-446655440010,17856,0000017856,32f4d21e-bf01-4e06-9359-e2edb2074186,TXN-61013,61013,3,"Pickup at Branch 3, Quezon Avenue, Quezon City",Credit / Debit Card,paid,In Transit,claim_at_branch,388.73,84.51,17.07,163.74,,,"{""source"":""web-checkout""}",2025-10-25T01:45:04.157884+00:00,2026-05-22T18:44:41.235363+00:00,,,true
f5f74a30-7d94-49c5-a400-e4c63ffc1344,550e8400-e29b-41d4-a716-446655440053,18199,0000018199,ba51a97d-fb8d-41a7-b994-210db833028f,TXN-60949,60949,3,"Quezon city greenfields, Quezon City, Metro Manila",GCash,paid,Processing,scheduled,103.91,225.86,0,346.47,,,"{""source"":""web-checkout""}",2025-10-25T00:22:17.48312+00:00,2026-05-22T18:44:41.235363+00:00,,,true
aba1b958-a104-46e1-9ce1-34e9c48f9f33,550e8400-e29b-41d4-a716-446655440030,17976,0000017976,675347d5-8b21-47cf-8f2a-9abdc63194c1,TXN-60801,60801,3,"Pickup at Branch 3, Quezon Avenue, Quezon City",Credit / Debit Card,paid,In Transit,scheduled,106.53,98.08,0,489.71,,,"{""source"":""web-checkout""}",2025-10-25T00:05:29.281409+00:00,2026-05-22T18:44:41.235363+00:00,,,true
435d4f5d-d5d0-4f46-9ef4-98b777778bac,550e8400-e29b-41d4-a716-446655440012,17758,0000017758,1193faaa-4509-45b5-8275-3b0ce7df238e,TXN-60560,60560,3,"Miilionaires Village, Manila City, Metro Manila",Maya,paid,Cancelled,scheduled,182.52,150.8,0,551.47,,,"{""source"":""web-checkout""}",2025-10-24T15:53:49.770578+00:00,2026-05-22T18:44:41.235363+00:00,,,true
3f42ddec-85ca-4fce-a661-8104ec9aa166,550e8400-e29b-41d4-a716-446655440046,18142,0000018142,a47f8e8a-ee50-4059-ac10-99f383e45759,TXN-60890,60890,3,"Manila city, Jabonga, Agusan Del Norte",Maya,paid,Delivered,claim_at_branch,62.19,169.04,0,251.29,,,"{""source"":""web-checkout""}",2025-10-24T06:45:45.238886+00:00,2026-05-22T18:44:41.235363+00:00,,,true
dcf71de7-d116-43f7-a730-3dc29c358892,550e8400-e29b-41d4-a716-446655440033,18229,0000018229,c2690f9b-9a5d-4c0e-9970-5778139dfcd9,TXN-60975,60975,3,"Quezon city greenfields, Quezon City, Metro Manila",Cash on Delivery,failed,Cancelled,claim_at_branch,162.57,224.94,0,116.35,,,"{""source"":""web-checkout""}",2025-10-24T01:33:34.624601+00:00,2026-05-23T06:26:46.624031+00:00,Cleaned up stale pending session,2026-05-23T06:26:46.624031+00:00,true
2dafe2a6-9c99-4ebf-8bd7-0567e36e2446,550e8400-e29b-41d4-a716-446655440035,18031,0000018031,7da534be-9d7f-48e2-b057-892e11219754,TXN-60697,60697,3,"Pickup at Branch 3, Quezon Avenue, Quezon City",GCash,failed,Cancelled,scheduled,93.18,123.66,0,391.31,,,"{""source"":""web-checkout""}",2025-10-24T01:12:32.909645+00:00,2026-05-23T06:26:46.624031+00:00,Cleaned up stale pending session,2026-05-23T06:26:46.624031+00:00,true
2fa91e2d-12b6-4cc4-9890-311fe00bce07,550e8400-e29b-41d4-a716-446655440023,18319,0000018319,e1908b7a-aaf4-4581-bd02-28beb7ea117b,TXN-60834,60834,3,"Quezon city greenfields, Quezon City, Metro Manila",GCash,failed,Cancelled,claim_at_branch,270.38,184.21,0,199.59,,,"{""source"":""web-checkout""}",2025-10-23T19:20:26.888018+00:00,2026-05-23T06:26:46.624031+00:00,Cleaned up stale pending session,2026-05-23T06:26:46.624031+00:00,true
8b88857c-f9ce-48cf-adca-86bdfead7058,550e8400-e29b-41d4-a716-446655440030,17776,0000017776,1890175a-b04d-4507-9fb2-ef57dd66f4ab,TXN-60807,60807,3,"Pickup at Branch 3, Quezon Avenue, Quezon City",Credit / Debit Card,paid,In Transit,claim_at_branch,373.11,70.15,24.73,306.55,,,"{""source"":""web-checkout""}",2025-10-23T12:00:07.580867+00:00,2026-05-22T18:44:41.235363+00:00,,,true
7e1c575d-1ab9-4b09-b2c9-8fa2dfb11a45,550e8400-e29b-41d4-a716-446655440036,18032,0000018032,7df0eac6-95d9-4782-a53e-14115ecb83c2,TXN-61026,61026,3,"Manila city, Jabonga, Agusan Del Norte",Credit / Debit Card,paid,Delivered,claim_at_branch,272.46,166.7,0,160.55,,,"{""source"":""web-checkout""}",2025-10-23T06:17:12.125585+00:00,2026-05-22T18:44:41.235363+00:00,,,true
92096215-8478-4f5d-b4a2-4a6e0da6dfd6,550e8400-e29b-41d4-a716-446655440010,18206,0000018206,bc1f983c-5ea8-402c-a052-f6d3be08f356,TXN-61095,61095,3,"Pickup at Branch 3, Quezon Avenue, Quezon City",Maya,paid,In Transit,scheduled,261.62,57.75,0,250.62,,,"{""source"":""web-checkout""}",2025-10-22T23:38:53.244167+00:00,2026-05-22T18:44:41.235363+00:00,,,true
02f303ba-7848-41bf-8744-e16974bb08e8,550e8400-e29b-41d4-a716-446655440056,17802,0000017802,2266b0e2-0dbc-4f7d-8f88-0bbcf90d2aad,TXN-60612,60612,3,"Manila city, Jabonga, Agusan Del Norte",Maya,paid,Delivered,scheduled,148.14,84.28,0,639.68,,,"{""source"":""web-checkout""}",2025-10-22T10:04:31.844354+00:00,2026-05-22T18:44:41.235363+00:00,,,true
f523fb35-2f67-4b48-9971-5e296433b602,550e8400-e29b-41d4-a716-446655440033,18179,0000018179,b2468900-942c-4f66-b227-969ff30830f4,TXN-60822,60822,3,"Quezon city greenfields, Quezon City, Metro Manila",GCash,paid,Processing,scheduled,402.87,224.13,35.11,497.13,,,"{""source"":""web-checkout""}",2025-10-22T09:56:59.903377+00:00,2026-05-22T18:44:41.235363+00:00,,,true
7b133646-81ca-4c52-a9fe-54667cacd61f,550e8400-e29b-41d4-a716-446655440040,18336,0000018336,e8b7804b-e6de-411e-a26e-af6039492854,TXN-61122,61122,3,"Pickup at Branch 3, Quezon Avenue, Quezon City",Credit / Debit Card,paid,In Transit,scheduled,376.11,189.75,24.42,249.75,,,"{""source"":""web-checkout""}",2025-10-22T09:47:21.576687+00:00,2026-05-22T18:44:41.235363+00:00,,,true
cb6dbbe1-cc5d-4a25-be60-32e2497bfa20,550e8400-e29b-41d4-a716-446655440021,18067,0000018067,8cb75d65-0b74-4d67-8abb-3d0c3eb5079e,TXN-60879,60879,3,"Manila city, Jabonga, Agusan Del Norte",GCash,paid,Delivered,scheduled,427.72,201.1,0,249.28,,,"{""source"":""web-checkout""}",2025-10-22T06:27:50.214066+00:00,2026-05-22T18:44:41.235363+00:00,,,true
de7a858a-2dde-451e-8ae3-5f39267680cf,550e8400-e29b-41d4-a716-446655440012,18208,0000018208,bc9afa00-f1db-48d1-95fe-98e7fc737a97,TXN-61096,61096,3,"Miilionaires Village, Manila City, Metro Manila",Credit / Debit Card,failed,Cancelled,scheduled,332.45,192.34,0,313.16,,,"{""source"":""web-checkout""}",2025-10-22T03:15:46.741537+00:00,2026-05-23T06:26:46.624031+00:00,Cleaned up stale pending session,2026-05-23T06:26:46.624031+00:00,true
6b2686c6-3146-468b-a995-c8810a832b7f,550e8400-e29b-41d4-a716-446655440021,17867,0000017867,3898a2c5-8992-485d-9f39-fb04dfd21aa4,TXN-60942,60942,3,"Manila city, Jabonga, Agusan Del Norte",GCash,paid,Delivered,scheduled,425.36,101.91,11.38,428.79,,,"{""source"":""web-checkout""}",2025-10-22T02:50:19.025082+00:00,2026-05-22T18:44:41.235363+00:00,,,true
9662a44b-577e-49af-917b-daa409340bf8,550e8400-e29b-41d4-a716-446655440013,17909,0000017909,49388eb3-7fd2-45c7-8562-5ed011416cbc,TXN-61127,61127,3,"Quezon city greenfields, Quezon City, Metro Manila",Cash on Delivery,paid,Processing,scheduled,67.37,246.32,0,473.32,,,"{""source"":""web-checkout""}",2025-10-21T19:41:30.365253+00:00,2026-05-22T18:44:41.235363+00:00,,,true
9f54fcbe-8360-49d1-90af-0f3383b6e9e0,550e8400-e29b-41d4-a716-446655440049,17945,0000017945,57b51490-12b7-45b8-a42f-6d5add332ca5,TXN-60534,60534,3,"Blk 454 lot23, Malita, Davao Occidental",Cash on Delivery,paid,Processing,scheduled,133.88,86.7,41.17,282.21,,,"{""source"":""web-checkout""}",2025-10-21T04:30:54.002422+00:00,2026-05-22T18:44:41.235363+00:00,,,true
c4efc7e7-322c-453f-8238-1b867fee8ed6,550e8400-e29b-41d4-a716-446655440027,18073,0000018073,8ecf75c3-039f-4d9e-b2ee-a2b12b414f5f,TXN-60780,60780,3,"Miilionaires Village, Manila City, Metro Manila",Cash on Delivery,failed,Cancelled,scheduled,307.94,131.08,30.35,558.98,,,"{""source"":""web-checkout""}",2025-10-20T17:22:17.127104+00:00,2026-05-23T06:26:46.624031+00:00,Cleaned up stale pending session,2026-05-23T06:26:46.624031+00:00,true
bb568e49-e2be-4807-b351-764271b61b8d,550e8400-e29b-41d4-a716-446655440044,17940,0000017940,53d46647-b853-4397-bed4-78bd2b4f513c,TXN-61169,61169,3,"Blk 454 lot23, Malita, Davao Occidental",Credit / Debit Card,paid,Processing,scheduled,226.15,93.6,0,380.34,,,"{""source"":""web-checkout""}",2025-10-20T11:47:41.013341+00:00,2026-05-22T18:44:41.235363+00:00,,,true
c02f8122-0234-4a79-bb05-ebfbbbc40f79,550e8400-e29b-41d4-a716-446655440048,18194,0000018194,b577c1b9-da9d-43a1-841f-a3e36b0a4f70,TXN-60632,60632,3,"Quezon city greenfields, Quezon City, Metro Manila",Maya,paid,Processing,claim_at_branch,275.11,113.64,0,125.59,,,"{""source"":""web-checkout""}",2025-10-20T09:31:31.370918+00:00,2026-05-22T18:44:41.235363+00:00,,,true
48120fed-2418-43ac-bbc6-71009fb82c1c,550e8400-e29b-41d4-a716-446655440037,18083,0000018083,91ca12df-18e4-4466-82b3-eb63dea36ac8,TXN-60809,60809,3,"Miilionaires Village, Manila City, Metro Manila",GCash,paid,Cancelled,scheduled,85.86,75.3,0,693.51,,,"{""source"":""web-checkout""}",2025-10-19T16:10:19.98703+00:00,2026-05-22T18:44:41.235363+00:00,,,true
b10338b1-32ca-4468-9f05-31e5e049c32a,550e8400-e29b-41d4-a716-446655440032,18328,0000018328,e5e77170-528f-4038-8dd7-31eb6ae1d21f,TXN-60846,60846,3,"Miilionaires Village, Manila City, Metro Manila",Credit / Debit Card,paid,Cancelled,scheduled,312.71,194.96,0,244.8,,,"{""source"":""web-checkout""}",2025-10-19T11:23:00.44544+00:00,2026-05-22T18:44:41.235363+00:00,,,true
d08f00cb-d20d-46c4-a85b-58bec82bdeca,550e8400-e29b-41d4-a716-446655440055,18101,0000018101,96153253-b2a4-47c8-b6f0-6a3b48d424c3,TXN-60778,60778,3,"Pickup at Branch 3, Quezon Avenue, Quezon City",Cash on Delivery,paid,In Transit,claim_at_branch,251.56,205.55,38.62,594.94,,,"{""source"":""web-checkout""}",2025-10-19T11:07:22.986512+00:00,2026-05-22T18:44:41.235363+00:00,,,true
2c3db16d-eb1b-4d47-92a2-20c7edc65202,550e8400-e29b-41d4-a716-446655440023,17719,0000017719,02df2a69-e45b-4328-928f-381801e115fb,TXN-61146,61146,3,"Quezon city greenfields, Quezon City, Metro Manila",GCash,paid,Processing,claim_at_branch,276.47,122.42,0,497.02,,,"{""source"":""web-checkout""}",2025-10-18T22:08:56.159825+00:00,2026-05-22T18:44:41.235363+00:00,,,true
680824c9-af82-44b2-958c-edf1472a816e,550e8400-e29b-41d4-a716-446655440059,18255,0000018255,c96061b0-22cc-4211-b2df-d18e98d7c5f7,TXN-61024,61024,3,"Blk 454 lot23, Malita, Davao Occidental",GCash,paid,Processing,claim_at_branch,312.47,106.85,0,595.09,,,"{""source"":""web-checkout""}",2025-10-18T19:16:23.553127+00:00,2026-05-22T18:44:41.235363+00:00,,,true
b5f56d7b-c349-45dd-9e01-ddc3ca4cc19e,550e8400-e29b-41d4-a716-446655440052,18148,0000018148,a6f31ff7-eac5-42a3-a4fe-3c99a3dc265a,TXN-60593,60593,3,"Miilionaires Village, Manila City, Metro Manila",Credit / Debit Card,paid,Cancelled,scheduled,91.19,230.06,0,430.18,,,"{""source"":""web-checkout""}",2025-10-18T16:47:14.338146+00:00,2026-05-22T18:44:41.235363+00:00,,,true
66da0a91-4c3c-41e3-b2f9-e69c28658aa3,550e8400-e29b-41d4-a716-446655440045,17991,0000017991,6d0c8d4e-f06d-4125-abdb-f09b3495906b,TXN-60797,60797,3,"Pickup at Branch 3, Quezon Avenue, Quezon City",GCash,paid,In Transit,claim_at_branch,161.71,78.97,0,621.57,,,"{""source"":""web-checkout""}",2025-10-18T08:08:21.865539+00:00,2026-05-22T18:44:41.235363+00:00,,,true
ed97657f-bae0-4ec8-b778-bc582de9e378,550e8400-e29b-41d4-a716-446655440039,18235,0000018235,c416b2a6-898e-4b4c-97fa-4d3ce640d2c7,TXN-60575,60575,3,"Blk 454 lot23, Malita, Davao Occidental",GCash,paid,Processing,scheduled,199.01,159.58,0,286.01,,,"{""source"":""web-checkout""}",2025-10-17T22:07:31.348118+00:00,2026-05-22T18:44:41.235363+00:00,,,true
b3117f16-7b53-4478-a6fb-5cf62caa317e,550e8400-e29b-41d4-a716-446655440052,17898,0000017898,42e4adeb-e293-4a1e-b034-3fe94d007755,TXN-60725,60725,3,"Miilionaires Village, Manila City, Metro Manila",Maya,paid,Cancelled,scheduled,444,224.35,0,532.71,,,"{""source"":""web-checkout""}",2025-10-17T18:11:01.400992+00:00,2026-05-22T18:44:41.235363+00:00,,,true
e70f6e53-a876-4cd2-aefe-428ce8c3e59d,550e8400-e29b-41d4-a716-446655440054,17800,0000017800,223da72b-fb2c-4302-8a6c-ceee360820ba,TXN-60691,60691,3,"Blk 454 lot23, Malita, Davao Occidental",Credit / Debit Card,paid,Processing,scheduled,125.36,150.61,0,272.72,,,"{""source"":""web-checkout""}",2025-10-17T15:26:23.836619+00:00,2026-05-22T18:44:41.235363+00:00,,,true
8a15a9f4-fab9-46ee-ab4c-3fbfa3c9a73c,550e8400-e29b-41d4-a716-446655440020,17766,0000017766,15107935-8708-4652-a7f0-b6c5a0ee0770,TXN-60710,60710,3,"Pickup at Branch 3, Quezon Avenue, Quezon City",Maya,paid,In Transit,scheduled,56.55,222.13,0,184.84,,,"{""source"":""web-checkout""}",2025-10-17T10:46:45.425826+00:00,2026-05-22T18:44:41.235363+00:00,,,true
f1d97cab-8e0d-451b-875b-99cfdd7097f1,550e8400-e29b-41d4-a716-446655440033,17829,0000017829,2a45dbbe-0b7a-469d-91a8-8b517701816e,TXN-60840,60840,3,"Quezon city greenfields, Quezon City, Metro Manila",Cash on Delivery,paid,Processing,scheduled,118.35,194.47,0,184.61,,,"{""source"":""web-checkout""}",2025-10-17T09:39:23.210425+00:00,2026-05-22T18:44:41.235363+00:00,,,true
66599288-372a-4dcf-b881-9028b03e00c0,550e8400-e29b-41d4-a716-446655440030,18026,0000018026,79964388-75fe-424b-9fe9-eefa9eece30a,TXN-60523,60523,3,"Pickup at Branch 3, Quezon Avenue, Quezon City",Maya,paid,In Transit,scheduled,69.78,99.46,0,311.35,,,"{""source"":""web-checkout""}",2025-10-17T03:49:33.407659+00:00,2026-05-22T18:44:41.235363+00:00,,,true
18194a93-7f96-49b6-9e63-b69d2a9cc1c0,550e8400-e29b-41d4-a716-446655440017,18063,0000018063,8ae331ec-7e57-45da-8127-db12421640f8,TXN-61070,61070,3,"Miilionaires Village, Manila City, Metro Manila",GCash,paid,Cancelled,claim_at_branch,305.51,203.09,0,269.82,,,"{""source"":""web-checkout""}",2025-10-16T22:14:11.164407+00:00,2026-05-22T18:44:41.235363+00:00,,,true
b39b8e8d-88aa-4435-a823-6c8f13041040,550e8400-e29b-41d4-a716-446655440018,18014,0000018014,76271b7c-c619-484f-9f22-739e4c70f0d9,TXN-61009,61009,3,"Quezon city greenfields, Quezon City, Metro Manila",Maya,paid,Processing,claim_at_branch,336.71,196.09,0,605.22,,,"{""source"":""web-checkout""}",2025-10-16T16:58:39.847381+00:00,2026-05-22T18:44:41.235363+00:00,,,true
e23c30d4-efec-4778-8153-1281f9305bd6,550e8400-e29b-41d4-a716-446655440026,18072,0000018072,8eb39055-5fbc-4589-824b-6bff5f3ff083,TXN-60854,60854,3,"Manila city, Jabonga, Agusan Del Norte",Credit / Debit Card,paid,Delivered,claim_at_branch,91.36,187.05,0,296.21,,,"{""source"":""web-checkout""}",2025-10-16T14:29:17.914434+00:00,2026-05-22T18:44:41.235363+00:00,,,true
4ce26fcb-6b66-4fab-bef4-d0f40d86d2b9,550e8400-e29b-41d4-a716-446655440044,18140,0000018140,a436400d-d4c8-40d9-8a61-37afda8e259e,TXN-61152,61152,3,"Blk 454 lot23, Malita, Davao Occidental",Credit / Debit Card,paid,Processing,scheduled,167.73,208.98,0,241.36,,,"{""source"":""web-checkout""}",2025-10-16T12:04:54.5267+00:00,2026-05-22T18:44:41.235363+00:00,,,true
47ef8830-da0f-4014-b3ad-b3ba0ec411fb,550e8400-e29b-41d4-a716-446655440016,18362,0000018362,f1f06c81-fcae-4b35-8e2d-f077ba96ad52,TXN-60616,60616,3,"Manila city, Jabonga, Agusan Del Norte",Maya,paid,Delivered,claim_at_branch,189.39,186.84,4.08,643.97,,,"{""source"":""web-checkout""}",2025-10-16T10:43:17.821861+00:00,2026-05-22T18:44:41.235363+00:00,,,true
98197455-758f-415f-9426-650c1a950d48,550e8400-e29b-41d4-a716-446655440022,18168,0000018168,adafa1c3-2380-4881-9c93-6faac7db25ce,TXN-61099,61099,3,"Miilionaires Village, Manila City, Metro Manila",Credit / Debit Card,paid,Cancelled,scheduled,99.02,219.05,0,324.97,,,"{""source"":""web-checkout""}",2025-10-16T03:00:37.653214+00:00,2026-05-22T18:44:41.235363+00:00,,,true
69b3a0b8-b42c-4955-87f0-5a978c6cbd0d,550e8400-e29b-41d4-a716-446655440037,18183,0000018183,b2ab69b1-6258-42b6-a706-90d23899adbe,TXN-60665,60665,3,"Miilionaires Village, Manila City, Metro Manila",GCash,paid,Cancelled,scheduled,303.63,218,0,105.54,,,"{""source"":""web-checkout""}",2025-10-15T20:13:38.325721+00:00,2026-05-22T18:44:41.235363+00:00,,,true
8417b00b-e4ee-4efe-8898-145c0f0d893b,550e8400-e29b-41d4-a716-446655440045,17791,0000017791,1ebe54c5-1c5f-4ca1-8720-89d222d87d9b,TXN-60728,60728,3,"Pickup at Branch 3, Quezon Avenue, Quezon City",GCash,failed,Cancelled,scheduled,313.3,65.27,0,130.24,,,"{""source"":""web-checkout""}",2025-10-15T03:19:32.448328+00:00,2026-05-23T06:26:46.624031+00:00,Cleaned up stale pending session,2026-05-23T06:26:46.624031+00:00,true
58c8abdb-bd48-4542-80fc-e3f0f5082ac6,550e8400-e29b-41d4-a716-446655440016,18162,0000018162,ac14d98a-821d-4ec4-b2ad-c8e6f7a4efab,TXN-60715,60715,3,"Manila city, Jabonga, Agusan Del Norte",Maya,failed,Cancelled,scheduled,65.65,150.27,0,223.91,,,"{""source"":""web-checkout""}",2025-10-14T21:59:19.385337+00:00,2026-05-23T06:26:46.624031+00:00,Cleaned up stale pending session,2026-05-23T06:26:46.624031+00:00,true
1c56d69c-95c9-429b-b77c-84e59543041e,550e8400-e29b-41d4-a716-446655440057,18253,0000018253,c8a48441-0601-4f29-8652-f7e3e7c745df,TXN-60982,60982,3,"Miilionaires Village, Manila City, Metro Manila",Cash on Delivery,paid,Cancelled,scheduled,125.82,161.52,0,531.35,,,"{""source"":""web-checkout""}",2025-10-14T21:46:42.245705+00:00,2026-05-22T18:44:41.235363+00:00,,,true
dab266b2-53d5-40a4-8140-b2a926ff0c23,550e8400-e29b-41d4-a716-446655440037,17833,0000017833,2b733271-45a1-4121-a82f-30f7ec51afbb,TXN-60583,60583,3,"Miilionaires Village, Manila City, Metro Manila",Cash on Delivery,paid,Cancelled,scheduled,192.26,54.29,0,534.63,,,"{""source"":""web-checkout""}",2025-10-14T03:16:09.520899+00:00,2026-05-22T18:44:41.235363+00:00,,,true
db722afb-be81-4240-b2f8-5200c333c1a3,550e8400-e29b-41d4-a716-446655440058,18304,0000018304,dd80329b-04a8-4811-a419-c33bf39d2b4d,TXN-60947,60947,3,"Quezon city greenfields, Quezon City, Metro Manila",Credit / Debit Card,paid,Processing,scheduled,54.48,141.13,0,187.52,,,"{""source"":""web-checkout""}",2025-10-14T02:57:01.762116+00:00,2026-05-22T18:44:41.235363+00:00,,,true
3a623801-5cb1-460e-878f-14ea0e5c7383,550e8400-e29b-41d4-a716-446655440051,18397,0000018397,fc465c9b-2137-4e33-940c-74c57902203e,TXN-61072,61072,3,"Manila city, Jabonga, Agusan Del Norte",Cash on Delivery,paid,Delivered,scheduled,346.99,64.45,0,166.9,,,"{""source"":""web-checkout""}",2025-10-13T03:35:39.110741+00:00,2026-05-22T18:44:41.235363+00:00,,,true
dbaf62ef-a56f-4d18-9929-7999dab1eb85,550e8400-e29b-41d4-a716-446655440027,18123,0000018123,9d6030cc-568b-4395-aeff-6cef3789c850,TXN-60945,60945,3,"Miilionaires Village, Manila City, Metro Manila",GCash,paid,Cancelled,scheduled,436.02,81.33,0,410.13,,,"{""source"":""web-checkout""}",2025-10-12T22:52:56.934148+00:00,2026-05-22T18:44:41.235363+00:00,,,true
05926eed-112b-4553-b1ca-514894997be1,550e8400-e29b-41d4-a716-446655440055,18251,0000018251,c851fd1e-3719-4e3c-8f6c-9321738a7834,TXN-60617,60617,3,"Pickup at Branch 3, Quezon Avenue, Quezon City",GCash,paid,In Transit,scheduled,118.14,51.68,0,265.62,,,"{""source"":""web-checkout""}",2025-10-12T21:53:23.339132+00:00,2026-05-22T18:44:41.235363+00:00,,,true
2168e452-c559-42c0-8dc2-fe0d61351441,550e8400-e29b-41d4-a716-446655440048,18344,0000018344,ec8cd020-578e-4cca-b1df-70f03eabc6eb,TXN-60799,60799,3,"Quezon city greenfields, Quezon City, Metro Manila",Credit / Debit Card,paid,Processing,scheduled,103.13,69.18,0,456.76,,,"{""source"":""web-checkout""}",2025-10-12T21:46:01.69033+00:00,2026-05-22T18:44:41.235363+00:00,,,true
fce77d45-e3b2-486c-9659-0f8e16eb626b,550e8400-e29b-41d4-a716-446655440018,17714,0000017714,01066ef4-bb14-48c2-9a0f-6a424cf15df3,TXN-60537,60537,3,"Quezon city greenfields, Quezon City, Metro Manila",Maya,paid,Processing,scheduled,306.22,183.44,0,189.42,,,"{""source"":""web-checkout""}",2025-10-12T18:37:17.082896+00:00,2026-05-22T18:44:41.235363+00:00,,,true
821e2487-9a77-48f6-8bce-e75e89631cdd,550e8400-e29b-41d4-a716-446655440010,18256,0000018256,c9b80ff0-4c0a-42a5-a89e-c5f3c84c49cf,TXN-60643,60643,3,"Pickup at Branch 3, Quezon Avenue, Quezon City",Credit / Debit Card,paid,In Transit,scheduled,193.89,57.08,0,148.22,,,"{""source"":""web-checkout""}",2025-10-12T01:41:33.715854+00:00,2026-05-22T18:44:41.235363+00:00,,,true
ea29f481-7f77-42cb-a55d-b12220c4e828,550e8400-e29b-41d4-a716-446655440043,17839,0000017839,2db02259-20c7-4c68-a506-c5a0df8b2167,TXN-60828,60828,3,"Quezon city greenfields, Quezon City, Metro Manila",GCash,paid,Processing,claim_at_branch,145.58,203.98,0,558.87,,,"{""source"":""web-checkout""}",2025-10-11T20:42:18.122382+00:00,2026-05-22T18:44:41.235363+00:00,,,true
210d0fed-5696-44f7-9307-1fd406a7d994,550e8400-e29b-41d4-a716-446655440039,17885,0000017885,3dd89439-ba9c-4522-8bad-3a3bab46ff57,TXN-60517,60517,3,"Blk 454 lot23, Malita, Davao Occidental",Cash on Delivery,paid,Processing,claim_at_branch,336.4,236.74,0,696.92,,,"{""source"":""web-checkout""}",2025-10-11T07:45:08.136879+00:00,2026-05-22T18:44:41.235363+00:00,,,true
db96d635-c9a6-4366-979e-314fa060a4ad,550e8400-e29b-41d4-a716-446655440043,18039,0000018039,802eacc8-ee30-4582-879a-74cc458ba949,TXN-60651,60651,3,"Quezon city greenfields, Quezon City, Metro Manila",GCash,paid,Processing,scheduled,207.14,63.09,0,212.3,,,"{""source"":""web-checkout""}",2025-10-11T02:49:34.573821+00:00,2026-05-22T18:44:41.235363+00:00,,,true
fdd96733-785b-4d98-bcd0-f9adcec0870e,550e8400-e29b-41d4-a716-446655440019,17915,0000017915,4b5647b9-f9a8-49d0-b2e7-ac1c4db96a0e,TXN-60810,60810,3,"Blk 454 lot23, Malita, Davao Occidental",GCash,paid,Processing,claim_at_branch,98.5,60.41,33.93,676.81,,,"{""source"":""web-checkout""}",2025-10-10T22:24:39.331347+00:00,2026-05-22T18:44:41.235363+00:00,,,true
d03bb9e9-8d2f-420d-8323-13d467bb4c3d,550e8400-e29b-41d4-a716-446655440057,17903,0000017903,45a3af58-88e3-45de-93f8-87164acce369,TXN-60900,60900,3,"Miilionaires Village, Manila City, Metro Manila",GCash,failed,Cancelled,claim_at_branch,103.45,60.3,0,202.57,,,"{""source"":""web-checkout""}",2025-10-10T17:35:53.964085+00:00,2026-05-23T06:26:46.624031+00:00,Cleaned up stale pending session,2026-05-23T06:26:46.624031+00:00,true
b19c4299-c1ef-499b-a5d7-4377415de616,550e8400-e29b-41d4-a716-446655440039,17835,0000017835,2c78ca76-fbc1-4e27-a235-8754f609f982,TXN-60798,60798,3,"Blk 454 lot23, Malita, Davao Occidental",GCash,failed,Cancelled,scheduled,231.85,147.22,15.39,570.51,,,"{""source"":""web-checkout""}",2025-10-10T13:03:37.587336+00:00,2026-05-23T06:26:46.624031+00:00,Cleaned up stale pending session,2026-05-23T06:26:46.624031+00:00,true
88226dbe-8d4c-4ef1-8d30-98bc18584ed6,550e8400-e29b-41d4-a716-446655440034,18180,0000018180,b2616fb5-93ec-4e68-b7ba-47488b01193a,TXN-60930,60930,3,"Blk 454 lot23, Malita, Davao Occidental",Credit / Debit Card,paid,Processing,claim_at_branch,347.86,104.71,0,320.21,,,"{""source"":""web-checkout""}",2025-10-10T11:39:16.257411+00:00,2026-05-22T18:44:41.235363+00:00,,,true
10429184-a0d8-4d9f-ac20-b11d71f1e06e,550e8400-e29b-41d4-a716-446655440039,18185,0000018185,b3235588-c0b4-426c-a562-e48a0318e204,TXN-61076,61076,3,"Blk 454 lot23, Malita, Davao Occidental",Cash on Delivery,failed,Cancelled,scheduled,210.89,152.93,0,622.39,,,"{""source"":""web-checkout""}",2025-10-09T18:37:17.901571+00:00,2026-05-23T06:26:46.624031+00:00,Cleaned up stale pending session,2026-05-23T06:26:46.624031+00:00,true
373da44e-96f7-49fe-a0d2-feb20c5c1156,550e8400-e29b-41d4-a716-446655440033,17729,0000017729,05489a7b-0a3c-479d-a7bd-4d6b751eee19,TXN-60520,60520,3,"Quezon city greenfields, Quezon City, Metro Manila",Cash on Delivery,paid,Processing,scheduled,394.41,164.5,29.05,530.61,,,"{""source"":""web-checkout""}",2025-10-09T08:02:07.540918+00:00,2026-05-22T18:44:41.235363+00:00,,,true
0568585c-fc6a-4f5a-bcf3-d7b7bdbdf475,550e8400-e29b-41d4-a716-446655440031,18227,0000018227,c1c906dd-895e-424c-a9d7-284c3e5aabe8,TXN-61188,61188,3,"Manila city, Jabonga, Agusan Del Norte",GCash,paid,Delivered,claim_at_branch,163.8,96.72,28.71,680.89,,,"{""source"":""web-checkout""}",2025-10-08T04:23:58.259867+00:00,2026-05-22T18:44:41.235363+00:00,,,true
28d798b4-48e6-451f-9963-881dfa0dfc3b,550e8400-e29b-41d4-a716-446655440011,17857,0000017857,34555311-3417-4bb5-af21-cc56af9e8bc7,TXN-61032,61032,3,"Manila city, Jabonga, Agusan Del Norte",Cash on Delivery,paid,Delivered,scheduled,167.5,76.62,0,425.76,,,"{""source"":""web-checkout""}",2025-10-08T03:01:20.867684+00:00,2026-05-22T18:44:41.235363+00:00,,,true
c6791420-31b5-4cd4-97cc-2efd6d9a6b84,550e8400-e29b-41d4-a716-446655440052,17798,0000017798,206941df-77e5-4f41-aced-3bcd518f68bd,TXN-60850,60850,3,"Miilionaires Village, Manila City, Metro Manila",Maya,paid,Cancelled,scheduled,157.56,241.48,0,573.8,,,"{""source"":""web-checkout""}",2025-10-07T19:12:08.150215+00:00,2026-05-22T18:44:41.235363+00:00,,,true
ea50fee7-30e6-4e3e-8fda-84bd392c11d4,550e8400-e29b-41d4-a716-446655440015,18311,0000018311,e01cb12f-bdd1-4ff0-9619-921a10cdd8f0,TXN-60510,60510,3,"Pickup at Branch 3, Quezon Avenue, Quezon City",GCash,paid,In Transit,scheduled,64.3,114.3,41.9,346.74,,,"{""source"":""web-checkout""}",2025-10-07T09:00:59.33338+00:00,2026-05-22T18:44:41.235363+00:00,,,true
3adaaca3-e775-4598-bfac-65930c46eb3b,550e8400-e29b-41d4-a716-446655440032,17878,0000017878,3b5bafb3-8e59-4598-9b19-3cf33e15c110,TXN-60653,60653,3,"Miilionaires Village, Manila City, Metro Manila",Maya,paid,Cancelled,claim_at_branch,104.93,219.6,15.3,501.29,,,"{""source"":""web-checkout""}",2025-10-07T04:44:22.62618+00:00,2026-05-22T18:44:41.235363+00:00,,,true
47ee8938-317b-4bc0-a086-31e575fb1699,550e8400-e29b-41d4-a716-446655440047,17893,0000017893,40f40cea-2d75-4362-8784-33e8414fc1d0,TXN-60750,60750,3,"Miilionaires Village, Manila City, Metro Manila",Cash on Delivery,paid,Cancelled,claim_at_branch,294.56,205.98,0,406.64,,,"{""source"":""web-checkout""}",2025-10-07T00:20:35.172094+00:00,2026-05-22T18:44:41.235363+00:00,,,true
62860bfa-26f1-4d24-9a39-97f7d238dd09,550e8400-e29b-41d4-a716-446655440041,17737,0000017737,0784cf96-1066-4831-be88-7305691e7f14,TXN-61162,61162,3,"Manila city, Jabonga, Agusan Del Norte",Cash on Delivery,failed,Cancelled,claim_at_branch,76.81,229.89,38.04,584.16,,,"{""source"":""web-checkout""}",2025-10-04T17:56:30.708533+00:00,2026-05-23T06:26:46.624031+00:00,Cleaned up stale pending session,2026-05-23T06:26:46.624031+00:00,true
d9e4b958-65f0-4b87-a0d8-ce07b83c23d0,550e8400-e29b-41d4-a716-446655440042,17938,0000017938,52677fac-5bbe-4f6c-9f5b-d4fbf1f6e8e3,TXN-60940,60940,3,"Miilionaires Village, Manila City, Metro Manila",Maya,paid,Cancelled,claim_at_branch,73.25,131.24,0,133.34,,,"{""source"":""web-checkout""}",2025-10-04T00:19:57.830857+00:00,2026-05-22T18:44:41.235363+00:00,,,true
50b2192f-8162-4efc-823b-7924a862300a,550e8400-e29b-41d4-a716-446655440010,18056,0000018056,869a90a7-61d8-4998-b6a5-3e7b6a5bfcd7,TXN-60513,60513,3,"Pickup at Branch 3, Quezon Avenue, Quezon City",Credit / Debit Card,paid,In Transit,scheduled,402.41,179.22,0,515.15,,,"{""source"":""web-checkout""}",2025-10-03T21:21:04.90015+00:00,2026-05-22T18:44:41.235363+00:00,,,true
4aea6d8a-0de8-4a07-b7c0-01e56f6e812c,550e8400-e29b-41d4-a716-446655440027,17923,0000017923,4ef37589-66be-472b-a8e4-12edbda753e4,TXN-60889,60889,3,"Miilionaires Village, Manila City, Metro Manila",GCash,paid,Cancelled,scheduled,90.04,97.01,0,450.42,,,"{""source"":""web-checkout""}",2025-10-03T16:47:04.366356+00:00,2026-05-22T18:44:41.235363+00:00,,,true
35dd68c3-3087-4ff8-be41-5a454e53e3c7,550e8400-e29b-41d4-a716-446655440018,17764,0000017764,1406100d-2c4a-4d09-b73e-9c2358a31db2,TXN-61107,61107,3,"Quezon city greenfields, Quezon City, Metro Manila",Credit / Debit Card,paid,Processing,scheduled,400.93,86.4,0,620.79,,,"{""source"":""web-checkout""}",2025-10-02T19:07:40.917528+00:00,2026-05-22T18:44:41.235363+00:00,,,true
20ba2122-63da-402f-8246-e29d203b03f4,550e8400-e29b-41d4-a716-446655440039,17985,0000017985,6aee4dcb-dc08-4fe9-99bf-d25ba019479e,TXN-60542,60542,3,"Blk 454 lot23, Malita, Davao Occidental",Cash on Delivery,paid,Processing,scheduled,352.85,126.35,0,467.92,,,"{""source"":""web-checkout""}",2025-10-02T17:55:45.070014+00:00,2026-05-22T18:44:41.235363+00:00,,,true
4303a728-ae01-42ea-8b91-bec2c033232e,550e8400-e29b-41d4-a716-446655440051,18347,0000018347,ed0de0c8-3752-4526-8055-c793a88e6956,TXN-60773,60773,3,"Manila city, Jabonga, Agusan Del Norte",GCash,paid,Delivered,claim_at_branch,360.29,211.91,37.77,406.98,,,"{""source"":""web-checkout""}",2025-10-02T14:11:37.73944+00:00,2026-05-22T18:44:41.235363+00:00,,,true
01e68ddb-959c-4a32-a53c-05c2c3630e2e,550e8400-e29b-41d4-a716-446655440020,17916,0000017916,4b89e7df-ff6e-4d8e-89f3-7353e9efdabe,TXN-60638,60638,3,"Pickup at Branch 3, Quezon Avenue, Quezon City",Credit / Debit Card,paid,In Transit,scheduled,144.98,225.16,0,474.29,,,"{""source"":""web-checkout""}",2025-10-02T13:56:34.408811+00:00,2026-05-22T18:44:41.235363+00:00,,,true
c5c23395-a881-4688-abcf-c212250ce24d,550e8400-e29b-41d4-a716-446655440025,18271,0000018271,d0dedd8d-aeec-4d6d-ab13-5517aef834d6,TXN-61001,61001,3,"Pickup at Branch 3, Quezon Avenue, Quezon City",GCash,paid,In Transit,scheduled,171.09,233.37,0,336.79,,,"{""source"":""web-checkout""}",2025-10-02T07:21:25.710711+00:00,2026-05-22T18:44:41.235363+00:00,,,true
27718be7-a25d-4d95-8458-bddd86a31b8b,550e8400-e29b-41d4-a716-446655440051,18197,0000018197,b7d7bb06-69fa-41c1-b6a4-55ac653a1412,TXN-61102,61102,3,"Manila city, Jabonga, Agusan Del Norte",Cash on Delivery,paid,Delivered,claim_at_branch,177.09,88.99,0,377.96,,,"{""source"":""web-checkout""}",2025-10-01T08:58:44.088275+00:00,2026-05-22T18:44:41.235363+00:00,,,true
4d3c3376-4881-40ff-adca-0bff63b9a5df,550e8400-e29b-41d4-a716-446655440035,17881,0000017881,3c7a5da3-e5a0-4ccb-95c6-eb12ff48afe5,TXN-61050,61050,3,"Pickup at Branch 3, Quezon Avenue, Quezon City",Cash on Delivery,paid,In Transit,claim_at_branch,376.32,91.89,0,308.5,,,"{""source"":""web-checkout""}",2025-10-01T07:35:47.072034+00:00,2026-05-22T18:44:41.235363+00:00,,,true
c3f4c872-8c7d-4c60-8c7e-bb8d4e9dcac1,550e8400-e29b-41d4-a716-446655440012,18008,0000018008,73f5801a-dd40-49f7-b91c-547980a799cf,TXN-60899,60899,3,"Miilionaires Village, Manila City, Metro Manila",Credit / Debit Card,paid,Cancelled,claim_at_branch,50.59,126.48,0,476.27,,,"{""source"":""web-checkout""}",2025-09-30T19:25:50.031177+00:00,2026-05-22T18:44:41.235363+00:00,,,true
943dbf07-50b7-49fe-9d05-756c4d829790,550e8400-e29b-41d4-a716-446655440024,17920,0000017920,4c8cd9f3-aa98-47b5-b602-be9d6cb62ad3,TXN-60965,60965,3,"Blk 454 lot23, Malita, Davao Occidental",Credit / Debit Card,paid,Processing,claim_at_branch,352.53,92.73,13.57,354.82,,,"{""source"":""web-checkout""}",2025-09-30T11:26:58.334012+00:00,2026-05-22T18:44:41.235363+00:00,,,true
d57bdd25-d8f8-46e1-b242-ed215dd04cb2,550e8400-e29b-41d4-a716-446655440029,17975,0000017975,66ecb3ba-ad56-4361-8d9f-4813eee54f6f,TXN-60880,60880,3,"Blk 454 lot23, Malita, Davao Occidental",GCash,paid,Processing,scheduled,320.37,148.23,0,194.51,,,"{""source"":""web-checkout""}",2025-09-30T07:11:47.178173+00:00,2026-05-22T18:44:41.235363+00:00,,,true
4e033563-3e7e-4688-a02d-bc192b49119f,550e8400-e29b-41d4-a716-446655440044,18190,0000018190,b47176cd-4318-400b-86a1-618d6febc671,TXN-60669,60669,3,"Blk 454 lot23, Malita, Davao Occidental",Maya,paid,Processing,claim_at_branch,105.74,155.51,0,529.75,,,"{""source"":""web-checkout""}",2025-09-30T02:19:23.095654+00:00,2026-05-22T18:44:41.235363+00:00,,,true
35049712-7f59-4edd-9b25-d0e315061970,550e8400-e29b-41d4-a716-446655440015,17811,0000017811,23e8682c-93e3-4af2-83a1-a34f8741dde0,TXN-60622,60622,3,"Pickup at Branch 3, Quezon Avenue, Quezon City",GCash,paid,In Transit,claim_at_branch,327.8,192.01,0,257.03,,,"{""source"":""web-checkout""}",2025-09-29T22:29:16.436287+00:00,2026-05-22T18:44:41.235363+00:00,,,true
301df2e5-4844-4088-be6f-12a2e80f7cba,550e8400-e29b-41d4-a716-446655440044,18390,0000018390,f8a0efdd-26d2-4361-9a71-cb217ea92a79,TXN-60952,60952,3,"Blk 454 lot23, Malita, Davao Occidental",Maya,paid,Processing,scheduled,243.25,52.69,0,648.66,,,"{""source"":""web-checkout""}",2025-09-29T22:00:21.33186+00:00,2026-05-22T18:44:41.235363+00:00,,,true
837c28e5-2a78-45d6-94f1-c0fd0f3c6102,550e8400-e29b-41d4-a716-446655440038,17884,0000017884,3d86d859-3398-49ee-88a6-1e4086f1a241,TXN-60956,60956,3,"Quezon city greenfields, Quezon City, Metro Manila",Credit / Debit Card,paid,Processing,claim_at_branch,300.24,59.98,0,410.17,,,"{""source"":""web-checkout""}",2025-09-29T14:23:46.020554+00:00,2026-05-22T18:44:41.235363+00:00,,,true
e049e6f7-9905-4db2-8bec-f28bb0754047,550e8400-e29b-41d4-a716-446655440049,17995,0000017995,6f9cf17b-5e53-4bbf-bccf-2df8e4047f40,TXN-61098,61098,3,"Blk 454 lot23, Malita, Davao Occidental",GCash,paid,Processing,scheduled,61.91,181.34,0,544.46,,,"{""source"":""web-checkout""}",2025-09-29T08:57:14.894063+00:00,2026-05-22T18:44:41.235363+00:00,,,true
10c1be42-79c5-4451-a8f7-dcc1596e5227,550e8400-e29b-41d4-a716-446655440016,18062,0000018062,8a92e430-d6bf-410b-a80c-897978c1c636,TXN-61083,61083,3,"Manila city, Jabonga, Agusan Del Norte",Maya,paid,Delivered,scheduled,98.37,184.09,0,283.39,,,"{""source"":""web-checkout""}",2025-09-28T12:09:14.866594+00:00,2026-05-22T18:44:41.235363+00:00,,,true
a34dce43-2a46-460d-b7db-fd17c9963215,550e8400-e29b-41d4-a716-446655440048,17944,0000017944,56e1ebe5-370b-4337-8769-b1b4cb3fa10f,TXN-60647,60647,3,"Quezon city greenfields, Quezon City, Metro Manila",Credit / Debit Card,paid,Processing,claim_at_branch,54.55,208.94,13.05,680.4,,,"{""source"":""web-checkout""}",2025-09-27T19:02:04.369152+00:00,2026-05-22T18:44:41.235363+00:00,,,true
831b1358-b07f-48ea-8122-81a3ebc9f8d0,550e8400-e29b-41d4-a716-446655440012,17908,0000017908,48e181e4-ce35-4cc1-bcb8-54ed44aa20a3,TXN-60635,60635,3,"Miilionaires Village, Manila City, Metro Manila",Credit / Debit Card,paid,Cancelled,claim_at_branch,112.43,92.48,0,629.58,,,"{""source"":""web-checkout""}",2025-09-27T18:46:35.380843+00:00,2026-05-22T18:44:41.235363+00:00,,,true
02382115-6a06-4143-aaa9-c15a5ff9d91d,550e8400-e29b-41d4-a716-446655440050,18246,0000018246,c6c83137-06b6-4b50-98d8-9b7ff3aa7037,TXN-61157,61157,3,"Pickup at Branch 3, Quezon Avenue, Quezon City",Maya,failed,Cancelled,scheduled,125.86,71.85,0,603.38,,,"{""source"":""web-checkout""}",2025-09-27T17:56:34.915117+00:00,2026-05-23T06:26:46.624031+00:00,Cleaned up stale pending session,2026-05-23T06:26:46.624031+00:00,true
4e3fc9b0-6d14-4a9a-91c6-bccb1382c85a,550e8400-e29b-41d4-a716-446655440039,18335,0000018335,e7f9618d-0881-4842-a21e-94961bb7da60,TXN-60741,60741,3,"Blk 454 lot23, Malita, Davao Occidental",GCash,failed,Cancelled,scheduled,208.73,199.41,0,516.29,,,"{""source"":""web-checkout""}",2025-09-27T15:04:33.898952+00:00,2026-05-23T06:26:46.624031+00:00,Cleaned up stale pending session,2026-05-23T06:26:46.624031+00:00,true
c918a745-2a23-4735-b903-f4752d93c6de,550e8400-e29b-41d4-a716-446655440010,17706,0000017706,002fdabe-471e-4cfa-bf81-463b23316ea6,TXN-60730,60730,3,"Pickup at Branch 3, Quezon Avenue, Quezon City",Maya,paid,In Transit,scheduled,59.55,242.08,0,190.22,,,"{""source"":""web-checkout""}",2025-09-27T03:46:18.608143+00:00,2026-05-22T18:44:41.235363+00:00,,,true
403f41a6-1c61-4a2c-a500-d951bf5cd548,550e8400-e29b-41d4-a716-446655440050,18346,0000018346,ecf9d81f-8204-4757-9ccc-e5c5864e9b2f,TXN-60675,60675,3,"Pickup at Branch 3, Quezon Avenue, Quezon City",Maya,paid,In Transit,claim_at_branch,381.21,75.03,0,507.35,,,"{""source"":""web-checkout""}",2025-09-27T02:39:26.595272+00:00,2026-05-22T18:44:41.235363+00:00,,,true
da667a25-6e3b-46ce-bd57-37e7c5953e35,550e8400-e29b-41d4-a716-446655440027,17973,0000017973,6525009f-3214-4fc2-97ef-33c473119515,TXN-60735,60735,3,"Miilionaires Village, Manila City, Metro Manila",Cash on Delivery,paid,Cancelled,claim_at_branch,77.81,218.44,0,433.65,,,"{""source"":""web-checkout""}",2025-09-26T22:14:47.351416+00:00,2026-05-22T18:44:41.235363+00:00,,,true
b9e9c73a-2611-4940-8088-b73706d5d3c6,550e8400-e29b-41d4-a716-446655440055,17901,0000017901,453e5500-9220-436a-a665-869de2a3cf8a,TXN-60529,60529,3,"Pickup at Branch 3, Quezon Avenue, Quezon City",Cash on Delivery,paid,In Transit,scheduled,396.59,155.99,0,122.02,,,"{""source"":""web-checkout""}",2025-09-26T21:37:42.03996+00:00,2026-05-22T18:44:41.235363+00:00,,,true
3c97bf45-1bc6-4c72-a029-d6ecb0416bb5,550e8400-e29b-41d4-a716-446655440022,17968,0000017968,62e8ff96-a168-420c-bb69-147ca22296e5,TXN-60815,60815,3,"Miilionaires Village, Manila City, Metro Manila",Credit / Debit Card,paid,Cancelled,scheduled,433.7,55.24,0,193.07,,,"{""source"":""web-checkout""}",2025-09-26T20:44:12.224478+00:00,2026-05-22T18:44:41.235363+00:00,,,true
5cec2a54-7175-4cfa-86c7-6fb5bfb3e49c,550e8400-e29b-41d4-a716-446655440017,18163,0000018163,ac209f51-b881-42ce-975d-03c7d4c72cc2,TXN-60673,60673,3,"Miilionaires Village, Manila City, Metro Manila",GCash,paid,Cancelled,claim_at_branch,345.57,57.6,0,213.58,,,"{""source"":""web-checkout""}",2025-09-26T17:36:27.678376+00:00,2026-05-22T18:44:41.235363+00:00,,,true
4161ff4c-30ea-410e-9ec7-9822b3029d92,550e8400-e29b-41d4-a716-446655440036,18332,0000018332,e6ca56b2-2332-4d29-b958-5c045f9755dd,TXN-61198,61198,3,"Manila city, Jabonga, Agusan Del Norte",Credit / Debit Card,paid,Delivered,scheduled,432.02,219.89,0,119.69,,,"{""source"":""web-checkout""}",2025-09-26T15:06:56.465367+00:00,2026-05-22T18:44:41.235363+00:00,,,true
058f25bf-a8d7-4bb4-b3c0-b778440760ef,550e8400-e29b-41d4-a716-446655440053,18249,0000018249,c8141e2c-8a4f-4036-9145-299945e50070,TXN-61193,61193,3,"Quezon city greenfields, Quezon City, Metro Manila",Cash on Delivery,paid,Processing,scheduled,420.95,249.49,0,556.25,,,"{""source"":""web-checkout""}",2025-09-26T12:12:48.198605+00:00,2026-05-22T18:44:41.235363+00:00,,,true
e9e3bedf-7db9-4be5-9f25-644bcde087e2,550e8400-e29b-41d4-a716-446655440048,18244,0000018244,c6399104-1e00-48d4-ad2b-30fee2eb6f5d,TXN-60571,60571,3,"Quezon city greenfields, Quezon City, Metro Manila",Credit / Debit Card,failed,Cancelled,scheduled,239.86,245.63,0,184.52,,,"{""source"":""web-checkout""}",2025-09-25T23:24:13.616408+00:00,2026-05-23T06:26:46.624031+00:00,Cleaned up stale pending session,2026-05-23T06:26:46.624031+00:00,true
d99439dc-d1e7-435f-849a-ae185ef954b2,550e8400-e29b-41d4-a716-446655440025,17971,0000017971,643fbfa4-f2f3-421b-b494-7c2d0e9f4f55,TXN-61110,61110,3,"Pickup at Branch 3, Quezon Avenue, Quezon City",GCash,paid,In Transit,scheduled,220.1,239.11,7.98,294.17,,,"{""source"":""web-checkout""}",2025-09-25T18:02:05.103766+00:00,2026-05-22T18:44:41.235363+00:00,,,true
7406baf1-a24d-4bf4-992b-14118489e32f,550e8400-e29b-41d4-a716-446655440022,17768,0000017768,161972b1-3a1d-4cfb-93fa-ac0abf0d55a9,TXN-60642,60642,3,"Miilionaires Village, Manila City, Metro Manila",Credit / Debit Card,paid,Cancelled,scheduled,350.17,66.44,0,302.53,,,"{""source"":""web-checkout""}",2025-09-23T21:28:27.277463+00:00,2026-05-22T18:44:41.235363+00:00,,,true
ebe5f569-9de5-41d2-a997-bfbac902bf6e,550e8400-e29b-41d4-a716-446655440021,17967,0000017967,62ce9079-2957-4b8c-b07b-82f23a5857f7,TXN-60860,60860,3,"Manila city, Jabonga, Agusan Del Norte",GCash,paid,Delivered,claim_at_branch,72.14,135.96,30.83,426.87,,,"{""source"":""web-checkout""}",2025-09-23T13:24:54.81669+00:00,2026-05-22T18:44:41.235363+00:00,,,true
8972b1b9-33b6-4baa-99f6-bc862527b48c,550e8400-e29b-41d4-a716-446655440017,18113,0000018113,99e534c9-b7af-43b9-a9f9-b34f7c8c28f0,TXN-60649,60649,3,"Miilionaires Village, Manila City, Metro Manila",Cash on Delivery,paid,Cancelled,claim_at_branch,218.43,248.3,25.37,242.43,,,"{""source"":""web-checkout""}",2025-09-23T11:33:04.660702+00:00,2026-05-22T18:44:41.235363+00:00,,,true
69903f14-54e7-4abb-8546-5824b59ce6b0,550e8400-e29b-41d4-a716-446655440029,18125,0000018125,9e559ece-a60a-4100-813e-fe0567af964f,TXN-60991,60991,3,"Blk 454 lot23, Malita, Davao Occidental",Cash on Delivery,paid,Processing,claim_at_branch,201.71,53.75,0,364.06,,,"{""source"":""web-checkout""}",2025-09-23T03:39:46.264568+00:00,2026-05-22T18:44:41.235363+00:00,,,true
9413734c-7cf4-4abf-86ba-360cbe5afe02,550e8400-e29b-41d4-a716-446655440056,18252,0000018252,c8a0039b-5036-4f7f-b2dd-5c95fafcbf1f,TXN-60545,60545,3,"Manila city, Jabonga, Agusan Del Norte",Credit / Debit Card,paid,Delivered,claim_at_branch,164.41,130.54,0,626.89,,,"{""source"":""web-checkout""}",2025-09-22T22:57:39.043714+00:00,2026-05-22T18:44:41.235363+00:00,,,true
c2ced99e-4ae0-4ce6-8c8d-35fffd92ab95,550e8400-e29b-41d4-a716-446655440020,18366,0000018366,f4001c9e-8dcc-4847-a1e5-c4d1cd49f264,TXN-60724,60724,3,"Pickup at Branch 3, Quezon Avenue, Quezon City",Maya,paid,In Transit,scheduled,182.31,51.78,0,263.86,,,"{""source"":""web-checkout""}",2025-09-22T15:15:31.42003+00:00,2026-05-22T18:44:41.235363+00:00,,,true
5fd411e3-a90f-4782-a340-2e178ac16465,550e8400-e29b-41d4-a716-446655440016,17862,0000017862,35e40639-f0f8-4c0d-a1b7-7eb62245f568,TXN-60881,60881,3,"Manila city, Jabonga, Agusan Del Norte",Maya,failed,Cancelled,claim_at_branch,98.16,118.48,4.34,354.69,,,"{""source"":""web-checkout""}",2025-09-22T10:51:54.338352+00:00,2026-05-23T06:26:46.624031+00:00,Cleaned up stale pending session,2026-05-23T06:26:46.624031+00:00,true
6826679f-b447-40cb-a154-f2b21959e819,550e8400-e29b-41d4-a716-446655440033,18329,0000018329,e5f227c0-60bc-4171-834b-2c4187cb35e8,TXN-60977,60977,3,"Quezon city greenfields, Quezon City, Metro Manila",Cash on Delivery,paid,Processing,scheduled,327.96,241.23,0,586.2,,,"{""source"":""web-checkout""}",2025-09-22T03:28:04.83876+00:00,2026-05-22T18:44:41.235363+00:00,,,true
5f6b08f0-51bc-4ec4-97b7-e022772fe96c,550e8400-e29b-41d4-a716-446655440021,18317,0000018317,e146a8e6-6a47-42e3-ad5b-9e3242b074be,TXN-61155,61155,3,"Manila city, Jabonga, Agusan Del Norte",Cash on Delivery,paid,Delivered,scheduled,251.1,232.22,0,222.83,,,"{""source"":""web-checkout""}",2025-09-21T20:47:08.207803+00:00,2026-05-22T18:44:41.235363+00:00,,,true
fd3aa10d-33fa-4fc3-8ca7-1a3896bd0038,550e8400-e29b-41d4-a716-446655440050,17746,0000017746,0a9e296e-f81c-4401-a572-6bf0d8016f57,TXN-60707,60707,3,"Pickup at Branch 3, Quezon Avenue, Quezon City",Maya,failed,Cancelled,scheduled,363.43,213.64,33.34,694.12,,,"{""source"":""web-checkout""}",2025-09-21T14:48:41.536997+00:00,2026-05-23T06:26:46.624031+00:00,Cleaned up stale pending session,2026-05-23T06:26:46.624031+00:00,true
3d37853e-9e0c-43ec-b719-18f7008401fe,550e8400-e29b-41d4-a716-446655440022,18018,0000018018,7765be1a-a5a4-4203-b655-25defc0834ac,TXN-60668,60668,3,"Miilionaires Village, Manila City, Metro Manila",Maya,paid,Cancelled,claim_at_branch,153.01,187.7,39.73,145.92,,,"{""source"":""web-checkout""}",2025-09-21T12:39:19.092903+00:00,2026-05-22T18:44:41.235363+00:00,,,true
9be52332-396f-46a4-bd9d-1010c32a07e3,550e8400-e29b-41d4-a716-446655440019,18265,0000018265,ccb514d5-f005-41ff-a7d5-1f6e6253456e,TXN-61133,61133,3,"Blk 454 lot23, Malita, Davao Occidental",Cash on Delivery,paid,Processing,scheduled,308.58,222.55,2.06,668.14,,,"{""source"":""web-checkout""}",2025-09-21T05:49:10.080712+00:00,2026-05-22T18:44:41.235363+00:00,,,true
0d907b13-a120-4e86-8748-cfebe805db5d,550e8400-e29b-41d4-a716-446655440021,17817,0000017817,263fd581-8cee-4711-a116-9bbc8eed6a19,TXN-60988,60988,3,"Manila city, Jabonga, Agusan Del Norte",Cash on Delivery,paid,Delivered,claim_at_branch,329.47,57.12,0,209.95,,,"{""source"":""web-checkout""}",2025-09-21T05:41:09.605002+00:00,2026-05-22T18:44:41.235363+00:00,,,true
39d4ec24-fb60-4c83-a6eb-50bd58938b57,550e8400-e29b-41d4-a716-446655440033,18029,0000018029,7ce6013f-da66-40b0-96c7-d0d1c7c59e3e,TXN-60832,60832,3,"Quezon city greenfields, Quezon City, Metro Manila",Cash on Delivery,paid,Processing,claim_at_branch,446.14,128.86,0,260.8,,,"{""source"":""web-checkout""}",2025-09-21T03:33:27.393266+00:00,2026-05-22T18:44:41.235363+00:00,,,true
87d6880f-7b09-407e-8dfd-b711ebf921a2,550e8400-e29b-41d4-a716-446655440011,18257,0000018257,c9debd8a-c8ee-44d8-b29c-66d2f4dbe117,TXN-61061,61061,3,"Manila city, Jabonga, Agusan Del Norte",Cash on Delivery,paid,Delivered,claim_at_branch,441.11,171.28,0,355.66,,,"{""source"":""web-checkout""}",2025-09-20T15:25:47.269426+00:00,2026-05-22T18:44:41.235363+00:00,,,true
ddc567c7-0c0e-42d2-8368-04120e237424,550e8400-e29b-41d4-a716-446655440015,18361,0000018361,f0a37532-f0f3-47b9-84e1-8aad542bc34a,TXN-60693,60693,3,"Pickup at Branch 3, Quezon Avenue, Quezon City",Cash on Delivery,failed,Cancelled,claim_at_branch,139.93,59.4,0,242.13,,,"{""source"":""web-checkout""}",2025-09-20T02:01:31.678088+00:00,2026-05-23T06:26:46.624031+00:00,Cleaned up stale pending session,2026-05-23T06:26:46.624031+00:00,true
3931bb19-5781-4a0f-a5d7-277a0b2234ee,550e8400-e29b-41d4-a716-446655440043,18289,0000018289,d88af175-3d05-4719-8c80-f3604b83e8d8,TXN-61117,61117,3,"Quezon city greenfields, Quezon City, Metro Manila",Cash on Delivery,paid,Processing,scheduled,406.69,233.63,0,212.35,,,"{""source"":""web-checkout""}",2025-09-19T22:25:47.599304+00:00,2026-05-22T18:44:41.235363+00:00,,,true
92a9941a-d061-4a1b-8832-f24158767acb,550e8400-e29b-41d4-a716-446655440019,18065,0000018065,8c72a2c2-445b-453c-b6c3-436554f88e14,TXN-60657,60657,3,"Blk 454 lot23, Malita, Davao Occidental",Cash on Delivery,paid,Processing,scheduled,399.49,63,0,270.02,,,"{""source"":""web-checkout""}",2025-09-19T21:51:39.772433+00:00,2026-05-22T18:44:41.235363+00:00,,,true
53b7f69c-f4cd-4f6a-8cea-6ef0f0c0e676,550e8400-e29b-41d4-a716-446655440033,18129,0000018129,9fc9dfd1-206e-4061-a956-92799d431927,TXN-61042,61042,3,"Quezon city greenfields, Quezon City, Metro Manila",Cash on Delivery,paid,Processing,claim_at_branch,215.79,89.5,40.69,116.46,,,"{""source"":""web-checkout""}",2025-09-19T19:01:51.099709+00:00,2026-05-22T18:44:41.235363+00:00,,,true
fb016df5-3db0-4fc3-889e-573e4ab5b7a7,550e8400-e29b-41d4-a716-446655440017,18213,0000018213,bea3fb54-454b-4a5f-9a5f-6e5a54d48804,TXN-60538,60538,3,"Miilionaires Village, Manila City, Metro Manila",Cash on Delivery,paid,Cancelled,claim_at_branch,74.89,176.33,0,271.41,,,"{""source"":""web-checkout""}",2025-09-19T15:46:29.559962+00:00,2026-05-22T18:44:41.235363+00:00,,,true
5ad50f79-8f52-49c0-b9a3-b264089293c5,550e8400-e29b-41d4-a716-446655440034,17930,0000017930,515d7fa0-b5a0-44cc-a96d-7050f2fc7058,TXN-60823,60823,3,"Blk 454 lot23, Malita, Davao Occidental",Maya,paid,Processing,claim_at_branch,144.48,239.27,0,407.67,,,"{""source"":""web-checkout""}",2025-09-19T14:13:38.247378+00:00,2026-05-22T18:44:41.235363+00:00,,,true
6de11388-ffa8-4432-9b84-6ab8a7dabac2,550e8400-e29b-41d4-a716-446655440028,17824,0000017824,289b4903-d589-4034-a124-4247c4f25cf5,TXN-60631,60631,3,"Quezon city greenfields, Quezon City, Metro Manila",Credit / Debit Card,paid,Processing,scheduled,288.44,244.43,0,493.64,,,"{""source"":""web-checkout""}",2025-09-19T13:23:20.330908+00:00,2026-05-22T18:44:41.235363+00:00,,,true
da3f7f01-b577-426f-8654-4487aa482663,550e8400-e29b-41d4-a716-446655440013,18009,0000018009,74013155-4337-478b-a0b7-fbb14950a852,TXN-60743,60743,3,"Quezon city greenfields, Quezon City, Metro Manila",Cash on Delivery,paid,Processing,scheduled,106.39,232.12,0,284.75,,,"{""source"":""web-checkout""}",2025-09-19T06:46:18.064683+00:00,2026-05-22T18:44:41.235363+00:00,,,true
c9f3dc43-e3c7-43a1-8860-99e3d5532224,550e8400-e29b-41d4-a716-446655440024,17770,0000017770,164d694e-af5c-4741-acc0-1dcd7fa5d951,TXN-60614,60614,3,"Blk 454 lot23, Malita, Davao Occidental",Maya,paid,Processing,scheduled,250.04,57.97,0,344.65,,,"{""source"":""web-checkout""}",2025-09-19T03:02:02.017666+00:00,2026-05-22T18:44:41.235363+00:00,,,true
998dfb91-a9e6-4c87-8858-1a7a70ef7b51,550e8400-e29b-41d4-a716-446655440044,18090,0000018090,9325ecfb-d4f7-4e51-9dfa-b72f1a439535,TXN-60519,60519,3,"Blk 454 lot23, Malita, Davao Occidental",Maya,paid,Processing,claim_at_branch,188.07,106.62,34.39,623.29,,,"{""source"":""web-checkout""}",2025-09-18T19:37:14.059005+00:00,2026-05-22T18:44:41.235363+00:00,,,true
bca64ac1-893e-4bde-9555-db1c62367fef,550e8400-e29b-41d4-a716-446655440015,18111,0000018111,999ca458-af31-47d1-a7fc-3a29327059a8,TXN-60931,60931,3,"Pickup at Branch 3, Quezon Avenue, Quezon City",GCash,paid,In Transit,scheduled,207.24,194.75,0,614.84,,,"{""source"":""web-checkout""}",2025-09-18T18:38:21.94782+00:00,2026-05-22T18:44:41.235363+00:00,,,true
5371c6d4-db5f-416e-a06c-5a3be330b0a7,550e8400-e29b-41d4-a716-446655440018,18114,0000018114,9a29ec58-f4f0-4f6f-93da-94e4a89fe182,TXN-60656,60656,3,"Quezon city greenfields, Quezon City, Metro Manila",Maya,paid,Processing,claim_at_branch,339.33,196.4,48.34,689.51,,,"{""source"":""web-checkout""}",2025-09-18T16:48:38.876873+00:00,2026-05-22T18:44:41.235363+00:00,,,true
af2de0df-6d79-40c3-acee-e523964577f5,550e8400-e29b-41d4-a716-446655440021,18117,0000018117,9b7570dc-3359-4ec2-bdd0-968dfe29686a,TXN-60677,60677,3,"Manila city, Jabonga, Agusan Del Norte",Cash on Delivery,failed,Cancelled,scheduled,296.22,70.73,0,153.34,,,"{""source"":""web-checkout""}",2025-09-18T13:42:49.781091+00:00,2026-05-23T06:26:46.624031+00:00,Cleaned up stale pending session,2026-05-23T06:26:46.624031+00:00,true
346093ef-4cdc-4d3b-ac61-87e4d7a99a33,550e8400-e29b-41d4-a716-446655440041,18337,0000018337,e8c718a3-dc8e-4e26-b24d-a81a2ffb3e96,TXN-60792,60792,3,"Manila city, Jabonga, Agusan Del Norte",Cash on Delivery,paid,Delivered,scheduled,366.56,249.93,31.01,503.12,,,"{""source"":""web-checkout""}",2025-09-18T11:58:47.986226+00:00,2026-05-22T18:44:41.235363+00:00,,,true
3f2bad0b-9d06-43f7-af35-17df775df9b2,550e8400-e29b-41d4-a716-446655440054,18150,0000018150,a7ef0ac3-b713-40fc-9f55-eafdb6fd1973,TXN-61168,61168,3,"Blk 454 lot23, Malita, Davao Occidental",Maya,paid,Processing,claim_at_branch,419.45,244.64,0,632.15,,,"{""source"":""web-checkout""}",2025-09-17T22:04:26.937443+00:00,2026-05-22T18:44:41.235363+00:00,,,true
3625fd65-d740-4106-bcf6-33d3d1eeaab1,550e8400-e29b-41d4-a716-446655440044,18340,0000018340,e95bc1c7-a3a8-47eb-b50e-5db47a2fac0d,TXN-60713,60713,3,"Blk 454 lot23, Malita, Davao Occidental",Credit / Debit Card,paid,Processing,scheduled,399.43,100.89,0,382.95,,,"{""source"":""web-checkout""}",2025-09-17T13:52:47.779243+00:00,2026-05-22T18:44:41.235363+00:00,,,true
d1432f97-b051-460d-bbef-5a0dd4d2f8b0,550e8400-e29b-41d4-a716-446655440054,18200,0000018200,bad591b4-b3dc-40ba-b4de-03008bf45608,TXN-60759,60759,3,"Blk 454 lot23, Malita, Davao Occidental",Credit / Debit Card,paid,Processing,claim_at_branch,316.87,231.03,0,670.42,,,"{""source"":""web-checkout""}",2025-09-17T11:33:48.87846+00:00,2026-05-22T18:44:41.235363+00:00,,,true
14a63bc3-b7c5-466c-91eb-b5f9e269419a,550e8400-e29b-41d4-a716-446655440029,18075,0000018075,8ef8f5bb-9ca4-4fd6-af50-40cc88e20d1b,TXN-61167,61167,3,"Blk 454 lot23, Malita, Davao Occidental",GCash,paid,Processing,claim_at_branch,153.26,85.91,0,608.2,,,"{""source"":""web-checkout""}",2025-09-17T11:14:08.675546+00:00,2026-05-22T18:44:41.235363+00:00,,,true
ba35b28c-6ed5-40e3-9eb4-9b420f52991d,550e8400-e29b-41d4-a716-446655440020,18316,0000018316,e0dc9170-3eef-43d6-80fa-a03e506f3b46,TXN-61028,61028,3,"Pickup at Branch 3, Quezon Avenue, Quezon City",Credit / Debit Card,paid,In Transit,scheduled,195.68,203.41,0,377.62,,,"{""source"":""web-checkout""}",2025-09-17T04:15:39.938645+00:00,2026-05-22T18:44:41.235363+00:00,,,true
72e00cd8-3a71-433f-a412-9d53813c229f,550e8400-e29b-41d4-a716-446655440021,18167,0000018167,ad364e3a-ac4a-4e2a-be60-630a3d187137,TXN-60561,60561,3,"Manila city, Jabonga, Agusan Del Norte",GCash,paid,Delivered,claim_at_branch,364.09,163.64,0,691.62,,,"{""source"":""web-checkout""}",2025-09-16T22:36:10.671038+00:00,2026-05-22T18:44:41.235363+00:00,,,true
28b71ca5-2514-402e-98fb-d1d638a08737,550e8400-e29b-41d4-a716-446655440045,18041,0000018041,80e1ed51-0041-44d9-9ae9-3bad744be8dd,TXN-61082,61082,3,"Pickup at Branch 3, Quezon Avenue, Quezon City",Cash on Delivery,paid,In Transit,scheduled,207.03,68.27,0,682.82,,,"{""source"":""web-checkout""}",2025-09-16T16:52:42.366398+00:00,2026-05-22T18:44:41.235363+00:00,,,true
b7aec3f3-493a-45bf-b8c6-4b40bf8535f1,550e8400-e29b-41d4-a716-446655440024,18070,0000018070,8e44066a-792c-48ba-a69f-c855a8543186,TXN-60874,60874,3,"Blk 454 lot23, Malita, Davao Occidental",Maya,paid,Processing,scheduled,157.76,88.91,0,119.19,,,"{""source"":""web-checkout""}",2025-09-16T13:56:37.927599+00:00,2026-05-22T18:44:41.235363+00:00,,,true
fb0cdba4-2e4d-43e0-bb48-62872c474dbd,550e8400-e29b-41d4-a716-446655440022,18068,0000018068,8d58649d-65b2-4818-92d7-06d1591d3bfd,TXN-60620,60620,3,"Miilionaires Village, Manila City, Metro Manila",Credit / Debit Card,paid,Cancelled,scheduled,353.72,87.98,0,543.78,,,"{""source"":""web-checkout""}",2025-09-15T22:51:53.519561+00:00,2026-05-22T18:44:41.235363+00:00,,,true
c8d7c56e-6cd3-4bf5-90f6-481e27b3803e,550e8400-e29b-41d4-a716-446655440046,17942,0000017942,5657675d-8744-44e3-b3db-bb77cdd64f6c,TXN-60524,60524,3,"Manila city, Jabonga, Agusan Del Norte",Maya,paid,Delivered,scheduled,356.61,154.26,0,222.64,,,"{""source"":""web-checkout""}",2025-09-15T20:33:29.703104+00:00,2026-05-22T18:44:41.235363+00:00,,,true
7291e013-64c2-4714-a69c-55d97cd27261,550e8400-e29b-41d4-a716-446655440042,17888,0000017888,3e463aa6-30da-4e57-b5c0-86f384734df4,TXN-61111,61111,3,"Miilionaires Village, Manila City, Metro Manila",Credit / Debit Card,paid,Cancelled,scheduled,101.92,191.88,12.95,341.96,,,"{""source"":""web-checkout""}",2025-09-15T11:58:39.417641+00:00,2026-05-22T18:44:41.235363+00:00,,,true
85abfec8-0390-4512-994e-828c9185f5b9,550e8400-e29b-41d4-a716-446655440013,18059,0000018059,8809f281-412c-4855-987f-e70b3c60c7e4,TXN-60512,60512,3,"Quezon city greenfields, Quezon City, Metro Manila",GCash,paid,Processing,scheduled,321.93,199.43,0,199.83,,,"{""source"":""web-checkout""}",2025-09-14T18:06:13.579362+00:00,2026-05-22T18:44:41.235363+00:00,,,true
45a06f41-2cf3-4efb-ba6b-259db56772d9,550e8400-e29b-41d4-a716-446655440051,17797,0000017797,205e5e27-2c99-4697-a44c-205e2fd5347f,TXN-61020,61020,3,"Manila city, Jabonga, Agusan Del Norte",Cash on Delivery,paid,Delivered,claim_at_branch,99.5,157.1,0,233.97,,,"{""source"":""web-checkout""}",2025-09-13T23:11:39.642915+00:00,2026-05-22T18:44:41.235363+00:00,,,true
a58ccfb9-7455-4c2a-a6ba-6b82457f091c,550e8400-e29b-41d4-a716-446655440016,17912,0000017912,4a2fd1ef-0098-4efc-81e7-5c3479562b4f,TXN-61103,61103,3,"Manila city, Jabonga, Agusan Del Norte",Credit / Debit Card,paid,Delivered,claim_at_branch,288.33,185.23,0,179.12,,,"{""source"":""web-checkout""}",2025-09-13T20:11:13.147272+00:00,2026-05-22T18:44:41.235363+00:00,,,true
55fcc277-5bba-4e78-b55e-aa78fbd77ca2,550e8400-e29b-41d4-a716-446655440028,17874,0000017874,3a26a902-2b71-4aed-b601-b304f6cb4fb1,TXN-60742,60742,3,"Quezon city greenfields, Quezon City, Metro Manila",Maya,paid,Processing,claim_at_branch,269.66,79.02,0,207.02,,,"{""source"":""web-checkout""}",2025-09-13T10:11:54.851602+00:00,2026-05-22T18:44:41.235363+00:00,,,true
1861fe45-ba10-49f3-917d-8f75b4846e82,550e8400-e29b-41d4-a716-446655440028,17774,0000017774,178b433d-aa17-454b-87ca-29715c1f78d0,TXN-60789,60789,3,"Quezon city greenfields, Quezon City, Metro Manila",Maya,paid,Processing,scheduled,89.69,51.4,47.48,495.36,,,"{""source"":""web-checkout""}",2025-09-13T01:24:39.984594+00:00,2026-05-22T18:44:41.235363+00:00,,,true
369119d4-79e7-4c71-b5b6-82f169709a2a,550e8400-e29b-41d4-a716-446655440020,18216,0000018216,bf4efb07-f82d-4f13-bebf-fc37d8097b74,TXN-60791,60791,3,"Pickup at Branch 3, Quezon Avenue, Quezon City",Credit / Debit Card,paid,In Transit,scheduled,405.31,87.04,0,486.57,,,"{""source"":""web-checkout""}",2025-09-12T05:57:21.89427+00:00,2026-05-22T18:44:41.235363+00:00,,,true
9c567a24-648e-49bf-b9de-b3776aa1db5c,550e8400-e29b-41d4-a716-446655440015,18061,0000018061,8a03d22c-5389-43a2-9a3a-e915c4d6d0fe,TXN-60909,60909,3,"Pickup at Branch 3, Quezon Avenue, Quezon City",Cash on Delivery,paid,In Transit,claim_at_branch,407.39,68.79,0,317.72,,,"{""source"":""web-checkout""}",2025-09-11T23:08:50.829707+00:00,2026-05-22T18:44:41.235363+00:00,,,true
9e9b2910-12fe-4221-9388-be756c7076ba,550e8400-e29b-41d4-a716-446655440051,17747,0000017747,0ade0ab8-e715-45d6-8987-fbc7f3afa207,TXN-61132,61132,3,"Manila city, Jabonga, Agusan Del Norte",GCash,failed,Cancelled,scheduled,134.86,62.66,0,585.32,,,"{""source"":""web-checkout""}",2025-09-11T22:18:37.449651+00:00,2026-05-23T06:26:46.624031+00:00,Cleaned up stale pending session,2026-05-23T06:26:46.624031+00:00,true
176b17c2-55ad-4bed-be92-c03d9600a87c,550e8400-e29b-41d4-a716-446655440020,18266,0000018266,ccbc6101-f3b3-4e1f-bf30-21baba1f1f50,TXN-61158,61158,3,"Pickup at Branch 3, Quezon Avenue, Quezon City",Maya,paid,In Transit,claim_at_branch,331.54,100.45,0,528.18,,,"{""source"":""web-checkout""}",2025-09-11T19:25:34.667785+00:00,2026-05-22T18:44:41.235363+00:00,,,true
19284d01-5356-4076-ac59-9a4d3dd9f486,550e8400-e29b-41d4-a716-446655440049,17745,0000017745,0a9b3db0-35df-45c9-88a4-965c84e61a05,TXN-60751,60751,3,"Blk 454 lot23, Malita, Davao Occidental",Cash on Delivery,paid,Processing,scheduled,396.68,114.88,0,584.94,,,"{""source"":""web-checkout""}",2025-09-11T18:22:23.242878+00:00,2026-05-22T18:44:41.235363+00:00,,,true
39f1ea43-8599-41b5-b0e8-7667e25ee524,550e8400-e29b-41d4-a716-446655440057,18103,0000018103,972de456-110a-444c-8b9b-7d67a636384e,TXN-60626,60626,3,"Miilionaires Village, Manila City, Metro Manila",GCash,paid,Cancelled,scheduled,167.02,147.38,0,506.7,,,"{""source"":""web-checkout""}",2025-09-11T10:33:25.318186+00:00,2026-05-22T18:44:41.235363+00:00,,,true
0449c0d3-182f-4f03-a7e1-fb4932d26694,550e8400-e29b-41d4-a716-446655440013,18109,0000018109,994a79cd-385c-458d-8ea3-8b3309960e4e,TXN-60887,60887,3,"Quezon city greenfields, Quezon City, Metro Manila",Cash on Delivery,failed,Cancelled,scheduled,104.07,219.2,46.67,500.91,,,"{""source"":""web-checkout""}",2025-09-11T01:31:59.852648+00:00,2026-05-23T06:26:46.624031+00:00,Cleaned up stale pending session,2026-05-23T06:26:46.624031+00:00,true
a36b53eb-cf9f-4c46-93a8-f53a630c0418,550e8400-e29b-41d4-a716-446655440027,17873,0000017873,3a1017ee-fc6d-41e2-8fe2-4dfe6f26f18a,TXN-60720,60720,3,"Miilionaires Village, Manila City, Metro Manila",Cash on Delivery,paid,Cancelled,claim_at_branch,90,211.37,0,493.04,,,"{""source"":""web-checkout""}",2025-09-10T16:20:12.703356+00:00,2026-05-22T18:44:41.235363+00:00,,,true
22a0925e-a14e-4074-a7cb-fb5260bdeebf,550e8400-e29b-41d4-a716-446655440029,18375,0000018375,f5a4d390-2868-4701-bf50-f07103965444,TXN-60785,60785,3,"Blk 454 lot23, Malita, Davao Occidental",GCash,paid,Processing,claim_at_branch,134.93,210.2,14.85,504.78,,,"{""source"":""web-checkout""}",2025-09-10T11:56:47.831262+00:00,2026-05-22T18:44:41.235363+00:00,,,true
85fb0d14-478f-4699-9148-61f116acce6d,550e8400-e29b-41d4-a716-446655440033,18279,0000018279,d4de8efe-ffeb-41b6-bf4b-2e8bd0f9a9e6,TXN-61137,61137,3,"Quezon city greenfields, Quezon City, Metro Manila",GCash,paid,Processing,scheduled,193.91,97.1,0,115.61,,,"{""source"":""web-checkout""}",2025-09-10T10:56:36.994776+00:00,2026-05-22T18:44:41.235363+00:00,,,true
26edde0a-4de5-490b-81c3-7a9519613c67,550e8400-e29b-41d4-a716-446655440041,17987,0000017987,6b845158-8256-4664-81a1-987fa3236eff,TXN-61115,61115,3,"Manila city, Jabonga, Agusan Del Norte",GCash,failed,Cancelled,claim_at_branch,176.75,63.84,0,520.53,,,"{""source"":""web-checkout""}",2025-09-10T09:55:36.513527+00:00,2026-05-23T06:26:46.624031+00:00,Cleaned up stale pending session,2026-05-23T06:26:46.624031+00:00,true
54592dd6-0c54-470b-a24a-4e12792d9af1,550e8400-e29b-41d4-a716-446655440013,18209,0000018209,bca9b081-d0b2-4f20-850f-3b035022c4a9,TXN-60793,60793,3,"Quezon city greenfields, Quezon City, Metro Manila",Cash on Delivery,paid,Processing,scheduled,101.95,80.02,0,398.7,,,"{""source"":""web-checkout""}",2025-09-10T01:43:16.946224+00:00,2026-05-22T18:44:41.235363+00:00,,,true
d3e85063-b4c5-4d8e-9d61-e2e525543ee4,550e8400-e29b-41d4-a716-446655440029,17875,0000017875,3a3a8aed-d520-432b-aabd-05bcbd616330,TXN-61121,61121,3,"Blk 454 lot23, Malita, Davao Occidental",GCash,paid,Processing,scheduled,315.92,63.32,8.67,274.71,,,"{""source"":""web-checkout""}",2025-09-09T22:50:32.6009+00:00,2026-05-22T18:44:41.235363+00:00,,,true
24da2dfd-0968-42dd-ba35-598d750ac0e7,550e8400-e29b-41d4-a716-446655440055,18051,0000018051,84adf641-9389-4926-9406-56f1cda91c79,TXN-61145,61145,3,"Pickup at Branch 3, Quezon Avenue, Quezon City",GCash,paid,In Transit,scheduled,418.68,226.52,0,632.55,,,"{""source"":""web-checkout""}",2025-09-09T21:40:41.305673+00:00,2026-05-22T18:44:41.235363+00:00,,,true
52605104-7c13-45fc-9df3-7c7da1852e78,550e8400-e29b-41d4-a716-446655440028,18224,0000018224,c0c559c7-8561-45ec-8b2a-05975aa20bc3,TXN-60699,60699,3,"Quezon city greenfields, Quezon City, Metro Manila",Credit / Debit Card,paid,Processing,scheduled,243.29,178.54,0,605.33,,,"{""source"":""web-checkout""}",2025-09-09T18:05:39.787912+00:00,2026-05-22T18:44:41.235363+00:00,,,true
9b84b119-1b7b-402c-a8bc-09f6086eb195,550e8400-e29b-41d4-a716-446655440020,18166,0000018166,ad148b04-6041-471d-a797-77bd1b4f277c,TXN-60980,60980,3,"Pickup at Branch 3, Quezon Avenue, Quezon City",Maya,paid,In Transit,claim_at_branch,261.97,143.08,0,531.41,,,"{""source"":""web-checkout""}",2025-09-09T16:30:10.945578+00:00,2026-05-22T18:44:41.235363+00:00,,,true
d6a8bdbe-0d22-4857-9077-2b75739d4725,550e8400-e29b-41d4-a716-446655440049,17895,0000017895,41cbe417-8417-4e66-a476-d36be4bd4e83,TXN-60658,60658,3,"Blk 454 lot23, Malita, Davao Occidental",GCash,paid,Processing,scheduled,216.22,92.07,0,397.21,,,"{""source"":""web-checkout""}",2025-09-09T14:37:01.399221+00:00,2026-05-22T18:44:41.235363+00:00,,,true
0b0267d7-8c22-461d-ad61-a909303ac27d,550e8400-e29b-41d4-a716-446655440059,17955,0000017955,5dfabe65-3291-466c-b74c-4109f050278e,TXN-60705,60705,3,"Blk 454 lot23, Malita, Davao Occidental",GCash,paid,Processing,scheduled,55.59,222.68,0,344.82,,,"{""source"":""web-checkout""}",2025-09-09T08:36:11.258319+00:00,2026-05-22T18:44:41.235363+00:00,,,true
dadb39e0-5978-47de-ac15-bc18a2557915,550e8400-e29b-41d4-a716-446655440018,17964,0000017964,61871c53-2b1e-44c7-bfeb-9c121547d2b7,TXN-60718,60718,3,"Quezon city greenfields, Quezon City, Metro Manila",Credit / Debit Card,paid,Processing,scheduled,313.42,188.45,0,105.37,,,"{""source"":""web-checkout""}",2025-09-09T01:41:42.612078+00:00,2026-05-22T18:44:41.235363+00:00,,,true
f8c533a4-bed7-4a26-9d4c-2596b66c6e8a,550e8400-e29b-41d4-a716-446655440026,17722,0000017722,041cf03a-514a-4d6a-bdce-aa47655ac9ed,TXN-60853,60853,3,"Manila city, Jabonga, Agusan Del Norte",Maya,paid,Delivered,claim_at_branch,360.28,176.11,0,660.88,,,"{""source"":""web-checkout""}",2025-09-08T20:36:23.130577+00:00,2026-05-22T18:44:41.235363+00:00,,,true
cc19543e-a3a8-42c9-a5d2-26cc087d2da7,550e8400-e29b-41d4-a716-446655440040,18186,0000018186,b39d5c31-6ab6-490b-8b52-31b08a33fb55,TXN-61030,61030,3,"Pickup at Branch 3, Quezon Avenue, Quezon City",Maya,paid,In Transit,scheduled,248.1,124.75,0,287.92,,,"{""source"":""web-checkout""}",2025-09-08T17:16:13.914583+00:00,2026-05-22T18:44:41.235363+00:00,,,true
5019a677-0134-424c-bf23-37f79846b3bf,550e8400-e29b-41d4-a716-446655440038,18334,0000018334,e7bb3ae4-a2e3-4b45-be59-8d9c886df637,TXN-60830,60830,3,"Quezon city greenfields, Quezon City, Metro Manila",Maya,failed,Cancelled,scheduled,121.21,229.31,45.91,696.31,,,"{""source"":""web-checkout""}",2025-09-08T15:26:57.908624+00:00,2026-05-23T06:26:46.624031+00:00,Cleaned up stale pending session,2026-05-23T06:26:46.624031+00:00,true
b35ac02c-96e1-429e-ad76-fe9b9c9d5ed2,550e8400-e29b-41d4-a716-446655440037,18033,0000018033,7eb3ca43-6705-4b30-b033-78ec03d9b59f,TXN-60540,60540,3,"Miilionaires Village, Manila City, Metro Manila",Cash on Delivery,paid,Cancelled,scheduled,334.4,247.87,0,511.13,,,"{""source"":""web-checkout""}",2025-09-07T23:01:33.440767+00:00,2026-05-22T18:44:41.235363+00:00,,,true
81eb7e87-83c7-4053-a99c-707590db67b9,550e8400-e29b-41d4-a716-446655440028,18024,0000018024,78e9d0cb-ba69-49d0-8e7a-fba0e570a085,TXN-60716,60716,3,"Quezon city greenfields, Quezon City, Metro Manila",Credit / Debit Card,paid,Processing,scheduled,434.57,135.25,0,670.77,,,"{""source"":""web-checkout""}",2025-09-07T20:32:40.789897+00:00,2026-05-22T18:44:41.235363+00:00,,,true
58e821f9-4e6d-4abd-aef2-93d39c80df5c,550e8400-e29b-41d4-a716-446655440028,18324,0000018324,e318a418-c5a6-49c2-a65b-47e50378d44e,TXN-60680,60680,3,"Quezon city greenfields, Quezon City, Metro Manila",Credit / Debit Card,paid,Processing,scheduled,382.52,190.42,0,497.49,,,"{""source"":""web-checkout""}",2025-09-07T19:45:31.183012+00:00,2026-05-22T18:44:41.235363+00:00,,,true
b8e10e13-aaa8-4767-8952-cf0e1da00d96,550e8400-e29b-41d4-a716-446655440033,18379,0000018379,f670473f-26e9-4602-832d-4e140a9292d1,TXN-61163,61163,3,"Quezon city greenfields, Quezon City, Metro Manila",GCash,paid,Processing,claim_at_branch,131.62,64.86,0,345.47,,,"{""source"":""web-checkout""}",2025-09-07T15:33:12.722561+00:00,2026-05-22T18:44:41.235363+00:00,,,true
7f8ea80b-1ec9-4d7c-9055-4f1040fc2b05,550e8400-e29b-41d4-a716-446655440014,18010,0000018010,74c92367-e3db-482c-aebf-b295a944e436,TXN-60967,60967,3,"Blk 454 lot23, Malita, Davao Occidental",Maya,paid,Processing,claim_at_branch,282.24,64.59,0,410.75,,,"{""source"":""web-checkout""}",2025-09-06T09:34:10.242977+00:00,2026-05-22T18:44:41.235363+00:00,,,true
254fae5f-9c13-4d8c-97e8-db25dcc5b0f5,550e8400-e29b-41d4-a716-446655440023,17919,0000017919,4c464f38-b7a9-436b-a1f4-a3642e0e85ab,TXN-60845,60845,3,"Quezon city greenfields, Quezon City, Metro Manila",GCash,paid,Processing,scheduled,246.17,87.37,0,506.34,,,"{""source"":""web-checkout""}",2025-09-06T07:47:33.134621+00:00,2026-05-22T18:44:41.235363+00:00,,,true
c2b57e58-e601-46b1-9c63-bb69556e299e,550e8400-e29b-41d4-a716-446655440030,18076,0000018076,8f3822a7-7871-4dd8-af33-3d6456d86e99,TXN-60777,60777,3,"Pickup at Branch 3, Quezon Avenue, Quezon City",Credit / Debit Card,paid,In Transit,claim_at_branch,297.6,203.56,0,295.76,,,"{""source"":""web-checkout""}",2025-09-05T19:47:36.327391+00:00,2026-05-22T18:44:41.235363+00:00,,,true
e7f858fd-77df-4fd9-87a7-71f7cc64ab45,550e8400-e29b-41d4-a716-446655440051,17947,0000017947,584f0150-8dde-4959-bcec-5535a78ac041,TXN-61174,61174,3,"Manila city, Jabonga, Agusan Del Norte",GCash,paid,Delivered,claim_at_branch,364.04,124.61,0,307.57,,,"{""source"":""web-checkout""}",2025-09-05T16:38:24.239305+00:00,2026-05-22T18:44:41.235363+00:00,,,true
d7ecd14e-c4ba-4e09-838c-e6f984218741,550e8400-e29b-41d4-a716-446655440041,18137,0000018137,a3429455-81ec-42e6-a788-35ac4944afc1,TXN-60565,60565,3,"Manila city, Jabonga, Agusan Del Norte",Cash on Delivery,paid,Delivered,scheduled,424.95,143.35,43.52,343,,,"{""source"":""web-checkout""}",2025-09-05T06:54:34.903417+00:00,2026-05-22T18:44:41.235363+00:00,,,true
ee59fabe-3497-43d1-b49d-8b8da0187a59,550e8400-e29b-41d4-a716-446655440042,18088,0000018088,9312aada-b6ed-4046-a1c9-d2883820a0d7,TXN-61016,61016,3,"Miilionaires Village, Manila City, Metro Manila",Credit / Debit Card,paid,Cancelled,claim_at_branch,339.98,109.36,0,451.93,,,"{""source"":""web-checkout""}",2025-09-05T03:09:00.784502+00:00,2026-05-22T18:44:41.235363+00:00,,,true
5e47f52c-f6c7-4b02-8144-4a601a0076fb,550e8400-e29b-41d4-a716-446655440050,17946,0000017946,57f1a0ff-c288-43fc-9d78-02eb17562122,TXN-60973,60973,3,"Pickup at Branch 3, Quezon Avenue, Quezon City",Maya,paid,In Transit,claim_at_branch,315.19,151.97,0,355.29,,,"{""source"":""web-checkout""}",2025-09-04T23:43:57.167758+00:00,2026-05-22T18:44:41.235363+00:00,,,true
b2f4acb5-fc32-4ac5-ad59-ec4071ec02c9,550e8400-e29b-41d4-a716-446655440026,18022,0000018022,784f683a-728e-41ad-bab7-3272550bd7b0,TXN-61085,61085,3,"Manila city, Jabonga, Agusan Del Norte",Maya,paid,Delivered,claim_at_branch,281.96,137.76,0,272.16,,,"{""source"":""web-checkout""}",2025-09-04T22:42:16.302505+00:00,2026-05-22T18:44:41.235363+00:00,,,true
6b03dcb8-e3ea-4f0f-92b2-098f65733760,550e8400-e29b-41d4-a716-446655440047,18093,0000018093,936e5b5b-e174-46a2-a794-af643e276504,TXN-60906,60906,3,"Miilionaires Village, Manila City, Metro Manila",Cash on Delivery,paid,Cancelled,scheduled,107.84,62.78,0,330.88,,,"{""source"":""web-checkout""}",2025-09-04T10:11:27.443444+00:00,2026-05-22T18:44:41.235363+00:00,,,true
810b2084-9784-4caa-9375-34f58e0ae853,550e8400-e29b-41d4-a716-446655440021,18017,0000018017,775fbaa2-2949-4f60-8d6d-28de2918e9ef,TXN-61159,61159,3,"Manila city, Jabonga, Agusan Del Norte",Cash on Delivery,paid,Delivered,scheduled,353.98,172.74,0,603.82,,,"{""source"":""web-checkout""}",2025-09-04T02:11:47.88143+00:00,2026-05-22T18:44:41.235363+00:00,,,true
21466c83-e465-4489-8644-8f90a6d68ce7,550e8400-e29b-41d4-a716-446655440012,18158,0000018158,aa575ec3-0a82-42fc-a477-2d0aaa46cbce,TXN-60992,60992,3,"Miilionaires Village, Manila City, Metro Manila",Maya,paid,Cancelled,scheduled,255.45,207.28,0,226.57,,,"{""source"":""web-checkout""}",2025-09-04T01:29:58.211944+00:00,2026-05-22T18:44:41.235363+00:00,,,true
d0eca026-cc80-4aee-af76-ff9a05e2689d,550e8400-e29b-41d4-a716-446655440055,17801,0000017801,22509707-65b8-44c7-a72d-afcd70b22ba3,TXN-60754,60754,3,"Pickup at Branch 3, Quezon Avenue, Quezon City",Cash on Delivery,paid,In Transit,scheduled,119.37,223.63,17.41,611.47,,,"{""source"":""web-checkout""}",2025-09-03T22:50:43.102666+00:00,2026-05-22T18:44:41.235363+00:00,,,true
0e2fbf0b-f55c-4ef8-bba7-c2feece4a6b0,550e8400-e29b-41d4-a716-446655440050,18396,0000018396,fb560007-a545-411d-b306-ea46e07f66b5,TXN-60917,60917,3,"Pickup at Branch 3, Quezon Avenue, Quezon City",Credit / Debit Card,failed,Cancelled,scheduled,447.16,148.6,0,457.23,,,"{""source"":""web-checkout""}",2025-09-03T19:20:08.585231+00:00,2026-05-23T06:26:46.624031+00:00,Cleaned up stale pending session,2026-05-23T06:26:46.624031+00:00,true
0fbb406f-5f59-4ada-9991-082d3acf31be,550e8400-e29b-41d4-a716-446655440042,17988,0000017988,6bb247ce-724c-483d-b415-ab987c175de2,TXN-61011,61011,3,"Miilionaires Village, Manila City, Metro Manila",Credit / Debit Card,failed,Cancelled,claim_at_branch,141.14,70.69,0,434.49,,,"{""source"":""web-checkout""}",2025-09-03T17:42:39.725292+00:00,2026-05-23T06:26:46.624031+00:00,Cleaned up stale pending session,2026-05-23T06:26:46.624031+00:00,true
18579087-7ce4-4219-bb46-f92a6e3fd00e,550e8400-e29b-41d4-a716-446655440026,17872,0000017872,39b9d946-96db-4ae0-9588-4e8da0c20d3c,TXN-61067,61067,3,"Manila city, Jabonga, Agusan Del Norte",Credit / Debit Card,paid,Delivered,scheduled,411.39,239.73,0,460.42,,,"{""source"":""web-checkout""}",2025-09-03T17:40:48.851988+00:00,2026-05-22T18:44:41.235363+00:00,,,true
2ae103e2-81ed-4ae3-b950-e9035cc3f281,550e8400-e29b-41d4-a716-446655440043,18089,0000018089,9318bc13-2676-4973-9292-ec2e30f1d3c9,TXN-60659,60659,3,"Quezon city greenfields, Quezon City, Metro Manila",Cash on Delivery,failed,Cancelled,scheduled,343.55,185.76,34.22,565.98,,,"{""source"":""web-checkout""}",2025-09-03T15:37:28.172687+00:00,2026-05-23T06:26:46.624031+00:00,Cleaned up stale pending session,2026-05-23T06:26:46.624031+00:00,true
c711099b-47c9-46a3-9b59-44f939dd8705,550e8400-e29b-41d4-a716-446655440031,17977,0000017977,6791f453-5e65-4d9d-90a2-561d885692eb,TXN-60938,60938,3,"Manila city, Jabonga, Agusan Del Norte",Cash on Delivery,failed,Cancelled,scheduled,386.86,112.24,41.58,381.03,,,"{""source"":""web-checkout""}",2025-09-03T13:38:52.625817+00:00,2026-05-23T06:26:46.624031+00:00,Cleaned up stale pending session,2026-05-23T06:26:46.624031+00:00,true
a058335c-eb64-4e16-b732-69d236fa198e,550e8400-e29b-41d4-a716-446655440040,18086,0000018086,9278de35-b874-43bc-94b4-8b034a2441b7,TXN-60877,60877,3,"Pickup at Branch 3, Quezon Avenue, Quezon City",Maya,paid,In Transit,scheduled,95.29,224.3,0,655.89,,,"{""source"":""web-checkout""}",2025-09-03T10:57:32.696507+00:00,2026-05-22T18:44:41.235363+00:00,,,true
67836a9e-060e-4696-9f53-fcbc7d6e1cac,550e8400-e29b-41d4-a716-446655440015,18211,0000018211,bd6a4d27-0aba-4d58-be64-cdcb9fa198e0,TXN-61187,61187,3,"Pickup at Branch 3, Quezon Avenue, Quezon City",GCash,paid,In Transit,claim_at_branch,107.93,170.31,0,587.82,,,"{""source"":""web-checkout""}",2025-09-03T07:36:36.670468+00:00,2026-05-22T18:44:41.235363+00:00,,,true
87ff7f31-5f6a-432e-be25-5d5b54ca73bc,550e8400-e29b-41d4-a716-446655440042,18288,0000018288,d84cad7d-d34a-4bda-bc13-4bdafe555b9b,TXN-61177,61177,3,"Miilionaires Village, Manila City, Metro Manila",Credit / Debit Card,paid,Cancelled,scheduled,200.91,170.8,0,612.66,,,"{""source"":""web-checkout""}",2025-09-02T22:22:05.633478+00:00,2026-05-22T18:44:41.235363+00:00,,,true
fd187adb-7e20-4229-9898-e99946f2d9c8,550e8400-e29b-41d4-a716-446655440047,17993,0000017993,6d34be4e-bacc-4c3a-a216-e22b514012f1,TXN-60711,60711,3,"Miilionaires Village, Manila City, Metro Manila",Cash on Delivery,paid,Cancelled,claim_at_branch,112.15,239.28,0,300.12,,,"{""source"":""web-checkout""}",2025-09-02T21:05:32.150181+00:00,2026-05-22T18:44:41.235363+00:00,,,true
aa3699c8-1358-4c17-afb4-314ff81ed06c,550e8400-e29b-41d4-a716-446655440026,18372,0000018372,f4a2c275-3958-470e-9ea2-f4cb56c58d14,TXN-61138,61138,3,"Manila city, Jabonga, Agusan Del Norte",Credit / Debit Card,paid,Delivered,claim_at_branch,256.74,92.53,0,365.32,,,"{""source"":""web-checkout""}",2025-09-02T13:04:10.597505+00:00,2026-05-22T18:44:41.235363+00:00,,,true
1b49ad32-2002-4c7b-a971-377a0605aa39,550e8400-e29b-41d4-a716-446655440032,17728,0000017728,053da425-e014-4a4b-b458-5479c3019a05,TXN-61054,61054,3,"Miilionaires Village, Manila City, Metro Manila",Credit / Debit Card,paid,Cancelled,scheduled,330.14,56.55,0,651.98,,,"{""source"":""web-checkout""}",2025-09-02T05:41:56.483159+00:00,2026-05-22T18:44:41.235363+00:00,,,true
b7bf216a-f7af-41f7-aae7-53c95a9e7f1f,550e8400-e29b-41d4-a716-446655440025,18321,0000018321,e1d3cece-356e-4ad6-aec2-feb8fbcfb0dd,TXN-60630,60630,3,"Pickup at Branch 3, Quezon Avenue, Quezon City",Cash on Delivery,paid,In Transit,scheduled,77.98,199.78,0,311.49,,,"{""source"":""web-checkout""}",2025-09-01T12:38:13.785673+00:00,2026-05-22T18:44:41.235363+00:00,,,true
722d8869-fb3c-4e25-a0fb-bd08a2e15ee0,550e8400-e29b-41d4-a716-446655440011,18057,0000018057,874d534a-aa79-4700-8736-02fb3d18aa9e,TXN-60772,60772,3,"Manila city, Jabonga, Agusan Del Norte",Cash on Delivery,paid,Delivered,scheduled,438.39,98.18,0,476.6,,,"{""source"":""web-checkout""}",2025-08-31T20:27:58.948582+00:00,2026-05-22T18:44:41.235363+00:00,,,true
a9452a32-49a0-4a76-a5a5-217cff5fd142,550e8400-e29b-41d4-a716-446655440043,18339,0000018339,e91c7b93-fcff-4abd-a527-b00548a59d0f,TXN-61150,61150,3,"Quezon city greenfields, Quezon City, Metro Manila",GCash,paid,Processing,scheduled,143.4,77.69,0,427.94,,,"{""source"":""web-checkout""}",2025-08-31T16:47:53.154611+00:00,2026-05-22T18:44:41.235363+00:00,,,true
6e4b49b3-11b6-4676-96a0-21846c197b1a,550e8400-e29b-41d4-a716-446655440057,17753,0000017753,0ee4ea3c-dc13-49a3-90a0-f709d1dc2214,TXN-60836,60836,3,"Miilionaires Village, Manila City, Metro Manila",Cash on Delivery,paid,Cancelled,scheduled,355.33,77.88,0,569.07,,,"{""source"":""web-checkout""}",2025-08-31T08:29:20.356145+00:00,2026-05-22T18:44:41.235363+00:00,,,true
71a60275-a9e5-485d-913d-c903b922993d,550e8400-e29b-41d4-a716-446655440016,17712,0000017712,00db7188-1819-42c8-8082-3699d723ca48,TXN-60960,60960,3,"Manila city, Jabonga, Agusan Del Norte",Credit / Debit Card,paid,Delivered,claim_at_branch,336.52,99.95,0,504.75,,,"{""source"":""web-checkout""}",2025-08-31T03:19:29.99576+00:00,2026-05-22T18:44:41.235363+00:00,,,true
ba66954f-399b-45db-bfc3-b526593f7397,550e8400-e29b-41d4-a716-446655440054,17950,0000017950,5c5951f1-add6-462a-8fa8-7543c49dad3b,TXN-60686,60686,3,"Blk 454 lot23, Malita, Davao Occidental",Maya,paid,Processing,claim_at_branch,334.81,170.94,0,165.18,,,"{""source"":""web-checkout""}",2025-08-31T00:25:06.660541+00:00,2026-05-22T18:44:41.235363+00:00,,,true
33da1771-5386-491a-9885-3387a0c5932c,550e8400-e29b-41d4-a716-446655440018,17914,0000017914,4b48ced1-086f-4d8a-8999-4e6673476727,TXN-60976,60976,3,"Quezon city greenfields, Quezon City, Metro Manila",Maya,paid,Processing,scheduled,113.21,109.22,0,286.31,,,"{""source"":""web-checkout""}",2025-08-30T22:17:10.9351+00:00,2026-05-22T18:44:41.235363+00:00,,,true
7e309dc9-da7d-4a40-8fbd-eb2084f64d0a,550e8400-e29b-41d4-a716-446655440059,18005,0000018005,730bdb0d-ff30-4a9c-b9b8-a21e783a0fde,TXN-60819,60819,3,"Blk 454 lot23, Malita, Davao Occidental",Cash on Delivery,paid,Processing,scheduled,61.5,143.26,0,331.48,,,"{""source"":""web-checkout""}",2025-08-30T17:45:24.044356+00:00,2026-05-22T18:44:41.235363+00:00,,,true
f79444fd-c7de-4599-9090-7ce471376cb0,550e8400-e29b-41d4-a716-446655440027,18023,0000018023,78c577e3-c17c-4038-8e65-780e8d438753,TXN-60533,60533,3,"Miilionaires Village, Manila City, Metro Manila",GCash,paid,Cancelled,scheduled,277.95,146.22,0,167.7,,,"{""source"":""web-checkout""}",2025-08-30T12:50:14.912857+00:00,2026-05-22T18:44:41.235363+00:00,,,true
ad1ec770-5884-419b-9952-ffda6a5b711d,550e8400-e29b-41d4-a716-446655440039,18135,0000018135,a23ffadf-1818-495b-85e8-26bb968567d0,TXN-60948,60948,3,"Blk 454 lot23, Malita, Davao Occidental",GCash,paid,Processing,scheduled,335.14,85.27,0,675.83,,,"{""source"":""web-checkout""}",2025-08-30T09:39:05.889548+00:00,2026-05-22T18:44:41.235363+00:00,,,true
61e7ac77-45ff-4891-a5f2-36058e5f76cb,550e8400-e29b-41d4-a716-446655440030,18226,0000018226,c1066e43-fd7e-4d60-93ad-7903ae203d37,TXN-60878,60878,3,"Pickup at Branch 3, Quezon Avenue, Quezon City",Maya,paid,In Transit,scheduled,97.58,129.12,0,637,,,"{""source"":""web-checkout""}",2025-08-30T06:06:32.499515+00:00,2026-05-22T18:44:41.235363+00:00,,,true
24de64d3-9ffe-4997-a772-787fd9a3f11e,550e8400-e29b-41d4-a716-446655440017,17813,0000017813,24d59626-ae16-49e6-b97b-47fe38724a58,TXN-60908,60908,3,"Miilionaires Village, Manila City, Metro Manila",Cash on Delivery,paid,Cancelled,scheduled,102.97,118.9,43.05,559.56,,,"{""source"":""web-checkout""}",2025-08-29T22:40:32.360873+00:00,2026-05-22T18:44:41.235363+00:00,,,true
add1dd1d-1a0e-4d93-9f95-6653f6916945,550e8400-e29b-41d4-a716-446655440040,18386,0000018386,f82a58a0-639f-4a67-bb86-02e6710f7880,TXN-60901,60901,3,"Pickup at Branch 3, Quezon Avenue, Quezon City",Maya,paid,In Transit,scheduled,118.86,226.28,7.17,311.21,,,"{""source"":""web-checkout""}",2025-08-29T07:47:20.897056+00:00,2026-05-22T18:44:41.235363+00:00,,,true
550736b4-26f5-464f-9411-ea1eafbe3b41,550e8400-e29b-41d4-a716-446655440036,18132,0000018132,a10aff2c-a4db-48b7-bf75-5baa6df80e97,TXN-60506,60506,3,"Manila city, Jabonga, Agusan Del Norte",Credit / Debit Card,paid,Delivered,scheduled,282.77,79.6,0,628.16,,,"{""source"":""web-checkout""}",2025-08-28T14:15:19.171024+00:00,2026-05-22T18:44:41.235363+00:00,,,true
76cca4f0-9694-42ce-b657-9b741240fa84,550e8400-e29b-41d4-a716-446655440044,18240,0000018240,c5937dfd-a13d-4011-9c80-28d4f4abeaa6,TXN-61015,61015,3,"Blk 454 lot23, Malita, Davao Occidental",Credit / Debit Card,paid,Processing,claim_at_branch,111.99,152.84,0,294.4,,,"{""source"":""web-checkout""}",2025-08-28T02:43:05.749378+00:00,2026-05-22T18:44:41.235363+00:00,,,true
a969ad1e-9f1e-4638-ac4b-bedfb00cfb2e,550e8400-e29b-41d4-a716-446655440014,18210,0000018210,bcd88dc4-52b6-49da-a26d-f7436848bdde,TXN-61064,61064,3,"Blk 454 lot23, Malita, Davao Occidental",Maya,paid,Processing,claim_at_branch,375.89,244.16,0,119.12,,,"{""source"":""web-checkout""}",2025-08-27T22:31:23.56664+00:00,2026-05-22T18:44:41.235363+00:00,,,true
798b3403-913d-46bd-b0bf-defce15db688,550e8400-e29b-41d4-a716-446655440016,17962,0000017962,614a384a-aab0-4fce-a1cd-f47910986666,TXN-60897,60897,3,"Manila city, Jabonga, Agusan Del Norte",Maya,failed,Cancelled,claim_at_branch,382.79,129.86,0,506.94,,,"{""source"":""web-checkout""}",2025-08-27T18:29:23.314365+00:00,2026-05-23T06:26:46.624031+00:00,Cleaned up stale pending session,2026-05-23T06:26:46.624031+00:00,true
fee87aa0-00e6-476f-9ee2-818b2218f344,550e8400-e29b-41d4-a716-446655440034,17830,0000017830,2ac5cce3-0a42-4322-a1f5-1fd1c1309595,TXN-60842,60842,3,"Blk 454 lot23, Malita, Davao Occidental",Maya,paid,Processing,scheduled,66.11,50.3,0,245.7,,,"{""source"":""web-checkout""}",2025-08-27T16:26:56.010664+00:00,2026-05-22T18:44:41.235363+00:00,,,true
f338b991-a960-4d8c-91c6-b3e5f5c2cad4,550e8400-e29b-41d4-a716-446655440049,18245,0000018245,c68c1026-8290-49fb-8ae6-6ff2e8247688,TXN-60981,60981,3,"Blk 454 lot23, Malita, Davao Occidental",Cash on Delivery,paid,Processing,claim_at_branch,355.28,90.12,0,594.11,,,"{""source"":""web-checkout""}",2025-08-27T00:46:20.59299+00:00,2026-05-22T18:44:41.235363+00:00,,,true
d87a505a-f710-4852-9dcc-9ceec0d8b45b,550e8400-e29b-41d4-a716-446655440018,18364,0000018364,f30712e1-b941-42d0-b619-f4434420fa13,TXN-60590,60590,3,"Quezon city greenfields, Quezon City, Metro Manila",Credit / Debit Card,failed,Cancelled,scheduled,301.28,86.38,37.04,402.14,,,"{""source"":""web-checkout""}",2025-08-26T20:46:20.866133+00:00,2026-05-23T06:26:46.624031+00:00,Cleaned up stale pending session,2026-05-23T06:26:46.624031+00:00,true
526d7767-2729-4757-8929-66cc61fdbf05,550e8400-e29b-41d4-a716-446655440054,18050,0000018050,848f5140-c12f-43ae-abce-f0b0344fce32,TXN-60833,60833,3,"Blk 454 lot23, Malita, Davao Occidental",Maya,paid,Processing,scheduled,364.58,110.23,0,263.03,,,"{""source"":""web-checkout""}",2025-08-26T18:50:34.706387+00:00,2026-05-22T18:44:41.235363+00:00,,,true
99363b7f-7f4c-4f68-9a41-0c13f21df1f0,550e8400-e29b-41d4-a716-446655440011,18157,0000018157,aa0d279f-de74-4ce1-b89e-6de8128e44a1,TXN-61034,61034,3,"Manila city, Jabonga, Agusan Del Norte",Cash on Delivery,paid,Delivered,scheduled,78.54,50.29,0,605.42,,,"{""source"":""web-checkout""}",2025-08-26T15:10:50.389612+00:00,2026-05-22T18:44:41.235363+00:00,,,true
a501ca51-da61-42ae-92cf-262eec73705b,550e8400-e29b-41d4-a716-446655440012,17708,0000017708,004a72fd-3e02-41eb-bb5e-33246ffde8f8,TXN-60552,60552,3,"Miilionaires Village, Manila City, Metro Manila",Credit / Debit Card,paid,Cancelled,scheduled,277.32,135.88,0,459.13,,,"{""source"":""web-checkout""}",2025-08-26T13:47:01.444775+00:00,2026-05-22T18:44:41.235363+00:00,,,true
621673fa-67c8-40da-9dce-d61ea12a1d02,550e8400-e29b-41d4-a716-446655440050,18196,0000018196,b75637df-a28f-4499-b202-8641f16d6d6d,TXN-60955,60955,3,"Pickup at Branch 3, Quezon Avenue, Quezon City",Credit / Debit Card,paid,In Transit,scheduled,50.3,221.85,0,254.86,,,"{""source"":""web-checkout""}",2025-08-26T08:37:18.760893+00:00,2026-05-22T18:44:41.235363+00:00,,,true
9244db35-10d9-4ab9-a6c3-04cc5860cadf,550e8400-e29b-41d4-a716-446655440053,18299,0000018299,db0a96c1-bca3-4709-a175-b3ea12e3ed69,TXN-60935,60935,3,"Quezon city greenfields, Quezon City, Metro Manila",GCash,paid,Processing,scheduled,288.58,166.48,0,287,,,"{""source"":""web-checkout""}",2025-08-26T06:18:28.246703+00:00,2026-05-22T18:44:41.235363+00:00,,,true
c522bc31-f106-497f-9db3-4c696318e0bd,550e8400-e29b-41d4-a716-446655440014,17760,0000017760,12f8fff3-ce43-4ee6-8d0c-975836307cfe,TXN-60559,60559,3,"Blk 454 lot23, Malita, Davao Occidental",Credit / Debit Card,paid,Processing,scheduled,331.96,225.93,0,496.82,,,"{""source"":""web-checkout""}",2025-08-26T01:08:43.928186+00:00,2026-05-22T18:44:41.235363+00:00,,,true
5ba6da23-7b7c-410f-b1c6-48190ed68c82,550e8400-e29b-41d4-a716-446655440021,17717,0000017717,02b4a9c8-be06-4047-8b24-aa6c990438e1,TXN-60712,60712,3,"Manila city, Jabonga, Agusan Del Norte",Cash on Delivery,paid,Delivered,scheduled,114.14,204.9,21.93,461.92,,,"{""source"":""web-checkout""}",2025-08-25T19:05:43.201089+00:00,2026-05-22T18:44:41.235363+00:00,,,true
e84baffb-f7b6-4b4d-81d7-ac46a0de23a0,550e8400-e29b-41d4-a716-446655440010,18156,0000018156,a9ab9ea5-90f9-45e2-873e-882a20ef3955,TXN-60608,60608,3,"Pickup at Branch 3, Quezon Avenue, Quezon City",Credit / Debit Card,paid,In Transit,scheduled,82.33,97.2,0,624.84,,,"{""source"":""web-checkout""}",2025-08-25T09:47:44.225072+00:00,2026-05-22T18:44:41.235363+00:00,,,true
07d89ea0-2059-42e9-b757-453416d161cb,550e8400-e29b-41d4-a716-446655440058,18204,0000018204,bbfd6bb1-33ea-47e4-a014-c7d13252435d,TXN-61116,61116,3,"Quezon city greenfields, Quezon City, Metro Manila",Credit / Debit Card,failed,Cancelled,scheduled,275.84,243.8,0,480.7,,,"{""source"":""web-checkout""}",2025-08-24T14:40:10.305174+00:00,2026-05-23T06:26:46.624031+00:00,Cleaned up stale pending session,2026-05-23T06:26:46.624031+00:00,true
674034ca-8a20-474d-896d-4efe6957f02b,550e8400-e29b-41d4-a716-446655440027,17723,0000017723,0434404d-2b87-496d-b3ee-8f7e19227854,TXN-60531,60531,3,"Miilionaires Village, Manila City, Metro Manila",GCash,paid,Cancelled,scheduled,112.46,84.66,0,506.39,,,"{""source"":""web-checkout""}",2025-08-24T12:52:05.633804+00:00,2026-05-22T18:44:41.235363+00:00,,,true
d28b378b-4ebc-4596-9e62-1940d3604094,550e8400-e29b-41d4-a716-446655440059,18055,0000018055,85f8783a-3b83-4579-8a86-5303ac7c0ab6,TXN-60921,60921,3,"Blk 454 lot23, Malita, Davao Occidental",GCash,paid,Processing,claim_at_branch,336.22,115.27,0,495.79,,,"{""source"":""web-checkout""}",2025-08-24T09:40:18.666102+00:00,2026-05-22T18:44:41.235363+00:00,,,true
59653d2c-7814-4b6c-8456-86f229aefd90,550e8400-e29b-41d4-a716-446655440015,17911,0000017911,496afe7b-0eb3-43d2-8be3-c1fa42893593,TXN-60882,60882,3,"Pickup at Branch 3, Quezon Avenue, Quezon City",GCash,paid,In Transit,claim_at_branch,232.31,86.04,0,673.4,,,"{""source"":""web-checkout""}",2025-08-23T18:25:20.818446+00:00,2026-05-22T18:44:41.235363+00:00,,,true
e081cb0f-e28e-4538-9d0e-73df5b4694ec,550e8400-e29b-41d4-a716-446655440054,17850,0000017850,31d1fd58-2e12-4004-a54a-ab67968592cc,TXN-60770,60770,3,"Blk 454 lot23, Malita, Davao Occidental",Maya,paid,Processing,claim_at_branch,369.86,140.92,0,114.21,,,"{""source"":""web-checkout""}",2025-08-22T20:04:20.319384+00:00,2026-05-22T18:44:41.235363+00:00,,,true
632506b5-1123-440e-a318-0a67dbe80076,550e8400-e29b-41d4-a716-446655440025,17821,0000017821,281afa53-63b4-4320-b3a5-a1f919ac37a2,TXN-61055,61055,3,"Pickup at Branch 3, Quezon Avenue, Quezon City",Cash on Delivery,failed,Cancelled,scheduled,205.94,139.56,0,648.81,,,"{""source"":""web-checkout""}",2025-08-22T15:53:04.519059+00:00,2026-05-23T06:26:46.624031+00:00,Cleaned up stale pending session,2026-05-23T06:26:46.624031+00:00,true
ba483bf7-4437-4696-b745-412590ba6fc8,550e8400-e29b-41d4-a716-446655440049,17795,0000017795,1f784f37-939e-4fd9-9750-517ca0718c76,TXN-60857,60857,3,"Blk 454 lot23, Malita, Davao Occidental",GCash,paid,Processing,claim_at_branch,421.3,175.82,0,404.39,,,"{""source"":""web-checkout""}",2025-08-22T15:29:43.823192+00:00,2026-05-22T18:44:41.235363+00:00,,,true
d1672e11-3800-42ca-a74f-fe7604baae9d,550e8400-e29b-41d4-a716-446655440022,17718,0000017718,02b7a484-af8c-4ed7-b5ea-5a07afb815da,TXN-60684,60684,3,"Miilionaires Village, Manila City, Metro Manila",Maya,paid,Cancelled,claim_at_branch,387.73,235.07,0,280.77,,,"{""source"":""web-checkout""}",2025-08-22T14:38:46.057274+00:00,2026-05-22T18:44:41.235363+00:00,,,true
3e2da62c-b780-423e-a026-a766e5aadf99,550e8400-e29b-41d4-a716-446655440031,18327,0000018327,e5aedb35-8113-487e-bade-29b396d9369c,TXN-60968,60968,3,"Manila city, Jabonga, Agusan Del Norte",GCash,paid,Delivered,scheduled,177.87,156.89,0,661.62,,,"{""source"":""web-checkout""}",2025-08-21T07:13:18.87765+00:00,2026-05-22T18:44:41.235363+00:00,,,true
27acacda-6a9a-44cb-903c-35cc4ff24d01,550e8400-e29b-41d4-a716-446655440050,18096,0000018096,93fd1138-4112-4539-8caa-1c6096330e4d,TXN-60912,60912,3,"Pickup at Branch 3, Quezon Avenue, Quezon City",Credit / Debit Card,paid,In Transit,scheduled,244.87,167.23,27.68,306.03,,,"{""source"":""web-checkout""}",2025-08-21T04:24:02.744975+00:00,2026-05-22T18:44:41.235363+00:00,,,true
9fc3dacf-d3e6-4577-93ad-0b0343d6bc99,550e8400-e29b-41d4-a716-446655440053,17799,0000017799,20ee0c57-11da-49f6-94fb-1756b52def98,TXN-60648,60648,3,"Quezon city greenfields, Quezon City, Metro Manila",GCash,paid,Processing,claim_at_branch,343,79.56,0,599.42,,,"{""source"":""web-checkout""}",2025-08-21T01:32:32.919942+00:00,2026-05-22T18:44:41.235363+00:00,,,true
7fe7353f-2c57-4944-84cb-9a73f520a2d2,550e8400-e29b-41d4-a716-446655440056,18302,0000018302,dc291744-256b-4c88-a8eb-fff1390e9e2f,TXN-60847,60847,3,"Manila city, Jabonga, Agusan Del Norte",Maya,paid,Delivered,claim_at_branch,422.84,170.43,0,323.09,,,"{""source"":""web-checkout""}",2025-08-20T13:09:04.524582+00:00,2026-05-22T18:44:41.235363+00:00,,,true
057eb2f9-db00-400e-8a44-558b8cf6efd6,550e8400-e29b-41d4-a716-446655440011,17957,0000017957,5f7c0c9d-a7c5-48e1-a654-1a4b73ef3968,TXN-60990,60990,3,"Manila city, Jabonga, Agusan Del Norte",Cash on Delivery,paid,Delivered,scheduled,191.32,148.84,7.87,419.02,,,"{""source"":""web-checkout""}",2025-08-20T10:52:58.728775+00:00,2026-05-22T18:44:41.235363+00:00,,,true
8169cd7f-88b9-455e-b93a-a86361529b59,550e8400-e29b-41d4-a716-446655440046,17792,0000017792,1ec49c43-7223-4c69-a635-7fb07161f2da,TXN-60891,60891,3,"Manila city, Jabonga, Agusan Del Norte",Credit / Debit Card,paid,Delivered,claim_at_branch,399.48,63.89,12.22,228.18,,,"{""source"":""web-checkout""}",2025-08-20T04:25:23.326154+00:00,2026-05-22T18:44:41.235363+00:00,,,true
45acebc8-cfa1-40a4-8e91-62ad9c6a6b1c,550e8400-e29b-41d4-a716-446655440029,18175,0000018175,b1107b90-d8bb-4830-a8f4-08b07d063290,TXN-61007,61007,3,"Blk 454 lot23, Malita, Davao Occidental",GCash,paid,Processing,claim_at_branch,50.94,200.76,0,645.34,,,"{""source"":""web-checkout""}",2025-08-19T06:16:18.928787+00:00,2026-05-22T18:44:41.235363+00:00,,,true
6c14644f-ef9a-4f1a-aff9-679a8c3216da,550e8400-e29b-41d4-a716-446655440014,18110,0000018110,99930eff-bc4a-4494-906b-fd22a71360d3,TXN-60536,60536,3,"Blk 454 lot23, Malita, Davao Occidental",Maya,failed,Cancelled,claim_at_branch,334.26,116.48,0,592.89,,,"{""source"":""web-checkout""}",2025-08-19T03:40:10.645066+00:00,2026-05-23T06:26:46.624031+00:00,Cleaned up stale pending session,2026-05-23T06:26:46.624031+00:00,true
96acf868-c5ba-4047-8d70-8e00f3e71d14,550e8400-e29b-41d4-a716-446655440029,18325,0000018325,e474f759-dbd4-4c51-b9db-71ae96049ece,TXN-60781,60781,3,"Blk 454 lot23, Malita, Davao Occidental",Cash on Delivery,paid,Processing,scheduled,308.37,245.9,0,277.56,,,"{""source"":""web-checkout""}",2025-08-19T01:54:17.2327+00:00,2026-05-22T18:44:41.235363+00:00,,,true
fc40a55a-ba98-41c0-8674-1d4077ec2353,550e8400-e29b-41d4-a716-446655440021,18267,0000018267,cd69a361-52be-4479-b0d5-449dd630b39b,TXN-60703,60703,3,"Manila city, Jabonga, Agusan Del Norte",GCash,failed,Cancelled,scheduled,287.42,221.48,0,585.9,,,"{""source"":""web-checkout""}",2025-08-19T00:14:07.145974+00:00,2026-05-23T06:26:46.624031+00:00,Cleaned up stale pending session,2026-05-23T06:26:46.624031+00:00,true
428d1a89-cd16-41a5-a138-4245ef39675c,550e8400-e29b-41d4-a716-446655440057,17953,0000017953,5d7054ce-3554-4b4e-b661-d088fdd949ef,TXN-61075,61075,3,"Miilionaires Village, Manila City, Metro Manila",Cash on Delivery,paid,Cancelled,claim_at_branch,89.95,187.45,0,420.36,,,"{""source"":""web-checkout""}",2025-08-18T18:35:00.166864+00:00,2026-05-22T18:44:41.235363+00:00,,,true
6cebc356-9bc8-43a5-9fdd-329e7daebc6c,550e8400-e29b-41d4-a716-446655440029,17775,0000017775,1819ecc0-ca16-40ba-a9ec-d8bd01bd85f3,TXN-60763,60763,3,"Blk 454 lot23, Malita, Davao Occidental",GCash,paid,Processing,scheduled,246.56,172.31,0,671.41,,,"{""source"":""web-checkout""}",2025-08-18T16:50:04.481361+00:00,2026-05-22T18:44:41.235363+00:00,,,true
94bda8f4-7d22-47f5-bd04-9cc9ec4d5cbc,550e8400-e29b-41d4-a716-446655440023,17819,0000017819,26b09fde-5dc0-4e02-a32a-3ec1af0b0155,TXN-60811,60811,3,"Quezon city greenfields, Quezon City, Metro Manila",GCash,paid,Processing,scheduled,106.28,203.51,0,181.56,,,"{""source"":""web-checkout""}",2025-08-17T20:43:43.748915+00:00,2026-05-22T18:44:41.235363+00:00,,,true
576172ce-45c9-4098-8d58-e290f3ba279e,550e8400-e29b-41d4-a716-446655440017,17763,0000017763,133ad33d-1b0b-4c63-96f0-a5a3d52bea81,TXN-61060,61060,3,"Miilionaires Village, Manila City, Metro Manila",GCash,paid,Cancelled,claim_at_branch,93.14,157.15,0,607.62,,,"{""source"":""web-checkout""}",2025-08-17T15:56:16.677869+00:00,2026-05-22T18:44:41.235363+00:00,,,true
da7aa52b-db6d-4c88-a9c9-483078159972,550e8400-e29b-41d4-a716-446655440038,17984,0000017984,6aa11f41-50d2-493c-92bf-eb4c8d85c709,TXN-61069,61069,3,"Quezon city greenfields, Quezon City, Metro Manila",Credit / Debit Card,paid,Processing,scheduled,438.35,66.66,0,523.68,,,"{""source"":""web-checkout""}",2025-08-17T13:48:55.111635+00:00,2026-05-22T18:44:41.235363+00:00,,,true
64b299f7-ea3e-47ed-a1a4-578a3acf9ff8,550e8400-e29b-41d4-a716-446655440038,18184,0000018184,b31962e6-5ad4-4dca-80a4-3a53c446dd1d,TXN-60972,60972,3,"Quezon city greenfields, Quezon City, Metro Manila",Credit / Debit Card,paid,Processing,scheduled,175.14,58.11,0,661.14,,,"{""source"":""web-checkout""}",2025-08-17T13:44:02.647022+00:00,2026-05-22T18:44:41.235363+00:00,,,true
31112e63-3edb-4a19-8bc7-8bb8e20ce137,550e8400-e29b-41d4-a716-446655440010,18006,0000018006,736de1e7-fc03-4ae1-a7dd-206cbedad523,TXN-60664,60664,3,"Pickup at Branch 3, Quezon Avenue, Quezon City",Maya,paid,In Transit,scheduled,332.32,248.6,0,504.76,,,"{""source"":""web-checkout""}",2025-08-17T13:02:02.002066+00:00,2026-05-22T18:44:41.235363+00:00,,,true
b1fd6636-9151-4a74-8a2d-fbd15693cf8b,550e8400-e29b-41d4-a716-446655440053,18349,0000018349,ed735c0a-6709-4178-b7f6-8e7ec0be7197,TXN-61196,61196,3,"Quezon city greenfields, Quezon City, Metro Manila",Cash on Delivery,paid,Processing,claim_at_branch,279.23,144.51,43.26,208.26,,,"{""source"":""web-checkout""}",2025-08-17T03:30:03.405239+00:00,2026-05-22T18:44:41.235363+00:00,,,true
11e78f93-b9b2-43d2-985c-35d7860829ed,550e8400-e29b-41d4-a716-446655440025,18021,0000018021,78440131-1e69-46d9-9055-30232027109a,TXN-60865,60865,3,"Pickup at Branch 3, Quezon Avenue, Quezon City",Cash on Delivery,paid,In Transit,scheduled,207.28,139.02,0,253.13,,,"{""source"":""web-checkout""}",2025-08-17T02:53:07.379478+00:00,2026-05-22T18:44:41.235363+00:00,,,true
3ad71a8d-c94e-4dcc-bc3a-ad54f53778a2,550e8400-e29b-41d4-a716-446655440020,18016,0000018016,76acd701-ffab-4508-82e2-a0f969b344e8,TXN-61141,61141,3,"Pickup at Branch 3, Quezon Avenue, Quezon City",Credit / Debit Card,paid,In Transit,claim_at_branch,97.79,100.58,14.17,626.68,,,"{""source"":""web-checkout""}",2025-08-16T22:49:36.893397+00:00,2026-05-22T18:44:41.235363+00:00,,,true
335f8bc5-78f5-4b58-800c-1a83393306c9,550e8400-e29b-41d4-a716-446655440038,17784,0000017784,1b525696-6af1-4400-8d2b-a97c17f7877f,TXN-60589,60589,3,"Quezon city greenfields, Quezon City, Metro Manila",Credit / Debit Card,paid,Processing,claim_at_branch,353.79,158.93,0,212.42,,,"{""source"":""web-checkout""}",2025-08-16T08:41:52.747679+00:00,2026-05-22T18:44:41.235363+00:00,,,true
0fcc031d-9718-4a86-8374-36b714f21418,550e8400-e29b-41d4-a716-446655440022,18368,0000018368,f46d410d-dfba-474b-97d8-899483f7f991,TXN-60950,60950,3,"Miilionaires Village, Manila City, Metro Manila",Credit / Debit Card,paid,Cancelled,scheduled,210.75,210.35,0,366.77,,,"{""source"":""web-checkout""}",2025-08-15T19:07:41.808892+00:00,2026-05-22T18:44:41.235363+00:00,,,true
c4b54dec-cbe1-4ff7-9ff6-ff905a56b59f,550e8400-e29b-41d4-a716-446655440017,18013,0000018013,76003303-60e0-4ec1-9737-86e5477a8ba3,TXN-60682,60682,3,"Miilionaires Village, Manila City, Metro Manila",Cash on Delivery,paid,Cancelled,claim_at_branch,99.99,56.91,0,175.5,,,"{""source"":""web-checkout""}",2025-08-15T09:54:42.378336+00:00,2026-05-22T18:44:41.235363+00:00,,,true
dd60c45f-0ce2-4510-8b38-b8bc73a2f5b3,550e8400-e29b-41d4-a716-446655440048,17994,0000017994,6d651ab0-bc7b-404e-a0e5-10cc0a2a8362,TXN-60655,60655,3,"Quezon city greenfields, Quezon City, Metro Manila",Maya,paid,Processing,claim_at_branch,384.58,196.22,0,511.19,,,"{""source"":""web-checkout""}",2025-08-15T05:47:13.326402+00:00,2026-05-22T18:44:41.235363+00:00,,,true
53e1fce1-3299-49c5-816f-30791a2f8073,550e8400-e29b-41d4-a716-446655440051,17997,0000017997,6ff0cd94-9ff6-4007-95e9-d67ee981b31a,TXN-61195,61195,3,"Manila city, Jabonga, Agusan Del Norte",Cash on Delivery,paid,Delivered,claim_at_branch,97.06,94.75,0,621.25,,,"{""source"":""web-checkout""}",2025-08-14T05:35:40.548829+00:00,2026-05-22T18:44:41.235363+00:00,,,true
b571f799-ee4e-482f-af5f-d329c07146d5,550e8400-e29b-41d4-a716-446655440041,17937,0000017937,526150bc-a38f-4cba-b6c7-dec084b72617,TXN-60848,60848,3,"Manila city, Jabonga, Agusan Del Norte",Cash on Delivery,paid,Delivered,claim_at_branch,367.34,68.11,0,595.22,,,"{""source"":""web-checkout""}",2025-08-14T01:21:48.320254+00:00,2026-05-22T18:44:41.235363+00:00,,,true
1b8238b3-8c33-4a97-b34d-cfc2df41c415,550e8400-e29b-41d4-a716-446655440042,18038,0000018038,800dd481-f0c5-438f-95f8-1d5278f51608,TXN-60624,60624,3,"Miilionaires Village, Manila City, Metro Manila",Maya,paid,Cancelled,scheduled,138.58,142.13,0,603.77,,,"{""source"":""web-checkout""}",2025-08-14T00:59:36.848204+00:00,2026-05-22T18:44:41.235363+00:00,,,true
f73696c2-7c9e-4d1f-b39f-368e243f88b1,550e8400-e29b-41d4-a716-446655440023,18069,0000018069,8d82bef4-49e1-4c3c-bb63-7b9464bd0a8d,TXN-60640,60640,3,"Quezon city greenfields, Quezon City, Metro Manila",Cash on Delivery,paid,Processing,claim_at_branch,380.93,173.86,22.37,684.54,,,"{""source"":""web-checkout""}",2025-08-13T21:56:09.720191+00:00,2026-05-22T18:44:41.235363+00:00,,,true
ae5eea51-ce74-4d28-9cd2-d68504294fa3,550e8400-e29b-41d4-a716-446655440053,17899,0000017899,433fbf95-f8bc-4138-9303-927c7e9ac5d9,TXN-60639,60639,3,"Quezon city greenfields, Quezon City, Metro Manila",GCash,paid,Processing,scheduled,420.26,222.71,0,480.92,,,"{""source"":""web-checkout""}",2025-08-13T10:44:18.477679+00:00,2026-05-22T18:44:41.235363+00:00,,,true
f4f7e2fe-c4a4-4099-b057-166943f09125,550e8400-e29b-41d4-a716-446655440014,17710,0000017710,00d2c353-6b48-422f-89f8-d546b3c06f63,TXN-61078,61078,3,"Blk 454 lot23, Malita, Davao Occidental",Maya,paid,Processing,scheduled,55.4,181.33,0,139.78,,,"{""source"":""web-checkout""}",2025-08-13T10:37:05.814055+00:00,2026-05-22T18:44:41.235363+00:00,,,true
d9e142d8-b5f6-4f74-8639-fbf17789b4bb,550e8400-e29b-41d4-a716-446655440042,17738,0000017738,080524cb-96d8-4c19-b37c-0aa43821ff2e,TXN-60663,60663,3,"Miilionaires Village, Manila City, Metro Manila",Maya,paid,Cancelled,scheduled,55.72,151.31,0,112.56,,,"{""source"":""web-checkout""}",2025-08-12T19:15:12.078944+00:00,2026-05-22T18:44:41.235363+00:00,,,true
f1353659-1482-4e7f-9658-740fafa3f45d,550e8400-e29b-41d4-a716-446655440023,18169,0000018169,adb1175e-3914-4a36-b438-862191de3d8c,TXN-60556,60556,3,"Quezon city greenfields, Quezon City, Metro Manila",Cash on Delivery,paid,Processing,claim_at_branch,173.57,237.84,0,219.46,,,"{""source"":""web-checkout""}",2025-08-12T14:32:30.080733+00:00,2026-05-22T18:44:41.235363+00:00,,,true
c2a1385e-7d04-4a50-86c9-3a7e8e55fac2,550e8400-e29b-41d4-a716-446655440032,18078,0000018078,8f5a0c8a-a504-47c6-bf9d-27b299f84a1a,TXN-61112,61112,3,"Miilionaires Village, Manila City, Metro Manila",Maya,failed,Cancelled,scheduled,180.91,104.99,0,468.13,,,"{""source"":""web-checkout""}",2025-08-12T08:20:45.052049+00:00,2026-05-23T06:26:46.624031+00:00,Cleaned up stale pending session,2026-05-23T06:26:46.624031+00:00,true
b774ee9a-360d-4e74-8abc-be492b7b6599,550e8400-e29b-41d4-a716-446655440051,18147,0000018147,a6a3420f-9455-480f-8463-609adec937e9,TXN-60918,60918,3,"Manila city, Jabonga, Agusan Del Norte",GCash,paid,Delivered,scheduled,409.66,122.92,40.53,511.45,,,"{""source"":""web-checkout""}",2025-08-12T07:11:35.440574+00:00,2026-05-22T18:44:41.235363+00:00,,,true
9caaa5f6-29a7-4076-9a49-681d7dbe7011,550e8400-e29b-41d4-a716-446655440025,17871,0000017871,3979c3fb-68b4-42c0-8235-0684a8e18d41,TXN-60994,60994,3,"Pickup at Branch 3, Quezon Avenue, Quezon City",GCash,paid,In Transit,scheduled,200.28,155.3,0,635.53,,,"{""source"":""web-checkout""}",2025-08-12T06:23:51.050186+00:00,2026-05-22T18:44:41.235363+00:00,,,true
a6167e9c-c35f-40c4-8fb4-7d4a828b1b6d,550e8400-e29b-41d4-a716-446655440035,18181,0000018181,b278c49f-e72f-4d1b-9240-eab4aabef309,TXN-61089,61089,3,"Pickup at Branch 3, Quezon Avenue, Quezon City",Cash on Delivery,paid,In Transit,claim_at_branch,449.28,179.93,27.98,219.86,,,"{""source"":""web-checkout""}",2025-08-11T20:43:44.674261+00:00,2026-05-22T18:44:41.235363+00:00,,,true
4b31be44-c2fa-4053-8681-39e7c188a3e5,550e8400-e29b-41d4-a716-446655440049,18095,0000018095,93e73c78-00fd-40fa-bdb5-35b4563f20e6,TXN-60654,60654,3,"Blk 454 lot23, Malita, Davao Occidental",GCash,paid,Processing,scheduled,399.07,137.7,28.75,130.82,,,"{""source"":""web-checkout""}",2025-08-11T11:41:13.75393+00:00,2026-05-22T18:44:41.235363+00:00,,,true
7a45e49e-ee6c-48ac-95a1-5e2f31f860c5,550e8400-e29b-41d4-a716-446655440019,18015,0000018015,76585f22-c191-4d08-9406-d0f712160c5d,TXN-60903,60903,3,"Blk 454 lot23, Malita, Davao Occidental",GCash,failed,Cancelled,scheduled,229.26,118.48,0,446.59,,,"{""source"":""web-checkout""}",2025-08-10T19:04:34.70366+00:00,2026-05-23T06:26:46.624031+00:00,Cleaned up stale pending session,2026-05-23T06:26:46.624031+00:00,true
6cf56514-2889-4044-9e44-161f1ece6620,550e8400-e29b-41d4-a716-446655440034,17980,0000017980,69bb68b4-f8a9-43e7-bfbf-1c9e7f0bee73,TXN-60824,60824,3,"Blk 454 lot23, Malita, Davao Occidental",Credit / Debit Card,paid,Processing,claim_at_branch,446.97,169.03,0,312.65,,,"{""source"":""web-checkout""}",2025-08-10T17:35:46.215784+00:00,2026-05-22T18:44:41.235363+00:00,,,true
5e0bdeb0-fcae-48a6-9399-4744190b8713,550e8400-e29b-41d4-a716-446655440049,17845,0000017845,2fc9fdd3-4096-478a-8041-85832f66fdd7,TXN-60855,60855,3,"Blk 454 lot23, Malita, Davao Occidental",Cash on Delivery,paid,Processing,scheduled,97.08,66.36,0,356.2,,,"{""source"":""web-checkout""}",2025-08-10T07:58:02.132321+00:00,2026-05-22T18:44:41.235363+00:00,,,true
7e8a497d-7dc3-4405-8b05-2747f65e70d1,550e8400-e29b-41d4-a716-446655440024,18220,0000018220,c01d779e-0b1e-434d-a9a4-c021c61a9cdd,TXN-61047,61047,3,"Blk 454 lot23, Malita, Davao Occidental",Credit / Debit Card,paid,Processing,scheduled,430.33,75.8,0,475.77,,,"{""source"":""web-checkout""}",2025-08-10T05:07:08.995749+00:00,2026-05-22T18:44:41.235363+00:00,,,true
bb78298c-6ff2-4ca7-9d0f-ef21ef800ceb,550e8400-e29b-41d4-a716-446655440033,18079,0000018079,8f764863-ca83-4a1a-964a-60f07217c71f,TXN-61057,61057,3,"Quezon city greenfields, Quezon City, Metro Manila",GCash,paid,Processing,claim_at_branch,156.63,190.79,0,323.74,,,"{""source"":""web-checkout""}",2025-08-09T22:57:40.291487+00:00,2026-05-22T18:44:41.235363+00:00,,,true
75b617c0-0517-4af2-8c13-135e9e3c3539,550e8400-e29b-41d4-a716-446655440030,18126,0000018126,9e700a79-f5ae-431e-99a4-4bf6897bd908,TXN-60835,60835,3,"Pickup at Branch 3, Quezon Avenue, Quezon City",Maya,paid,In Transit,scheduled,182.09,137.55,0,532.79,,,"{""source"":""web-checkout""}",2025-08-09T22:42:55.087221+00:00,2026-05-22T18:44:41.235363+00:00,,,true
27f72474-885e-4805-b4d3-130d71117dab,550e8400-e29b-41d4-a716-446655440059,17855,0000017855,32c6c341-976b-4647-a3eb-21851a46383b,TXN-60762,60762,3,"Blk 454 lot23, Malita, Davao Occidental",GCash,failed,Cancelled,claim_at_branch,119.38,82.09,46.43,157.38,,,"{""source"":""web-checkout""}",2025-08-09T16:44:20.525976+00:00,2026-05-23T06:26:46.624031+00:00,Cleaned up stale pending session,2026-05-23T06:26:46.624031+00:00,true
e1a329dd-2980-4b6a-863c-20fe7f026173,550e8400-e29b-41d4-a716-446655440018,18314,0000018314,e079589b-5347-46d8-ba70-d40bfe406fbf,TXN-60532,60532,3,"Quezon city greenfields, Quezon City, Metro Manila",Maya,paid,Processing,scheduled,99.16,138.96,0,491.27,,,"{""source"":""web-checkout""}",2025-08-09T03:33:55.89917+00:00,2026-05-22T18:44:41.235363+00:00,,,true
fb9d2215-c825-42eb-ad08-add2c34f4931,550e8400-e29b-41d4-a716-446655440023,17969,0000017969,638aae9c-184c-42d4-8797-44dea02f12ad,TXN-60543,60543,3,"Quezon city greenfields, Quezon City, Metro Manila",Cash on Delivery,paid,Processing,scheduled,54.38,57.28,0,286.84,,,"{""source"":""web-checkout""}",2025-08-09T02:13:06.343568+00:00,2026-05-22T18:44:41.235363+00:00,,,true
049d1855-ab09-4bac-8314-4fb4b0b227fd,550e8400-e29b-41d4-a716-446655440043,18239,0000018239,c498c5b7-ab58-4651-af90-d5f44cf0972e,TXN-61186,61186,3,"Quezon city greenfields, Quezon City, Metro Manila",GCash,paid,Processing,scheduled,396.99,132.19,0,279.84,,,"{""source"":""web-checkout""}",2025-08-08T18:41:42.700136+00:00,2026-05-22T18:44:41.235363+00:00,,,true
4bba510d-bc6b-410b-8184-378b251c4a71,550e8400-e29b-41d4-a716-446655440015,17861,0000017861,352bd928-121d-4485-bd4a-909136d2df5a,TXN-60867,60867,3,"Pickup at Branch 3, Quezon Avenue, Quezon City",Cash on Delivery,failed,Cancelled,scheduled,341.21,60.87,0,590.33,,,"{""source"":""web-checkout""}",2025-08-08T16:34:08.170669+00:00,2026-05-23T06:26:46.624031+00:00,Cleaned up stale pending session,2026-05-23T06:26:46.624031+00:00,true
11abb77a-6db8-43f6-baea-2459731d6c36,550e8400-e29b-41d4-a716-446655440044,18040,0000018040,809dcf5b-fe37-4b7b-a3eb-abb1388f5ceb,TXN-60745,60745,3,"Blk 454 lot23, Malita, Davao Occidental",Credit / Debit Card,failed,Cancelled,claim_at_branch,244.75,239.37,0,529.53,,,"{""source"":""web-checkout""}",2025-08-08T14:09:55.566464+00:00,2026-05-23T06:26:46.624031+00:00,Cleaned up stale pending session,2026-05-23T06:26:46.624031+00:00,true
37f17cb2-6991-4c7a-b84f-a53054cb081e,550e8400-e29b-41d4-a716-446655440058,18054,0000018054,8562d2cb-9682-447e-b128-025ecb7b5121,TXN-60907,60907,3,"Quezon city greenfields, Quezon City, Metro Manila",Maya,paid,Processing,scheduled,365.9,86.16,0,214.6,,,"{""source"":""web-checkout""}",2025-08-08T13:46:52.222535+00:00,2026-05-22T18:44:41.235363+00:00,,,true
fe514849-a268-4ef2-b8e5-dc796155927a,550e8400-e29b-41d4-a716-446655440019,18315,0000018315,e07a1c7d-cc5d-4123-b81d-166ec537dd92,TXN-60714,60714,3,"Blk 454 lot23, Malita, Davao Occidental",GCash,paid,Processing,claim_at_branch,148.83,72.83,0,510.82,,,"{""source"":""web-checkout""}",2025-08-08T11:33:44.741945+00:00,2026-05-22T18:44:41.235363+00:00,,,true
7439aee1-e69d-4841-b554-778500becf77,550e8400-e29b-41d4-a716-446655440031,17727,0000017727,05187264-f228-46ed-b2ef-2b7827d51a15,TXN-61038,61038,3,"Manila city, Jabonga, Agusan Del Norte",GCash,paid,Delivered,scheduled,111.74,217.64,29.4,170.99,,,"{""source"":""web-checkout""}",2025-08-08T10:22:04.363747+00:00,2026-05-22T18:44:41.235363+00:00,,,true
f57d5dd9-8c60-415e-8129-7a2ebbc5bd5a,550e8400-e29b-41d4-a716-446655440034,18130,0000018130,9feb0502-0a34-4365-8d2a-b376201f5e33,TXN-60805,60805,3,"Blk 454 lot23, Malita, Davao Occidental",Maya,paid,Processing,claim_at_branch,286.42,199.72,0,608,,,"{""source"":""web-checkout""}",2025-08-08T07:06:51.247589+00:00,2026-05-22T18:44:41.235363+00:00,,,true
8317a2d7-ab11-485b-802c-e2ef2ef533c0,550e8400-e29b-41d4-a716-446655440020,18116,0000018116,9b1dde14-98ec-4c2f-bf62-c55153331474,TXN-60606,60606,3,"Pickup at Branch 3, Quezon Avenue, Quezon City",Credit / Debit Card,paid,In Transit,scheduled,236.06,238.89,0,441.76,,,"{""source"":""web-checkout""}",2025-08-08T06:03:51.204049+00:00,2026-05-22T18:44:41.235363+00:00,,,true
3d4bc585-d311-419e-93ae-d3597dd3e479,550e8400-e29b-41d4-a716-446655440052,18248,0000018248,c72389f2-ee29-43bb-a4a2-62d758fcf367,TXN-60574,60574,3,"Miilionaires Village, Manila City, Metro Manila",Credit / Debit Card,paid,Cancelled,scheduled,243.8,188.67,20.9,633.79,,,"{""source"":""web-checkout""}",2025-08-07T08:14:51.876759+00:00,2026-05-22T18:44:41.235363+00:00,,,true
9da01ad1-79e8-4333-95d7-3a5d58d595ec,550e8400-e29b-41d4-a716-446655440046,18392,0000018392,f9c54753-ad16-4632-a91a-1ae31b3ecc9d,TXN-61184,61184,3,"Manila city, Jabonga, Agusan Del Norte",Credit / Debit Card,paid,Delivered,claim_at_branch,198.89,117.47,0,220.97,,,"{""source"":""web-checkout""}",2025-08-07T06:58:48.922128+00:00,2026-05-22T18:44:41.235363+00:00,,,true
649c4245-055d-4825-8906-29a3289d04f1,550e8400-e29b-41d4-a716-446655440046,17742,0000017742,09a8828b-ef7a-47b8-b82e-11d2f31f997a,TXN-60526,60526,3,"Manila city, Jabonga, Agusan Del Norte",Maya,paid,Delivered,claim_at_branch,114.3,66,0,189.62,,,"{""source"":""web-checkout""}",2025-08-06T23:24:46.006462+00:00,2026-05-22T18:44:41.235363+00:00,,,true
033173fa-ee74-4aca-b910-de0b45278672,550e8400-e29b-41d4-a716-446655440033,17979,0000017979,67e8a9ce-e89a-4db6-86a2-e30587175d9b,TXN-61073,61073,3,"Quezon city greenfields, Quezon City, Metro Manila",GCash,paid,Processing,scheduled,176.69,56.67,0,365.57,,,"{""source"":""web-checkout""}",2025-08-06T18:21:47.266509+00:00,2026-05-22T18:44:41.235363+00:00,,,true
ade4b84f-0598-4720-8fbf-cd39e98842a2,550e8400-e29b-41d4-a716-446655440034,18380,0000018380,f6e277e0-35c1-4103-b338-94fe7e14e5f2,TXN-61191,61191,3,"Blk 454 lot23, Malita, Davao Occidental",Credit / Debit Card,paid,Processing,claim_at_branch,64.46,168.14,24.47,461.53,,,"{""source"":""web-checkout""}",2025-08-06T17:58:04.887619+00:00,2026-05-22T18:44:41.235363+00:00,,,true
027e6881-44e9-4fbe-bf1b-10d838865635,550e8400-e29b-41d4-a716-446655440010,17806,0000017806,22b6414f-b9a6-42f0-8378-a3cd377b2486,TXN-60504,60504,3,"Pickup at Branch 3, Quezon Avenue, Quezon City",Maya,paid,In Transit,claim_at_branch,183.42,79,0,382.05,,,"{""source"":""web-checkout""}",2025-08-06T14:12:27.218777+00:00,2026-05-22T18:44:41.235363+00:00,,,true
a783f650-d493-4fb8-9ebd-f62f49bc94de,550e8400-e29b-41d4-a716-446655440023,18019,0000018019,77688b82-7a65-418d-9557-c74c34a53963,TXN-60701,60701,3,"Quezon city greenfields, Quezon City, Metro Manila",GCash,paid,Processing,scheduled,200.2,106.95,17.61,359.82,,,"{""source"":""web-checkout""}",2025-08-06T12:16:50.645387+00:00,2026-05-22T18:44:41.235363+00:00,,,true
ad3fb9ec-5117-4c18-8670-d1176ead7d6a,550e8400-e29b-41d4-a716-446655440018,18164,0000018164,ac3fe3dc-fa6d-4249-8ef4-539a22b73a22,TXN-60859,60859,3,"Quezon city greenfields, Quezon City, Metro Manila",Credit / Debit Card,paid,Processing,scheduled,363.69,77.55,0,476.78,,,"{""source"":""web-checkout""}",2025-08-05T23:57:27.685709+00:00,2026-05-22T18:44:41.235363+00:00,,,true
c1c25950-be15-4644-931b-aa7515c5214b,550e8400-e29b-41d4-a716-446655440043,17739,0000017739,0843a4fd-a64a-4cbb-b8a0-4111b3af934f,TXN-60678,60678,3,"Quezon city greenfields, Quezon City, Metro Manila",GCash,paid,Processing,claim_at_branch,164.68,200.35,0,547.59,,,"{""source"":""web-checkout""}",2025-08-05T15:51:15.29303+00:00,2026-05-22T18:44:41.235363+00:00,,,true
f4a7127b-1cac-4f21-b0f6-dadab8c46154,550e8400-e29b-41d4-a716-446655440020,17966,0000017966,62932a73-38c8-4f73-b568-5c88fa23b9df,TXN-60827,60827,3,"Pickup at Branch 3, Quezon Avenue, Quezon City",Maya,paid,In Transit,scheduled,441.96,90.95,0,271.22,,,"{""source"":""web-checkout""}",2025-08-05T08:23:52.88065+00:00,2026-05-22T18:44:41.235363+00:00,,,true
225c1462-4ece-4f20-8bcf-155647260ade,550e8400-e29b-41d4-a716-446655440016,18212,0000018212,bdf8c857-bd78-4f7d-9aa8-7ec3f2876a8e,TXN-61139,61139,3,"Manila city, Jabonga, Agusan Del Norte",Credit / Debit Card,failed,Cancelled,claim_at_branch,271.45,100.42,0,545.85,,,"{""source"":""web-checkout""}",2025-08-05T00:49:05.304346+00:00,2026-05-23T06:26:46.624031+00:00,Cleaned up stale pending session,2026-05-23T06:26:46.624031+00:00,true
809c037d-c293-49ab-9180-4031e3a63c30,550e8400-e29b-41d4-a716-446655440010,18356,0000018356,ef9e2065-5c1c-47a2-aa8c-aecd387ceba4,TXN-60637,60637,3,"Pickup at Branch 3, Quezon Avenue, Quezon City",Credit / Debit Card,paid,In Transit,claim_at_branch,56.66,144.7,0,447.8,,,"{""source"":""web-checkout""}",2025-08-04T17:23:19.307211+00:00,2026-05-22T18:44:41.235363+00:00,,,true
f8b35432-d9b2-4c6e-a6be-507a17fdc826,550e8400-e29b-41d4-a716-446655440036,18182,0000018182,b28f416a-0190-4256-96b7-195bad032efd,TXN-60831,60831,3,"Manila city, Jabonga, Agusan Del Norte",Maya,paid,Delivered,scheduled,182,90.91,0,127.48,,,"{""source"":""web-checkout""}",2025-08-04T14:53:57.712687+00:00,2026-05-22T18:44:41.235363+00:00,,,true
15403aad-b223-41ad-b2a4-f94b7765d268,550e8400-e29b-41d4-a716-446655440059,18155,0000018155,a939fb81-c729-446b-859b-0bef762356d6,TXN-60573,60573,3,"Blk 454 lot23, Malita, Davao Occidental",GCash,paid,Processing,scheduled,264.55,135.99,0,291.61,,,"{""source"":""web-checkout""}",2025-08-03T16:21:16.356529+00:00,2026-05-22T18:44:41.235363+00:00,,,true
480e9de1-c10a-4d35-a1b7-70e3a6c68d96,550e8400-e29b-41d4-a716-446655440019,17815,0000017815,257ed43f-2515-4f79-83ea-73cbfa180ca5,TXN-60916,60916,3,"Blk 454 lot23, Malita, Davao Occidental",GCash,failed,Cancelled,scheduled,125.45,168.27,0,688.31,,,"{""source"":""web-checkout""}",2025-08-03T11:13:10.40466+00:00,2026-05-23T06:26:46.624031+00:00,Cleaned up stale pending session,2026-05-23T06:26:46.624031+00:00,true
f1c5ffa8-d32e-4933-acce-d31dbe68c2b2,550e8400-e29b-41d4-a716-446655440036,17932,0000017932,519612b6-c80a-43d7-98a4-c4f58ec00743,TXN-61129,61129,3,"Manila city, Jabonga, Agusan Del Norte",Credit / Debit Card,paid,Delivered,scheduled,360.66,200.18,21.54,616.18,,,"{""source"":""web-checkout""}",2025-08-03T07:26:23.624826+00:00,2026-05-22T18:44:41.235363+00:00,,,true
a56bf0dc-2614-429c-a0e9-c19ab0427b63,550e8400-e29b-41d4-a716-446655440026,18322,0000018322,e21af014-52dd-4a9a-b992-2051d7749d0f,TXN-60786,60786,3,"Manila city, Jabonga, Agusan Del Norte",Maya,paid,Delivered,claim_at_branch,372.91,159.33,0,510.76,,,"{""source"":""web-checkout""}",2025-08-03T06:30:34.636187+00:00,2026-05-22T18:44:41.235363+00:00,,,true
2807a4b1-6704-4108-9397-98eb27f3a960,550e8400-e29b-41d4-a716-446655440013,17709,0000017709,007fd525-3c25-475c-a17c-892cc953aa1c,TXN-60849,60849,3,"Quezon city greenfields, Quezon City, Metro Manila",Cash on Delivery,paid,Processing,claim_at_branch,88.83,109.03,0,663.8,,,"{""source"":""web-checkout""}",2025-08-03T06:01:37.096845+00:00,2026-05-22T18:44:41.235363+00:00,,,true
c729ef81-c033-4a29-9b78-f9fed0524ce4,550e8400-e29b-41d4-a716-446655440033,17929,0000017929,512ae35a-e929-42c5-a46a-0f93daf8c2f9,TXN-60674,60674,3,"Quezon city greenfields, Quezon City, Metro Manila",Cash on Delivery,paid,Processing,scheduled,403.36,210.34,0,445.76,,,"{""source"":""web-checkout""}",2025-08-03T04:06:17.458872+00:00,2026-05-22T18:44:41.235363+00:00,,,true
fe7ca548-efe7-47d4-8c7d-771282e04acc,550e8400-e29b-41d4-a716-446655440030,18326,0000018326,e562523d-bf5a-4ac6-b4f8-95a14774212d,TXN-60698,60698,3,"Pickup at Branch 3, Quezon Avenue, Quezon City",Maya,paid,In Transit,scheduled,65.71,99.26,0,222.1,,,"{""source"":""web-checkout""}",2025-08-02T12:26:00.099544+00:00,2026-05-22T18:44:41.235363+00:00,,,true
595b2273-380c-41f2-8d59-44e72aaf626e,550e8400-e29b-41d4-a716-446655440037,18133,0000018133,a15532a2-c6e3-46a5-9c1a-e80083276e73,TXN-61049,61049,3,"Miilionaires Village, Manila City, Metro Manila",Cash on Delivery,paid,Cancelled,claim_at_branch,157.17,212.47,0,580.74,,,"{""source"":""web-checkout""}",2025-08-02T09:36:14.502626+00:00,2026-05-22T18:44:41.235363+00:00,,,true
c8a57601-fdbf-48f5-b539-052a9446b82f,550e8400-e29b-41d4-a716-446655440040,17886,0000017886,3e040d61-c791-4ff7-a78d-89838e485dbc,TXN-60672,60672,3,"Pickup at Branch 3, Quezon Avenue, Quezon City",Maya,paid,In Transit,claim_at_branch,289.4,183.63,0,358.53,,,"{""source"":""web-checkout""}",2025-08-02T06:13:45.31561+00:00,2026-05-22T18:44:41.235363+00:00,,,true
76eb4d28-3231-4524-ad65-63a75e6aff66,550e8400-e29b-41d4-a716-446655440028,18274,0000018274,d223b193-fe79-4eff-8c06-4bdaf0a428b2,TXN-60814,60814,3,"Quezon city greenfields, Quezon City, Metro Manila",Maya,paid,Processing,claim_at_branch,204.31,153.92,0,538.73,,,"{""source"":""web-checkout""}",2025-08-02T00:55:06.165238+00:00,2026-05-22T18:44:41.235363+00:00,,,true
3f57a465-631e-4a91-b3dc-cd4eb3c00f24,550e8400-e29b-41d4-a716-446655440022,18218,0000018218,bfc59520-0a74-45f5-8e24-9557a385d868,TXN-60999,60999,3,"Miilionaires Village, Manila City, Metro Manila",Maya,paid,Cancelled,scheduled,196.48,83.69,0,133.24,,,"{""source"":""web-checkout""}",2025-08-02T00:01:16.285737+00:00,2026-05-22T18:44:41.235363+00:00,,,true
fa56291f-5417-41d6-81c3-aeb5bd7f864f,550e8400-e29b-41d4-a716-446655440015,17711,0000017711,00d4676a-b438-40db-99b5-0c869c477fa2,TXN-61068,61068,3,"Pickup at Branch 3, Quezon Avenue, Quezon City",GCash,paid,In Transit,claim_at_branch,286.29,88.27,0,403.16,,,"{""source"":""web-checkout""}",2025-08-01T21:26:11.934436+00:00,2026-05-22T18:44:41.235363+00:00,,,true
76c68cfc-7ab4-4085-aec1-d8d07530c765,550e8400-e29b-41d4-a716-446655440035,18331,0000018331,e6362049-0fe7-4d22-90ae-a379fee7b5bb,TXN-60607,60607,3,"Pickup at Branch 3, Quezon Avenue, Quezon City",GCash,paid,In Transit,claim_at_branch,422.9,231.18,41.59,600.27,,,"{""source"":""web-checkout""}",2025-08-01T18:10:44.33248+00:00,2026-05-22T18:44:41.235363+00:00,,,true
d678ee21-fd40-450a-b928-967f0d75c0d9,550e8400-e29b-41d4-a716-446655440044,17990,0000017990,6c1829f2-3542-4821-bc16-2a33431b8688,TXN-61192,61192,3,"Blk 454 lot23, Malita, Davao Occidental",Maya,paid,Processing,scheduled,432.93,239.73,0,303.74,,,"{""source"":""web-checkout""}",2025-07-31T22:00:16.532204+00:00,2026-05-22T18:44:41.235363+00:00,,,true
b177ff4a-08ee-42b1-b937-89c246f3aaeb,550e8400-e29b-41d4-a716-446655440028,18074,0000018074,8eeb8372-d942-4051-a6fd-9eda51369402,TXN-61101,61101,3,"Quezon city greenfields, Quezon City, Metro Manila",Maya,paid,Processing,scheduled,360.7,217.78,0,292.94,,,"{""source"":""web-checkout""}",2025-07-31T20:57:53.138538+00:00,2026-05-22T18:44:41.235363+00:00,,,true
6bf1584a-e77f-494f-aad7-86b4a158d1d7,550e8400-e29b-41d4-a716-446655440044,17840,0000017840,2de3b25a-8add-4bab-8a10-afba69cdb7e1,TXN-60599,60599,3,"Blk 454 lot23, Malita, Davao Occidental",Credit / Debit Card,paid,Processing,claim_at_branch,115.91,148.69,0,163.66,,,"{""source"":""web-checkout""}",2025-07-31T15:20:30.235005+00:00,2026-05-22T18:44:41.235363+00:00,,,true
7aa398c1-365b-4f83-a955-c3290bbb0f5a,550e8400-e29b-41d4-a716-446655440053,18149,0000018149,a75dd86c-f80b-4fb6-aefe-e89117bf4f0e,TXN-60928,60928,3,"Quezon city greenfields, Quezon City, Metro Manila",Cash on Delivery,paid,Processing,claim_at_branch,80.84,232.37,0,185.19,,,"{""source"":""web-checkout""}",2025-07-31T12:44:35.129015+00:00,2026-05-22T18:44:41.235363+00:00,,,true
cfcb2eec-20cf-4e67-8fcb-7db513507244,550e8400-e29b-41d4-a716-446655440026,18172,0000018172,b0738d21-1df9-4230-a765-73cec2ccb357,TXN-60676,60676,3,"Manila city, Jabonga, Agusan Del Norte",Credit / Debit Card,failed,Cancelled,scheduled,142.22,213.52,0,626.72,,,"{""source"":""web-checkout""}",2025-07-31T06:22:37.59011+00:00,2026-05-23T06:26:46.624031+00:00,Cleaned up stale pending session,2026-05-23T06:26:46.624031+00:00,true
5a7c72d0-dbf5-4aef-a7ab-71ef9ee2aa0f,550e8400-e29b-41d4-a716-446655440042,18188,0000018188,b3a9a69c-11b0-420a-b563-1559aa5cccf4,TXN-60696,60696,3,"Miilionaires Village, Manila City, Metro Manila",Credit / Debit Card,paid,Cancelled,scheduled,141.19,156.47,0,168.49,,,"{""source"":""web-checkout""}",2025-07-31T01:42:39.843841+00:00,2026-05-22T18:44:41.235363+00:00,,,true
0aa67370-cee2-4f1d-9a62-de456116451f,550e8400-e29b-41d4-a716-446655440058,18404,0000018404,fdee2106-84b7-4804-bfd3-a2de48431165,TXN-60971,60971,3,"Quezon city greenfields, Quezon City, Metro Manila",Credit / Debit Card,paid,Processing,scheduled,63.01,102.01,0,620.94,,,"{""source"":""web-checkout""}",2025-07-31T00:33:15.613779+00:00,2026-05-22T18:44:41.235363+00:00,,,true
aea56cb6-16db-4396-b4a1-1afce4896fdd,550e8400-e29b-41d4-a716-446655440034,18080,0000018080,8ff62b86-5734-4384-8b50-7a88b9a17a72,TXN-60507,60507,3,"Blk 454 lot23, Malita, Davao Occidental",Credit / Debit Card,paid,Processing,scheduled,352.42,158.43,0,584.73,,,"{""source"":""web-checkout""}",2025-07-29T22:21:38.3557+00:00,2026-05-22T18:44:41.235363+00:00,,,true
5bb517c8-6047-49c8-9254-99e9d8802f6d,550e8400-e29b-41d4-a716-446655440010,17756,0000017756,10650e12-374d-4fa9-a66f-6f01362b24b2,TXN-61044,61044,3,"Pickup at Branch 3, Quezon Avenue, Quezon City",Credit / Debit Card,paid,In Transit,claim_at_branch,103.22,215.58,0,458.8,,,"{""source"":""web-checkout""}",2025-07-29T22:16:54.650226+00:00,2026-05-22T18:44:41.235363+00:00,,,true
bf13336c-8bd8-459d-985e-c505a5f8f4ca,550e8400-e29b-41d4-a716-446655440058,17804,0000017804,229cdda1-d84c-41b4-82fe-f8bbaacd9eee,TXN-61084,61084,3,"Quezon city greenfields, Quezon City, Metro Manila",Credit / Debit Card,paid,Processing,scheduled,73.72,137.64,17.92,440.3,,,"{""source"":""web-checkout""}",2025-07-29T15:11:13.548784+00:00,2026-05-22T18:44:41.235363+00:00,,,true
468ea057-06bf-4dde-91e4-8bc4b3a4330c,550e8400-e29b-41d4-a716-446655440015,18261,0000018261,cb523e9a-4af8-4a02-97e3-74bf0f62b940,TXN-60812,60812,3,"Pickup at Branch 3, Quezon Avenue, Quezon City",Cash on Delivery,paid,In Transit,scheduled,356.76,119.54,0,584.68,,,"{""source"":""web-checkout""}",2025-07-29T04:45:51.383116+00:00,2026-05-22T18:44:41.235363+00:00,,,true
24d37e5c-c2e3-4f57-a0de-e4cc00b275ef,550e8400-e29b-41d4-a716-446655440022,17918,0000017918,4c13dbde-2431-4064-9c4b-75b9e7d80eed,TXN-61005,61005,3,"Miilionaires Village, Manila City, Metro Manila",Maya,paid,Cancelled,claim_at_branch,438.31,129.3,0,520.69,,,"{""source"":""web-checkout""}",2025-07-29T01:36:42.647897+00:00,2026-05-22T18:44:41.235363+00:00,,,true
44140824-84cb-4809-b1a3-14ff548c6dcf,550e8400-e29b-41d4-a716-446655440052,18348,0000018348,ed1df965-1bb0-42c7-9438-820e475aea02,TXN-61035,61035,3,"Miilionaires Village, Manila City, Metro Manila",Credit / Debit Card,paid,Cancelled,claim_at_branch,289.44,182.84,0,143.36,,,"{""source"":""web-checkout""}",2025-07-28T23:38:17.240643+00:00,2026-05-22T18:44:41.235363+00:00,,,true
0904d2ce-7b28-435b-93f6-1cdbae73b6e1,550e8400-e29b-41d4-a716-446655440058,18354,0000018354,eee47f8c-ba87-4bcc-a6b8-528466380f0d,TXN-60902,60902,3,"Quezon city greenfields, Quezon City, Metro Manila",Maya,paid,Processing,scheduled,105.63,136.71,0,503.99,,,"{""source"":""web-checkout""}",2025-07-28T17:11:51.246553+00:00,2026-05-22T18:44:41.235363+00:00,,,true
6bc69532-860c-4c26-a224-0702f02428ac,550e8400-e29b-41d4-a716-446655440024,18120,0000018120,9c6fdbf1-ebc7-4f68-a755-290387b94d24,TXN-60776,60776,3,"Blk 454 lot23, Malita, Davao Occidental",Credit / Debit Card,failed,Cancelled,scheduled,215.38,86.56,29.07,128.36,,,"{""source"":""web-checkout""}",2025-07-28T07:05:35.276847+00:00,2026-05-23T06:26:46.624031+00:00,Cleaned up stale pending session,2026-05-23T06:26:46.624031+00:00,true
2f5980bc-830d-4f3e-afdc-c1bc708bc9a3,550e8400-e29b-41d4-a716-446655440022,18268,0000018268,cde2275e-431a-4e93-98bf-64e85f84a6f7,TXN-60645,60645,3,"Miilionaires Village, Manila City, Metro Manila",Credit / Debit Card,paid,Cancelled,scheduled,391.33,137.58,0,505.93,,,"{""source"":""web-checkout""}",2025-07-28T00:01:44.836721+00:00,2026-05-22T18:44:41.235363+00:00,,,true
b205e8d2-63be-4347-b53e-9bfd443a7cb3,550e8400-e29b-41d4-a716-446655440052,18198,0000018198,b816344e-c47b-42e0-9472-15eadd68af65,TXN-60619,60619,3,"Miilionaires Village, Manila City, Metro Manila",Maya,failed,Cancelled,claim_at_branch,78.56,149.53,0,268.71,,,"{""source"":""web-checkout""}",2025-07-27T21:42:04.611713+00:00,2026-05-23T06:26:46.624031+00:00,Cleaned up stale pending session,2026-05-23T06:26:46.624031+00:00,true
aefd9c44-7c40-4b1d-ae49-7b589631b7ad,550e8400-e29b-41d4-a716-446655440028,18174,0000018174,b0841c81-1bee-4679-bcf0-8a115289cbb9,TXN-60790,60790,3,"Quezon city greenfields, Quezon City, Metro Manila",Maya,paid,Processing,scheduled,279.61,57.76,0,586.45,,,"{""source"":""web-checkout""}",2025-07-27T20:59:36.100853+00:00,2026-05-22T18:44:41.235363+00:00,,,true
7b20e8a9-8668-4ac4-8790-f1d904c6b3bb,550e8400-e29b-41d4-a716-446655440047,18393,0000018393,fa4eb4a0-3586-411b-9255-311b2c2c0c3b,TXN-61151,61151,3,"Miilionaires Village, Manila City, Metro Manila",Cash on Delivery,paid,Cancelled,scheduled,52.36,144.25,0,131.95,,,"{""source"":""web-checkout""}",2025-07-27T18:59:49.984855+00:00,2026-05-22T18:44:41.235363+00:00,,,true
bddde155-2bcd-4962-8313-827d56816742,550e8400-e29b-41d4-a716-446655440037,18333,0000018333,e703ff1d-d843-4435-9f0d-e14e6139d1e9,TXN-60914,60914,3,"Miilionaires Village, Manila City, Metro Manila",Cash on Delivery,failed,Cancelled,scheduled,78.4,145.57,13.99,475.57,,,"{""source"":""web-checkout""}",2025-07-27T15:18:14.557328+00:00,2026-05-23T06:26:46.624031+00:00,Cleaned up stale pending session,2026-05-23T06:26:46.624031+00:00,true
b3338dae-e90e-4e3b-8966-1b4173974ddc,550e8400-e29b-41d4-a716-446655440028,17724,0000017724,0483f13b-872c-4118-995d-e24b8ea3d928,TXN-60753,60753,3,"Quezon city greenfields, Quezon City, Metro Manila",Credit / Debit Card,paid,Processing,scheduled,128.82,176.14,0,566.51,,,"{""source"":""web-checkout""}",2025-07-27T09:59:23.442033+00:00,2026-05-22T18:44:41.235363+00:00,,,true
42da48fe-7499-4b71-85a9-1e9e2756a284,550e8400-e29b-41d4-a716-446655440052,17848,0000017848,30f08d77-4a47-4012-a973-b009c0149ee2,TXN-61091,61091,3,"Miilionaires Village, Manila City, Metro Manila",Credit / Debit Card,paid,Cancelled,scheduled,160.53,225.34,0,518.07,,,"{""source"":""web-checkout""}",2025-07-27T06:47:35.279894+00:00,2026-05-22T18:44:41.235363+00:00,,,true
808fd3bf-b7f9-492a-8cab-f2d9d4fa6ff4,550e8400-e29b-41d4-a716-446655440040,17986,0000017986,6b075b65-38ba-4e60-9428-059439ea3517,TXN-60883,60883,3,"Pickup at Branch 3, Quezon Avenue, Quezon City",Maya,paid,In Transit,scheduled,413.45,228.77,0,448.3,,,"{""source"":""web-checkout""}",2025-07-26T16:18:33.425244+00:00,2026-05-22T18:44:41.235363+00:00,,,true
9b2dc7f2-36f3-48e4-8f81-cd2ba55d6401,550e8400-e29b-41d4-a716-446655440011,18007,0000018007,737b6139-7308-48df-9241-6c3627501113,TXN-61046,61046,3,"Manila city, Jabonga, Agusan Del Norte",GCash,paid,Delivered,scheduled,230.9,232.49,40.41,498.22,,,"{""source"":""web-checkout""}",2025-07-26T14:33:57.261925+00:00,2026-05-22T18:44:41.235363+00:00,,,true
aad4cf70-0945-4f88-9e78-d35b03897163,550e8400-e29b-41d4-a716-446655440055,17751,0000017751,0cad01eb-3669-4838-a4e1-a64edf1d21b5,TXN-60961,60961,3,"Pickup at Branch 3, Quezon Avenue, Quezon City",GCash,paid,In Transit,claim_at_branch,241.2,240.93,0,152.67,,,"{""source"":""web-checkout""}",2025-07-26T13:30:24.338189+00:00,2026-05-22T18:44:41.235363+00:00,,,true
56bb7866-c292-4de5-816b-f67fb51bbcaa,550e8400-e29b-41d4-a716-446655440038,18034,0000018034,7f215bab-0547-47e2-8468-704cef9b0aff,TXN-60681,60681,3,"Quezon city greenfields, Quezon City, Metro Manila",Maya,paid,Processing,scheduled,93.95,107.53,30.88,451.78,,,"{""source"":""web-checkout""}",2025-07-25T23:52:06.358916+00:00,2026-05-22T18:44:41.235363+00:00,,,true
baca00f1-ac1e-41c7-892a-b83670856b46,550e8400-e29b-41d4-a716-446655440019,17715,0000017715,01531216-1c04-4854-81fa-a6ada053c539,TXN-60825,60825,3,"Blk 454 lot23, Malita, Davao Occidental",GCash,paid,Processing,scheduled,109.92,116.27,0,501.93,,,"{""source"":""web-checkout""}",2025-07-25T01:09:53.687949+00:00,2026-05-22T18:44:41.235363+00:00,,,true
516b0f9e-06cd-4dfa-9f81-532ee52c870c,550e8400-e29b-41d4-a716-446655440042,17788,0000017788,1cb6eb1a-a866-47fb-bf25-44879ba7cad5,TXN-60582,60582,3,"Miilionaires Village, Manila City, Metro Manila",Credit / Debit Card,paid,Cancelled,scheduled,322.54,192.37,0,411.95,,,"{""source"":""web-checkout""}",2025-07-24T09:20:05.097111+00:00,2026-05-22T18:44:41.235363+00:00,,,true
fb530c21-320b-4153-8524-ebbb63f3f5de,550e8400-e29b-41d4-a716-446655440027,17773,0000017773,17452f96-ca0d-4a24-b672-e59bf1942455,TXN-60551,60551,3,"Miilionaires Village, Manila City, Metro Manila",Cash on Delivery,failed,Cancelled,claim_at_branch,150.57,230.02,0.06,581.78,,,"{""source"":""web-checkout""}",2025-07-24T09:01:33.868801+00:00,2026-05-23T06:26:46.624031+00:00,Cleaned up stale pending session,2026-05-23T06:26:46.624031+00:00,true
18522f53-e7ab-4fd2-925f-fa373e65fa14,550e8400-e29b-41d4-a716-446655440025,18071,0000018071,8e825b3c-d5dd-420b-b9e6-a02be95a1872,TXN-60800,60800,3,"Pickup at Branch 3, Quezon Avenue, Quezon City",GCash,paid,In Transit,scheduled,269.21,234.42,0,603.4,,,"{""source"":""web-checkout""}",2025-07-24T05:45:13.731993+00:00,2026-05-22T18:44:41.235363+00:00,,,true
72a09ccd-723f-4c01-a1d4-d499d1e7365f,550e8400-e29b-41d4-a716-446655440013,17809,0000017809,2350e100-54e1-4a98-b537-e6fa8fff8de8,TXN-61109,61109,3,"Quezon city greenfields, Quezon City, Metro Manila",Cash on Delivery,paid,Processing,scheduled,347.88,158.87,0,426.3,,,"{""source"":""web-checkout""}",2025-07-24T02:19:50.616768+00:00,2026-05-22T18:44:41.235363+00:00,,,true
1f8c57b6-41ef-42e8-97de-4c29f35e5d4e,550e8400-e29b-41d4-a716-446655440049,18295,0000018295,d9c2de18-6fde-4723-a4c4-1229d4ab7eaa,TXN-60919,60919,3,"Blk 454 lot23, Malita, Davao Occidental",GCash,paid,Processing,claim_at_branch,54.62,146.56,26.36,548.66,,,"{""source"":""web-checkout""}",2025-07-23T22:01:44.720349+00:00,2026-05-22T18:44:41.235363+00:00,,,true
15973e44-4bc0-40ac-8c4f-6ee70e20e9c9,550e8400-e29b-41d4-a716-446655440057,17803,0000017803,227bfb9e-2291-4f72-85be-ff5067fde7f5,TXN-60806,60806,3,"Miilionaires Village, Manila City, Metro Manila",GCash,paid,Cancelled,claim_at_branch,88.47,112.65,0,383.15,,,"{""source"":""web-checkout""}",2025-07-23T16:30:20.345532+00:00,2026-05-22T18:44:41.235363+00:00,,,true
9915e69b-1717-4146-887b-be1d9848da7e,550e8400-e29b-41d4-a716-446655440052,18098,0000018098,95c7d219-0bc3-41cd-812c-bce86ab87498,TXN-60913,60913,3,"Miilionaires Village, Manila City, Metro Manila",Maya,paid,Cancelled,scheduled,69.65,103.4,0,539.44,,,"{""source"":""web-checkout""}",2025-07-23T15:44:57.279262+00:00,2026-05-22T18:44:41.235363+00:00,,,true
71b9dbb3-7cc7-41db-867b-10bf0363bf11,550e8400-e29b-41d4-a716-446655440043,17789,0000017789,1df6c522-1e5d-4e5f-8c1e-64e0740cd988,TXN-61041,61041,3,"Quezon city greenfields, Quezon City, Metro Manila",Cash on Delivery,failed,Cancelled,scheduled,406.52,208.6,0,657.19,,,"{""source"":""web-checkout""}",2025-07-23T14:29:20.540222+00:00,2026-05-23T06:26:46.624031+00:00,Cleaned up stale pending session,2026-05-23T06:26:46.624031+00:00,true
77797d10-92ed-4b72-96e8-02b794f52fbc,550e8400-e29b-41d4-a716-446655440018,17814,0000017814,251e7aa5-1462-4e92-a20a-5ac0a76d19a6,TXN-60760,60760,3,"Quezon city greenfields, Quezon City, Metro Manila",Maya,paid,Processing,scheduled,218.24,170.29,0,684.7,,,"{""source"":""web-checkout""}",2025-07-23T03:34:47.841249+00:00,2026-05-22T18:44:41.235363+00:00,,,true
f4f2539a-1647-401e-bc85-d7f6f72701de,550e8400-e29b-41d4-a716-446655440059,18405,0000018405,ffbc9723-c499-46d6-aa1a-f680948b87b8,TXN-60687,60687,3,"Blk 454 lot23, Malita, Davao Occidental",Cash on Delivery,paid,Processing,claim_at_branch,373.94,209.31,26.18,147.42,,,"{""source"":""web-checkout""}",2025-07-22T23:54:26.708786+00:00,2026-05-22T18:44:41.235363+00:00,,,true
a311a247-a017-4e93-a3fe-5004296cbdff,550e8400-e29b-41d4-a716-446655440024,18320,0000018320,e1a5ff43-c981-479b-903b-f6a39791c17b,TXN-60595,60595,3,"Blk 454 lot23, Malita, Davao Occidental",Credit / Debit Card,paid,Processing,claim_at_branch,168.42,94.73,0,622.4,,,"{""source"":""web-checkout""}",2025-07-22T08:02:10.662738+00:00,2026-05-22T18:44:41.235363+00:00,,,true
c094dfc2-78b3-41d1-bbe6-862656629184,550e8400-e29b-41d4-a716-446655440047,18193,0000018193,b53f9611-edf5-4efc-a721-e009d337c692,TXN-60546,60546,3,"Miilionaires Village, Manila City, Metro Manila",Cash on Delivery,paid,Cancelled,scheduled,161.19,96.8,0,659.51,,,"{""source"":""web-checkout""}",2025-07-22T05:20:56.254914+00:00,2026-05-22T18:44:41.235363+00:00,,,true
b8cda813-4101-434b-8177-3f358145f66f,550e8400-e29b-41d4-a716-446655440031,18177,0000018177,b1cf02a6-1644-48ca-b4e2-dc99e4b6e4fc,TXN-60768,60768,3,"Manila city, Jabonga, Agusan Del Norte",Cash on Delivery,failed,Cancelled,scheduled,353.67,185.19,0,334.63,,,"{""source"":""web-checkout""}",2025-07-22T03:42:56.070518+00:00,2026-05-23T06:26:46.624031+00:00,Cleaned up stale pending session,2026-05-23T06:26:46.624031+00:00,true
78c0cb02-445f-4405-933a-d92ebedce15d,550e8400-e29b-41d4-a716-446655440014,17810,0000017810,239220b0-e13f-40c3-a19d-d29e9b727ec2,TXN-61051,61051,3,"Blk 454 lot23, Malita, Davao Occidental",Maya,paid,Processing,scheduled,203.85,52.42,0,267.96,,,"{""source"":""web-checkout""}",2025-07-22T01:56:25.568136+00:00,2026-05-22T18:44:41.235363+00:00,,,true
fc80fe90-cbf9-42f7-9c48-c16d37191453,550e8400-e29b-41d4-a716-446655440050,18146,0000018146,a6750ffa-31a8-476d-ad8d-de1e324b3eed,TXN-60553,60553,3,"Pickup at Branch 3, Quezon Avenue, Quezon City",Maya,paid,In Transit,scheduled,406.55,198.53,0,576.82,,,"{""source"":""web-checkout""}",2025-07-21T17:42:26.841873+00:00,2026-05-22T18:44:41.235363+00:00,,,true
5eafffb7-02f5-45f7-b68a-e43e5a8840d2,550e8400-e29b-41d4-a716-446655440023,18119,0000018119,9b7fd89a-de2a-47ed-a1b0-8845b2c54e3a,TXN-60511,60511,3,"Quezon city greenfields, Quezon City, Metro Manila",GCash,paid,Processing,claim_at_branch,384.41,93.37,13.95,148.38,,,"{""source"":""web-checkout""}",2025-07-21T17:15:01.904707+00:00,2026-05-22T18:44:41.235363+00:00,,,true
228c769b-dc7b-4f4a-bea0-6bd10bc00785,550e8400-e29b-41d4-a716-446655440056,17852,0000017852,3215e821-44ba-41d3-80a1-3f360e0684bc,TXN-60580,60580,3,"Manila city, Jabonga, Agusan Del Norte",Credit / Debit Card,failed,Cancelled,scheduled,227.43,134.8,0,579,,,"{""source"":""web-checkout""}",2025-07-21T03:43:08.13821+00:00,2026-05-23T06:26:46.624031+00:00,Cleaned up stale pending session,2026-05-23T06:26:46.624031+00:00,true
b586211a-c8bf-49db-a422-2303e6dbf3e0,550e8400-e29b-41d4-a716-446655440051,17897,0000017897,4288f248-d8c7-48c3-aca2-0b02c49d89ee,TXN-60761,60761,3,"Manila city, Jabonga, Agusan Del Norte",Cash on Delivery,paid,Delivered,scheduled,234.11,198.02,11.44,556.12,,,"{""source"":""web-checkout""}",2025-07-21T03:08:55.560005+00:00,2026-05-22T18:44:41.235363+00:00,,,true
dd366be4-9b21-4eda-b4e1-57fa22959893,550e8400-e29b-41d4-a716-446655440029,17725,0000017725,04ce1095-0b2d-43ba-bc70-1b5f24e86efb,TXN-60731,60731,3,"Blk 454 lot23, Malita, Davao Occidental",Cash on Delivery,failed,Cancelled,scheduled,187.98,180.66,0,600,,,"{""source"":""web-checkout""}",2025-07-20T10:54:35.705162+00:00,2026-05-23T06:26:46.624031+00:00,Cleaned up stale pending session,2026-05-23T06:26:46.624031+00:00,true
f6371f95-3a52-4c2b-8c03-010688cd4131,550e8400-e29b-41d4-a716-446655440053,18399,0000018399,fd616fda-f6d6-40e2-814b-ac2d695a9727,TXN-61136,61136,3,"Quezon city greenfields, Quezon City, Metro Manila",GCash,paid,Processing,claim_at_branch,131.37,213.61,0,535.49,,,"{""source"":""web-checkout""}",2025-07-20T07:05:32.882202+00:00,2026-05-22T18:44:41.235363+00:00,,,true
2005a143-73c9-4302-a777-808f81991c08,550e8400-e29b-41d4-a716-446655440036,17832,0000017832,2b51f326-d335-4980-a702-750717a3ff9b,TXN-61185,61185,3,"Manila city, Jabonga, Agusan Del Norte",Credit / Debit Card,failed,Cancelled,claim_at_branch,223.19,72.43,0,355.66,,,"{""source"":""web-checkout""}",2025-07-20T00:58:14.323481+00:00,2026-05-23T06:26:46.624031+00:00,Cleaned up stale pending session,2026-05-23T06:26:46.624031+00:00,true
ea69f45b-c0b7-47f5-96cf-2ce531c8af8b,550e8400-e29b-41d4-a716-446655440013,18259,0000018259,c9f1e6cb-085d-4523-b516-27bd084ad441,TXN-60816,60816,3,"Quezon city greenfields, Quezon City, Metro Manila",GCash,paid,Processing,scheduled,127.79,53.86,49.2,488.2,,,"{""source"":""web-checkout""}",2025-07-19T16:58:58.814512+00:00,2026-05-22T18:44:41.235363+00:00,,,true
70ae113f-6678-4a7a-8dbf-276d6dbb7782,550e8400-e29b-41d4-a716-446655440019,17965,0000017965,61a916e0-85c1-4fb0-b53b-cd467dbab319,TXN-61171,61171,3,"Blk 454 lot23, Malita, Davao Occidental",Cash on Delivery,paid,Processing,scheduled,168.54,164.36,0,190.57,,,"{""source"":""web-checkout""}",2025-07-19T14:31:57.665494+00:00,2026-05-22T18:44:41.235363+00:00,,,true
fef08bab-9a58-4f41-8984-c89ab76905f4,550e8400-e29b-41d4-a716-446655440010,17956,0000017956,5ed85c5d-ef60-45a8-aa03-a5a52d956c01,TXN-61130,61130,3,"Pickup at Branch 3, Quezon Avenue, Quezon City",Credit / Debit Card,failed,Cancelled,scheduled,390.38,121.33,0,146.03,,,"{""source"":""web-checkout""}",2025-07-18T15:44:33.436665+00:00,2026-05-23T06:26:46.624031+00:00,Cleaned up stale pending session,2026-05-23T06:26:46.624031+00:00,true
c2d16306-3253-4d5a-8189-e9d0d59f6277,550e8400-e29b-41d4-a716-446655440045,17841,0000017841,2e3878f5-0c51-45d6-823d-d5e2855b6c8b,TXN-60787,60787,3,"Pickup at Branch 3, Quezon Avenue, Quezon City",Cash on Delivery,paid,In Transit,scheduled,199.19,160.09,0,394.86,,,"{""source"":""web-checkout""}",2025-07-18T14:10:44.363578+00:00,2026-05-22T18:44:41.235363+00:00,,,true
41024328-c2ea-4037-ae4b-8d727d71fba5,550e8400-e29b-41d4-a716-446655440029,18225,0000018225,c0cfc249-3534-46e5-b0e2-ae4014ba6efd,TXN-60926,60926,3,"Blk 454 lot23, Malita, Davao Occidental",Cash on Delivery,paid,Processing,scheduled,350.47,160.85,0,616.07,,,"{""source"":""web-checkout""}",2025-07-18T05:15:52.73481+00:00,2026-05-22T18:44:41.235363+00:00,,,true
ced94103-c642-42da-aa31-dca877e20500,550e8400-e29b-41d4-a716-446655440057,18003,0000018003,72abacdd-dc8d-4c56-9e46-5825df595bc8,TXN-61149,61149,3,"Miilionaires Village, Manila City, Metro Manila",GCash,paid,Cancelled,scheduled,59.24,106.09,0,506,,,"{""source"":""web-checkout""}",2025-07-17T22:56:48.462147+00:00,2026-05-22T18:44:41.235363+00:00,,,true
813e8313-3c11-4e09-ac1e-17dc389ba921,550e8400-e29b-41d4-a716-446655440048,17794,0000017794,1f536b85-a236-43cf-977a-77b5cf9626c6,TXN-60539,60539,3,"Quezon city greenfields, Quezon City, Metro Manila",Maya,paid,Processing,scheduled,388.2,64.91,14.31,472.32,,,"{""source"":""web-checkout""}",2025-07-17T21:29:19.723026+00:00,2026-05-22T18:44:41.235363+00:00,,,true
87d6d7fa-86bf-4abd-b092-944dd5802057,550e8400-e29b-41d4-a716-446655440031,18027,0000018027,7a71545e-b9cd-455e-a2e8-2cc329c30afd,TXN-60764,60764,3,"Manila city, Jabonga, Agusan Del Norte",GCash,paid,Delivered,scheduled,162.28,88.12,0,207.65,,,"{""source"":""web-checkout""}",2025-07-17T15:22:08.831753+00:00,2026-05-22T18:44:41.235363+00:00,,,true
9460cbf4-d236-4294-8926-e52ba94f4a12,550e8400-e29b-41d4-a716-446655440013,18359,0000018359,f032045e-7f58-4992-88a5-0e9b2fb6103e,TXN-61147,61147,3,"Quezon city greenfields, Quezon City, Metro Manila",GCash,paid,Processing,scheduled,312.36,106.41,0,268.91,,,"{""source"":""web-checkout""}",2025-07-16T14:55:41.361628+00:00,2026-05-22T18:44:41.235363+00:00,,,true
3e59355e-bdfb-47ec-8c76-0f3fda8522ba,550e8400-e29b-41d4-a716-446655440037,17983,0000017983,6a3eef42-98fc-48c4-adff-6a84d3fb1a15,TXN-61135,61135,3,"Miilionaires Village, Manila City, Metro Manila",GCash,paid,Cancelled,claim_at_branch,371.82,213.02,0,401.83,,,"{""source"":""web-checkout""}",2025-07-16T14:24:01.228091+00:00,2026-05-22T18:44:41.235363+00:00,,,true
89b028ef-a44d-48ed-86fb-7a9a98d44810,550e8400-e29b-41d4-a716-446655440017,18313,0000018313,e04b3009-bbb9-485a-a813-34be666d7fcd,TXN-60661,60661,3,"Miilionaires Village, Manila City, Metro Manila",Cash on Delivery,paid,Cancelled,claim_at_branch,305.91,98.28,0,146.95,,,"{""source"":""web-checkout""}",2025-07-16T09:44:01.767826+00:00,2026-05-22T18:44:41.235363+00:00,,,true
7e91bc75-aad0-4c2e-8a39-4fdc90429bcd,550e8400-e29b-41d4-a716-446655440031,18277,0000018277,d3356ed1-212c-4647-8795-94f243d031de,TXN-61087,61087,3,"Manila city, Jabonga, Agusan Del Norte",Cash on Delivery,paid,Delivered,scheduled,51.71,98.93,0,355.97,,,"{""source"":""web-checkout""}",2025-07-16T09:11:04.63338+00:00,2026-05-22T18:44:41.235363+00:00,,,true
b07ae068-6404-4f84-83ba-51cac1bcd653,550e8400-e29b-41d4-a716-446655440036,18382,0000018382,f79aad7f-69f7-4f4c-991c-1574dc481850,TXN-60732,60732,3,"Manila city, Jabonga, Agusan Del Norte",Maya,paid,Delivered,claim_at_branch,169.49,157.45,0,309.37,,,"{""source"":""web-checkout""}",2025-07-16T07:31:01.194618+00:00,2026-05-22T18:44:41.235363+00:00,,,true
450c6eba-3063-43ec-98fd-cea9f2160a3c,550e8400-e29b-41d4-a716-446655440050,17796,0000017796,202a0d89-7260-4611-8634-211531c8ce19,TXN-60548,60548,3,"Pickup at Branch 3, Quezon Avenue, Quezon City",Credit / Debit Card,paid,In Transit,claim_at_branch,56.51,189.65,0,119.19,,,"{""source"":""web-checkout""}",2025-07-16T06:26:24.108383+00:00,2026-05-22T18:44:41.235363+00:00,,,true
d551ada9-80e5-4e64-b9aa-e2fe10081399,550e8400-e29b-41d4-a716-446655440015,18161,0000018161,ac02643f-a83e-4fd9-9d99-a6feaba57d91,TXN-61170,61170,3,"Pickup at Branch 3, Quezon Avenue, Quezon City",Cash on Delivery,paid,In Transit,scheduled,408.1,99.61,0,446.93,,,"{""source"":""web-checkout""}",2025-07-16T01:45:51.048859+00:00,2026-05-22T18:44:41.235363+00:00,,,true
50a41da2-29d2-47c6-b9a5-216cdd67bf16,550e8400-e29b-41d4-a716-446655440031,18377,0000018377,f6228351-0ad9-4f05-9353-ecc21edbad35,TXN-60566,60566,3,"Manila city, Jabonga, Agusan Del Norte",Cash on Delivery,failed,Cancelled,claim_at_branch,291.25,215.62,0,328.08,,,"{""source"":""web-checkout""}",2025-07-15T23:40:00.463976+00:00,2026-05-23T06:26:46.624031+00:00,Cleaned up stale pending session,2026-05-23T06:26:46.624031+00:00,true
7df064d7-0aa6-4be1-ae12-598583a3e57f,550e8400-e29b-41d4-a716-446655440036,18232,0000018232,c2d739d4-298b-43ab-b36d-232c61c11d45,TXN-60953,60953,3,"Manila city, Jabonga, Agusan Del Norte",Credit / Debit Card,paid,Delivered,claim_at_branch,144.93,75.29,0,378.27,,,"{""source"":""web-checkout""}",2025-07-15T15:48:43.290352+00:00,2026-05-22T18:44:41.235363+00:00,,,true
6cc385ab-2a50-4aa5-88c0-24ff502e568b,550e8400-e29b-41d4-a716-446655440032,17928,0000017928,508635e4-33d1-48c0-a725-b01f53829c47,TXN-60618,60618,3,"Miilionaires Village, Manila City, Metro Manila",Credit / Debit Card,failed,Cancelled,claim_at_branch,219.42,228.87,0,249.63,,,"{""source"":""web-checkout""}",2025-07-15T10:28:36.185463+00:00,2026-05-23T06:26:46.624031+00:00,Cleaned up stale pending session,2026-05-23T06:26:46.624031+00:00,true
4918b859-c735-4065-949f-18f4f6a5feb0,550e8400-e29b-41d4-a716-446655440016,17812,0000017812,24425210-d5b7-4c67-bd23-51ef7ee29031,TXN-61058,61058,3,"Manila city, Jabonga, Agusan Del Norte",Credit / Debit Card,paid,Delivered,scheduled,228.51,77.27,30.25,284,,,"{""source"":""web-checkout""}",2025-07-15T08:23:35.85498+00:00,2026-05-22T18:44:41.235363+00:00,,,true
95970ae5-15ff-4ecf-99ff-deb646fd9c17,550e8400-e29b-41d4-a716-446655440042,17838,0000017838,2d8bab0a-942d-4edf-955f-999dcf6e4615,TXN-61017,61017,3,"Miilionaires Village, Manila City, Metro Manila",Maya,paid,Cancelled,scheduled,375.17,98.43,8.24,603.1,,,"{""source"":""web-checkout""}",2025-07-15T04:23:38.94726+00:00,2026-05-22T18:44:41.235363+00:00,,,true
bf5456db-7bbd-47e0-a254-2edb451d62bf,550e8400-e29b-41d4-a716-446655440024,18270,0000018270,cece4fda-71b2-4832-8617-746deefc6866,TXN-61004,61004,3,"Blk 454 lot23, Malita, Davao Occidental",Maya,paid,Processing,scheduled,442.28,136.9,25.88,153.54,,,"{""source"":""web-checkout""}",2025-07-14T19:37:53.147649+00:00,2026-05-22T18:44:41.235363+00:00,,,true
dcfcbc45-24bc-413e-8a44-3454c0511505,550e8400-e29b-41d4-a716-446655440011,17807,0000017807,230840ea-8c8d-4ec8-afd8-0e817fa01cd4,TXN-60788,60788,3,"Manila city, Jabonga, Agusan Del Norte",GCash,failed,Cancelled,claim_at_branch,273.31,140.16,40.31,203.47,,,"{""source"":""web-checkout""}",2025-07-14T16:35:34.762856+00:00,2026-05-23T06:26:46.624031+00:00,Cleaned up stale pending session,2026-05-23T06:26:46.624031+00:00,true
03e902f1-4263-4c25-b1c5-ade0e0da3712,550e8400-e29b-41d4-a716-446655440051,18247,0000018247,c6cdfabe-7189-4269-867a-60c927e5e250,TXN-60739,60739,3,"Manila city, Jabonga, Agusan Del Norte",GCash,paid,Delivered,scheduled,154.6,90.73,0,634.03,,,"{""source"":""web-checkout""}",2025-07-14T09:54:41.943841+00:00,2026-05-22T18:44:41.235363+00:00,,,true
ffdac8c0-162d-4772-8bac-2d1e7314ed44,550e8400-e29b-41d4-a716-446655440056,17752,0000017752,0cb25a40-8915-4b21-81d5-d09374682023,TXN-60927,60927,3,"Manila city, Jabonga, Agusan Del Norte",Credit / Debit Card,failed,Cancelled,claim_at_branch,170.18,102.94,0,333.62,,,"{""source"":""web-checkout""}",2025-07-14T06:47:57.602757+00:00,2026-05-23T06:26:46.624031+00:00,Cleaned up stale pending session,2026-05-23T06:26:46.624031+00:00,true
c60cb3a3-666d-4188-a33c-ef5069c2e645,550e8400-e29b-41d4-a716-446655440032,18178,0000018178,b22e0657-f844-4021-8bd0-55c21e847735,TXN-60611,60611,3,"Miilionaires Village, Manila City, Metro Manila",Maya,paid,Cancelled,claim_at_branch,287.58,181.58,2.21,396.48,,,"{""source"":""web-checkout""}",2025-07-13T20:03:45.751093+00:00,2026-05-22T18:44:41.235363+00:00,,,true
9fb30806-79d6-4e1e-9fa1-1fbcd6b877be,550e8400-e29b-41d4-a716-446655440044,18290,0000018290,d8b4b23a-4381-43cc-beb4-68b72fcf8ebd,TXN-60749,60749,3,"Blk 454 lot23, Malita, Davao Occidental",Maya,paid,Processing,scheduled,369.22,64.2,0,301.26,,,"{""source"":""web-checkout""}",2025-07-13T19:40:34.70554+00:00,2026-05-22T18:44:41.235363+00:00,,,true
8aa2bd77-98bc-4404-8475-806471d71892,550e8400-e29b-41d4-a716-446655440018,18064,0000018064,8b58a74f-a15e-4c17-8dc7-1d2c63ed3405,TXN-60862,60862,3,"Quezon city greenfields, Quezon City, Metro Manila",Credit / Debit Card,paid,Processing,scheduled,210.81,102.82,0,221.81,,,"{""source"":""web-checkout""}",2025-07-13T15:41:57.520645+00:00,2026-05-22T18:44:41.235363+00:00,,,true
3ddfc38f-5824-4ff0-bcdc-bfc4f5b373c8,550e8400-e29b-41d4-a716-446655440032,18278,0000018278,d3efb26f-b6f5-4869-9245-81a122ea4a65,TXN-60925,60925,3,"Miilionaires Village, Manila City, Metro Manila",Maya,paid,Cancelled,scheduled,195.9,226.28,0,272.44,,,"{""source"":""web-checkout""}",2025-07-12T22:03:55.351612+00:00,2026-05-22T18:44:41.235363+00:00,,,true
8d384f11-1664-4c07-80ac-92514937b4cf,550e8400-e29b-41d4-a716-446655440012,18058,0000018058,87a6570a-a562-4da4-a0c8-c1cb31e28e96,TXN-60746,60746,3,"Miilionaires Village, Manila City, Metro Manila",Maya,paid,Cancelled,scheduled,316.48,212.17,0,145.06,,,"{""source"":""web-checkout""}",2025-07-12T13:43:57.222982+00:00,2026-05-22T18:44:41.235363+00:00,,,true
7e643c32-cede-45ec-8a31-f1ff223a4990,550e8400-e29b-41d4-a716-446655440049,18195,0000018195,b66d45da-e8cc-49f5-9c3e-4dbb9399f8ac,TXN-61033,61033,3,"Blk 454 lot23, Malita, Davao Occidental",GCash,paid,Processing,scheduled,257.48,71.67,0,258.96,,,"{""source"":""web-checkout""}",2025-07-12T06:18:49.282268+00:00,2026-05-22T18:44:41.235363+00:00,,,true
978bf85b-5fb0-4444-9fdc-86675b87a8d1,550e8400-e29b-41d4-a716-446655440039,17735,0000017735,0693eaa5-97c9-4a0d-bfb7-2088759c8cf6,TXN-60544,60544,3,"Blk 454 lot23, Malita, Davao Occidental",GCash,paid,Processing,scheduled,88.88,183.55,0,484.02,,,"{""source"":""web-checkout""}",2025-07-11T09:10:23.682035+00:00,2026-05-22T18:44:41.235363+00:00,,,true
a9266a02-aaea-437b-8934-c32d92799b82,550e8400-e29b-41d4-a716-446655440056,18152,0000018152,a829c388-0a63-4982-8278-ac479fc30528,TXN-60829,60829,3,"Manila city, Jabonga, Agusan Del Norte",Credit / Debit Card,paid,Delivered,claim_at_branch,281.4,96.16,0,372.1,,,"{""source"":""web-checkout""}",2025-07-11T04:39:34.588597+00:00,2026-05-22T18:44:41.235363+00:00,,,true
bc376fd0-9eb4-4293-9c71-e37d0bae6d36,550e8400-e29b-41d4-a716-446655440041,18087,0000018087,93095396-2d16-40e1-9a7a-068b684f5d91,TXN-60527,60527,3,"Manila city, Jabonga, Agusan Del Norte",GCash,paid,Delivered,claim_at_branch,400.51,167.79,0,119.65,,,"{""source"":""web-checkout""}",2025-07-10T13:19:08.520663+00:00,2026-05-22T18:44:41.235363+00:00,,,true
faf6a2f5-f4c7-4dd0-b4ba-be54a56e5179,550e8400-e29b-41d4-a716-446655440038,18384,0000018384,f7d80743-9e2e-4d79-856d-04d7ff1536e9,TXN-61097,61097,3,"Quezon city greenfields, Quezon City, Metro Manila",Credit / Debit Card,paid,Processing,scheduled,207.43,218.08,0,294.46,,,"{""source"":""web-checkout""}",2025-07-10T08:47:51.688108+00:00,2026-05-22T18:44:41.235363+00:00,,,true
696df641-cec0-4622-bdd7-9423a6f03793,550e8400-e29b-41d4-a716-446655440025,18221,0000018221,c08175a0-1f89-43ba-a80f-da430355d02b,TXN-61173,61173,3,"Pickup at Branch 3, Quezon Avenue, Quezon City",Cash on Delivery,paid,In Transit,scheduled,196.66,137.66,0,158.61,,,"{""source"":""web-checkout""}",2025-07-09T23:03:17.6602+00:00,2026-05-22T18:44:41.235363+00:00,,,true
ea6ee62a-a99e-4160-8fa1-35c78f7c2caf,550e8400-e29b-41d4-a716-446655440024,17870,0000017870,39243f49-6d17-4c70-913e-5c379edace54,TXN-61088,61088,3,"Blk 454 lot23, Malita, Davao Occidental",Maya,paid,Processing,scheduled,221.22,107.36,0,193.39,,,"{""source"":""web-checkout""}",2025-07-09T03:14:29.908896+00:00,2026-05-22T18:44:41.235363+00:00,,,true
89ffa8c5-7316-4eb1-bd67-ab4547d6d92a,550e8400-e29b-41d4-a716-446655440032,17828,0000017828,29719421-97ce-4bf9-82f3-5ff38e0cc5c8,TXN-61093,61093,3,"Miilionaires Village, Manila City, Metro Manila",Credit / Debit Card,paid,Cancelled,claim_at_branch,107.37,109.88,37.92,481.38,,,"{""source"":""web-checkout""}",2025-07-09T00:41:12.586456+00:00,2026-05-22T18:44:41.235363+00:00,,,true
acb72725-8fcc-4d53-a0b6-fc72d8b07237,550e8400-e29b-41d4-a716-446655440046,18042,0000018042,813588ff-0eab-49d4-a8f2-95c34b3dee79,TXN-61077,61077,3,"Manila city, Jabonga, Agusan Del Norte",Maya,paid,Delivered,scheduled,446.59,178.99,0,616.9,,,"{""source"":""web-checkout""}",2025-07-08T18:13:59.121458+00:00,2026-05-22T18:44:41.235363+00:00,,,true
d19c9713-95f3-4d94-9fc4-eb71197a059c,550e8400-e29b-41d4-a716-446655440032,18228,0000018228,c2223976-6d2f-4e8f-8a6d-7e609eca0fb0,TXN-61180,61180,3,"Miilionaires Village, Manila City, Metro Manila",Credit / Debit Card,paid,Cancelled,claim_at_branch,359.02,157.51,0,306.29,,,"{""source"":""web-checkout""}",2025-07-07T06:51:12.832762+00:00,2026-05-22T18:44:41.235363+00:00,,,true
5875f588-dab6-44c9-9761-ffe5302c5a28,550e8400-e29b-41d4-a716-446655440025,17771,0000017771,16b66dc2-bf83-4123-ac2b-8ee38c753552,TXN-61166,61166,3,"Pickup at Branch 3, Quezon Avenue, Quezon City",GCash,paid,In Transit,scheduled,82.4,162.43,44.06,279.26,,,"{""source"":""web-checkout""}",2025-07-06T19:49:29.267744+00:00,2026-05-22T18:44:41.235363+00:00,,,true
14079298-af3b-40e8-b757-d91363907341,550e8400-e29b-41d4-a716-446655440027,18273,0000018273,d19191e5-e789-4228-8aeb-fdd59d65af45,TXN-61165,61165,3,"Miilionaires Village, Manila City, Metro Manila",Cash on Delivery,paid,Cancelled,claim_at_branch,235.87,53.91,0,406.63,,,"{""source"":""web-checkout""}",2025-07-06T16:25:00.700784+00:00,2026-05-22T18:44:41.235363+00:00,,,true
a63067a8-1443-4f4b-ba16-3e3b6f2f8e30,550e8400-e29b-41d4-a716-446655440058,18004,0000018004,72baad7a-c872-4456-abdd-ab0fc682ab04,TXN-60579,60579,3,"Quezon city greenfields, Quezon City, Metro Manila",Credit / Debit Card,paid,Processing,claim_at_branch,309.86,215.05,0,694.21,,,"{""source"":""web-checkout""}",2025-07-06T13:46:33.775947+00:00,2026-05-22T18:44:41.235363+00:00,,,true
86345ce6-4c1d-4d5a-9994-317e764ac3f7,550e8400-e29b-41d4-a716-446655440058,17754,0000017754,0f3f2dfe-e120-4c20-aaf4-d77ed4ff77ef,TXN-60813,60813,3,"Quezon city greenfields, Quezon City, Metro Manila",Maya,paid,Processing,claim_at_branch,336.26,99.27,0,424.68,,,"{""source"":""web-checkout""}",2025-07-06T02:47:14.483617+00:00,2026-05-22T18:44:41.235363+00:00,,,true
c6a8d486-3db0-4b2d-ab22-00d12d4d5a8e,550e8400-e29b-41d4-a716-446655440051,18097,0000018097,9579a789-48fc-4a61-9f30-2e74a2245dda,TXN-60861,60861,3,"Manila city, Jabonga, Agusan Del Norte",Cash on Delivery,paid,Delivered,scheduled,155.86,126.12,0,430.79,,,"{""source"":""web-checkout""}",2025-07-05T03:04:40.407299+00:00,2026-05-22T18:44:41.235363+00:00,,,true
2402ebc2-7ad4-48ac-b781-27a8a7056447,550e8400-e29b-41d4-a716-446655440054,18000,0000018000,70aedc24-e794-40ac-a52a-78103039bdff,TXN-60996,60996,3,"Blk 454 lot23, Malita, Davao Occidental",Credit / Debit Card,failed,Cancelled,scheduled,429.68,195.02,0,536.07,,,"{""source"":""web-checkout""}",2025-07-04T23:43:59.235982+00:00,2026-05-23T06:26:46.624031+00:00,Cleaned up stale pending session,2026-05-23T06:26:46.624031+00:00,true
73e6e8d0-b05f-45f2-b15c-6b4742c8951e,550e8400-e29b-41d4-a716-446655440015,17961,0000017961,60b283d2-d029-48dc-af6b-604a4a10e621,TXN-60586,60586,3,"Pickup at Branch 3, Quezon Avenue, Quezon City",Cash on Delivery,paid,In Transit,claim_at_branch,367.37,227.33,0,405.69,,,"{""source"":""web-checkout""}",2025-07-03T12:22:07.962339+00:00,2026-05-22T18:44:41.235363+00:00,,,true
88c5a476-fea8-494b-b6e3-65d85e6a3186,550e8400-e29b-41d4-a716-446655440035,17931,0000017931,51877370-edc0-473b-a9b1-f15784170a51,TXN-60986,60986,3,"Pickup at Branch 3, Quezon Avenue, Quezon City",GCash,paid,In Transit,claim_at_branch,112.97,189.92,0,672.17,,,"{""source"":""web-checkout""}",2025-07-03T07:25:44.23971+00:00,2026-05-22T18:44:41.235363+00:00,,,true
944b496b-a960-41bf-b666-bb02a566ef4c,550e8400-e29b-41d4-a716-446655440043,17989,0000017989,6bb3b73f-4e16-4eb2-8590-65ba6802b6f5,TXN-61104,61104,3,"Quezon city greenfields, Quezon City, Metro Manila",Cash on Delivery,paid,Processing,claim_at_branch,176.5,132.59,0,593.48,,,"{""source"":""web-checkout""}",2025-07-03T06:34:05.614465+00:00,2026-05-22T18:44:41.235363+00:00,,,true
34d01e70-8d02-4c2a-b563-b401b35d9d9f,550e8400-e29b-41d4-a716-446655440055,17851,0000017851,31fe0647-6031-4687-80db-9034956ef58c,TXN-60898,60898,3,"Pickup at Branch 3, Quezon Avenue, Quezon City",GCash,paid,In Transit,scheduled,288.79,234.61,44.1,257.11,,,"{""source"":""web-checkout""}",2025-07-03T04:51:00.719908+00:00,2026-05-22T18:44:41.235363+00:00,,,true
7ee45e59-14de-438f-9c8b-868fcc998044,550e8400-e29b-41d4-a716-446655440037,17783,0000017783,1b3f92e7-ed0c-49f0-abe6-0450adec2a74,TXN-60958,60958,3,"Miilionaires Village, Manila City, Metro Manila",GCash,paid,Cancelled,scheduled,80.1,136.69,0,539.19,,,"{""source"":""web-checkout""}",2025-07-02T20:17:04.164765+00:00,2026-05-22T18:44:41.235363+00:00,,,true
bd0a6199-bfea-401a-8024-4702b0140660,550e8400-e29b-41d4-a716-446655440021,17917,0000017917,4bcf14a0-6589-4f8a-8644-ff1bca041919,TXN-60943,60943,3,"Manila city, Jabonga, Agusan Del Norte",Cash on Delivery,paid,Delivered,scheduled,55.43,66.45,0,281.51,,,"{""source"":""web-checkout""}",2025-07-02T20:00:46.394546+00:00,2026-05-22T18:44:41.235363+00:00,,,true
d24864e5-f394-421d-acc2-b3d558de7239,550e8400-e29b-41d4-a716-446655440030,17876,0000017876,3a9e2ce5-fae4-4191-9162-0c1274b36a2d,TXN-60652,60652,3,"Pickup at Branch 3, Quezon Avenue, Quezon City",Credit / Debit Card,paid,In Transit,scheduled,215.11,52.65,0,178.25,,,"{""source"":""web-checkout""}",2025-07-02T12:47:30.697103+00:00,2026-05-22T18:44:41.235363+00:00,,,true
a493da8b-155b-4b9d-805d-e44466c1f020,550e8400-e29b-41d4-a716-446655440041,17787,0000017787,1beacd4d-cad3-4670-9bc8-1a3da777c5d4,TXN-61023,61023,3,"Manila city, Jabonga, Agusan Del Norte",GCash,paid,Delivered,claim_at_branch,252.86,79.51,38.85,411.44,,,"{""source"":""web-checkout""}",2025-07-02T10:58:54.593357+00:00,2026-05-22T18:44:41.235363+00:00,,,true
78e05402-b9ed-4b69-8e5d-ece9a9772545,550e8400-e29b-41d4-a716-446655440053,18049,0000018049,83b6c11d-dd12-4b35-820d-2171e1e5c5be,TXN-60625,60625,3,"Quezon city greenfields, Quezon City, Metro Manila",Cash on Delivery,paid,Processing,scheduled,405.71,56.41,0,583.62,,,"{""source"":""web-checkout""}",2025-07-02T09:11:16.865778+00:00,2026-05-22T18:44:41.235363+00:00,,,true
4deadf70-39ba-44ac-bc2e-365a80c90e29,550e8400-e29b-41d4-a716-446655440020,17816,0000017816,26392382-c3c3-4e8f-964e-6dcbe168ddbf,TXN-60985,60985,3,"Pickup at Branch 3, Quezon Avenue, Quezon City",Credit / Debit Card,paid,In Transit,claim_at_branch,274.69,175.16,0,570.23,,,"{""source"":""web-checkout""}",2025-07-01T18:34:06.940977+00:00,2026-05-22T18:44:41.235363+00:00,,,true
fc6459b1-5985-4c14-a385-1c62d4b1965b,550e8400-e29b-41d4-a716-446655440040,17936,0000017936,525a9c63-6323-4cd8-bcd0-ce528270ad2b,TXN-60970,60970,3,"Pickup at Branch 3, Quezon Avenue, Quezon City",Credit / Debit Card,paid,In Transit,scheduled,374.03,105.4,0,602.22,,,"{""source"":""web-checkout""}",2025-07-01T09:30:59.125533+00:00,2026-05-22T18:44:41.235363+00:00,,,true
16fdab3c-8749-4b33-9e31-5ef6ae0f10c8,550e8400-e29b-41d4-a716-446655440021,18367,0000018367,f45dee22-6d11-4029-ab57-6259be2c9848,TXN-60894,60894,3,"Manila city, Jabonga, Agusan Del Norte",GCash,paid,Delivered,claim_at_branch,289.98,69.28,0,688.08,,,"{""source"":""web-checkout""}",2025-07-01T09:08:30.279581+00:00,2026-05-22T18:44:41.235363+00:00,,,true
6ab3d558-0e5d-441e-b4b3-d663d1c5c255,550e8400-e29b-41d4-a716-446655440031,17877,0000017877,3b306a41-46fb-412b-bbc0-3210787d834b,TXN-60803,60803,3,"Manila city, Jabonga, Agusan Del Norte",Cash on Delivery,failed,Cancelled,scheduled,232.49,53.45,0,176.2,,,"{""source"":""web-checkout""}",2025-07-01T08:19:01.116243+00:00,2026-05-23T06:26:46.624031+00:00,Cleaned up stale pending session,2026-05-23T06:26:46.624031+00:00,true
b003c24c-3ab3-4c55-9302-3e5a8cb8fecc,550e8400-e29b-41d4-a716-446655440044,17740,0000017740,08606dfa-0b42-48e2-a6ee-d0d5252875f8,TXN-60784,60784,3,"Blk 454 lot23, Malita, Davao Occidental",Credit / Debit Card,paid,Processing,scheduled,86.95,228.1,0,654.14,,,"{""source"":""web-checkout""}",2025-07-01T03:46:45.810886+00:00,2026-05-22T18:44:41.235363+00:00,,,true
594e94ca-78fb-4f02-9da7-78825a1b65f1,550e8400-e29b-41d4-a716-446655440012,17258,0000017258,18b220cf-28ac-44bc-bd52-13fdd997cc22,TXN-60069,60069,3,"Miilionaires Village, Manila City, Metro Manila",Maya,paid,Cancelled,claim_at_branch,414.09,220.06,0,557.46,,,"{""source"":""web-checkout""}",2025-06-30T21:31:01.514681+00:00,2026-05-22T18:44:18.131669+00:00,,,true
ad3e8a9a-851a-4cc2-8ca0-941a18bbae78,550e8400-e29b-41d4-a716-446655440035,17531,0000017531,a38b1eaa-2396-450b-bee7-40a9d6ca7a0f,TXN-60120,60120,3,"Pickup at Branch 3, Quezon Avenue, Quezon City",GCash,failed,Cancelled,claim_at_branch,363.01,60.09,0,673.08,,,"{""source"":""web-checkout""}",2025-06-30T18:18:05.310434+00:00,2026-05-23T06:26:46.624031+00:00,Cleaned up stale pending session,2026-05-23T06:26:46.624031+00:00,true
b008c2c3-9794-447f-b3c3-05d930894537,550e8400-e29b-41d4-a716-446655440010,17606,0000017606,c9c6e903-67ed-4464-8daf-0e4d6fdd0531,TXN-60238,60238,3,"Pickup at Branch 3, Quezon Avenue, Quezon City",Maya,paid,In Transit,scheduled,125.92,239.27,0,226.98,,,"{""source"":""web-checkout""}",2025-06-30T14:35:43.687164+00:00,2026-05-22T18:44:18.131669+00:00,,,true
d1fb8274-d593-41d5-bac5-cd488308eb73,550e8400-e29b-41d4-a716-446655440030,17526,0000017526,a16db389-82e1-4665-ad97-d594eb5b5d50,TXN-60493,60493,3,"Pickup at Branch 3, Quezon Avenue, Quezon City",Maya,paid,In Transit,claim_at_branch,258.45,227.25,4.7,253.42,,,"{""source"":""web-checkout""}",2025-06-30T09:50:08.322359+00:00,2026-05-22T18:44:18.131669+00:00,,,true
b1859664-e0ff-4e18-a48b-b1b3441c6108,550e8400-e29b-41d4-a716-446655440041,17237,0000017237,0d1b34c5-e582-42ee-8953-a8ce1d38bd9f,TXN-60027,60027,3,"Manila city, Jabonga, Agusan Del Norte",Cash on Delivery,paid,Delivered,scheduled,441.69,74.97,0,190.39,,,"{""source"":""web-checkout""}",2025-06-29T20:32:04.486186+00:00,2026-05-22T18:44:18.131669+00:00,,,true
9cb9cea3-34fd-4147-a256-fc99269132bc,550e8400-e29b-41d4-a716-446655440044,17340,0000017340,3f7c85cf-ba5b-496a-bd25-d2c727cef9a7,TXN-60036,60036,3,"Blk 454 lot23, Malita, Davao Occidental",Credit / Debit Card,paid,Processing,scheduled,104.25,248.49,0,611.68,,,"{""source"":""web-checkout""}",2025-06-29T13:01:01.052774+00:00,2026-05-22T18:44:18.131669+00:00,,,true
067ca608-f528-4fe8-9f6d-a19f2638f9e8,550e8400-e29b-41d4-a716-446655440043,17539,0000017539,a643355d-6f58-4040-952c-7a46a281a335,TXN-60490,60490,3,"Quezon city greenfields, Quezon City, Metro Manila",GCash,paid,Processing,scheduled,107.41,56.31,0,350.21,,,"{""source"":""web-checkout""}",2025-06-28T22:29:31.055918+00:00,2026-05-22T18:44:18.131669+00:00,,,true
9c86c7f7-adbf-4c4c-9b50-f4906ca4c9bf,550e8400-e29b-41d4-a716-446655440015,17561,0000017561,b1128d8a-cffa-45a0-85e6-5f1665b82f63,TXN-60211,60211,3,"Pickup at Branch 3, Quezon Avenue, Quezon City",Cash on Delivery,paid,In Transit,scheduled,136.82,163.95,8.13,683.49,,,"{""source"":""web-checkout""}",2025-06-28T06:30:15.596606+00:00,2026-05-22T18:44:18.131669+00:00,,,true
ead2db84-dac7-4b9c-9004-94d9c762ae83,550e8400-e29b-41d4-a716-446655440013,17359,0000017359,468bae38-56b4-49c3-b87e-57e936157b46,TXN-60054,60054,3,"Quezon city greenfields, Quezon City, Metro Manila",GCash,paid,Processing,scheduled,148.95,213.54,0,511.15,,,"{""source"":""web-checkout""}",2025-06-27T07:54:04.98053+00:00,2026-05-22T18:44:18.131669+00:00,,,true
1d85c317-4e97-48bc-990f-25a72cb78653,550e8400-e29b-41d4-a716-446655440013,17609,0000017609,cb09f3f2-4593-40de-aa73-c43021c6e3b2,TXN-60279,60279,3,"Quezon city greenfields, Quezon City, Metro Manila",Cash on Delivery,paid,Processing,scheduled,104.89,160.07,0,380.59,,,"{""source"":""web-checkout""}",2025-06-27T01:51:46.86017+00:00,2026-05-22T18:44:18.131669+00:00,,,true
e37492ca-f959-43b2-9098-90b4cf9e3009,550e8400-e29b-41d4-a716-446655440019,17565,0000017565,b3bf7f8e-c3d5-4f42-bdc4-2d1cf4b3ccc4,TXN-60435,60435,3,"Blk 454 lot23, Malita, Davao Occidental",Cash on Delivery,paid,Processing,claim_at_branch,300.36,170.43,0,102.48,,,"{""source"":""web-checkout""}",2025-06-25T20:24:10.733551+00:00,2026-05-22T18:44:18.131669+00:00,,,true
ab1b84c4-ae65-4278-a707-c5c0ef4ba1ee,550e8400-e29b-41d4-a716-446655440024,17620,0000017620,d1a10f91-95df-4026-9d10-988a64f4a785,TXN-60068,60068,3,"Blk 454 lot23, Malita, Davao Occidental",Credit / Debit Card,paid,Processing,scheduled,214.96,69.01,0,645.45,,,"{""source"":""web-checkout""}",2025-06-25T15:00:07.058686+00:00,2026-05-22T18:44:18.131669+00:00,,,true
e6f7d62d-f906-4ea1-8a49-81ca4011428f,550e8400-e29b-41d4-a716-446655440045,17491,0000017491,940252b8-4b6f-4673-86d3-6bb62973b0b0,TXN-60063,60063,3,"Pickup at Branch 3, Quezon Avenue, Quezon City",GCash,paid,In Transit,scheduled,209.16,100.1,0,479.53,,,"{""source"":""web-checkout""}",2025-06-25T11:41:00.90861+00:00,2026-05-22T18:44:18.131669+00:00,,,true
4e9eeaa1-1ce4-466d-a360-cb555d882c18,550e8400-e29b-41d4-a716-446655440041,17637,0000017637,da0cdbcf-be57-42bf-9ce4-aa8b6b2ed6e5,TXN-60169,60169,3,"Manila city, Jabonga, Agusan Del Norte",Cash on Delivery,paid,Delivered,scheduled,90.26,148.75,0,686.23,,,"{""source"":""web-checkout""}",2025-06-24T07:52:36.87444+00:00,2026-05-22T18:44:18.131669+00:00,,,true
54481939-2301-4bd3-9d2d-c7a54964ea1a,550e8400-e29b-41d4-a716-446655440039,17635,0000017635,d99580a6-fd79-45b1-acd5-abc1262b23f3,TXN-60094,60094,3,"Blk 454 lot23, Malita, Davao Occidental",GCash,failed,Cancelled,scheduled,253,204.38,7.53,325.06,,,"{""source"":""web-checkout""}",2025-06-23T12:59:22.686377+00:00,2026-05-23T06:26:46.624031+00:00,Cleaned up stale pending session,2026-05-23T06:26:46.624031+00:00,true
c2604490-136c-474a-a9ee-ea650b2d5542,550e8400-e29b-41d4-a716-446655440051,17297,0000017297,2b530951-2b0e-412f-b095-5581cf8d53b7,TXN-60202,60202,3,"Manila city, Jabonga, Agusan Del Norte",Cash on Delivery,paid,Delivered,claim_at_branch,371.59,56.95,0,672.13,,,"{""source"":""web-checkout""}",2025-06-23T06:30:55.72358+00:00,2026-05-22T18:44:18.131669+00:00,,,true
62fa3873-588d-4294-9796-9eba5f207e00,550e8400-e29b-41d4-a716-446655440022,17568,0000017568,b5d25f89-68c2-4618-899d-9dc2e00cf0da,TXN-60151,60151,3,"Miilionaires Village, Manila City, Metro Manila",Credit / Debit Card,paid,Cancelled,scheduled,319.62,153.68,0,611.15,,,"{""source"":""web-checkout""}",2025-06-22T15:35:13.716095+00:00,2026-05-22T18:44:18.131669+00:00,,,true
19f1174f-5cc1-4ce1-b63b-c894c92cadbf,550e8400-e29b-41d4-a716-446655440048,17544,0000017544,a8946b66-9945-4ea3-91a5-59006f08ed64,TXN-60265,60265,3,"Quezon city greenfields, Quezon City, Metro Manila",Credit / Debit Card,paid,Processing,claim_at_branch,357.68,176.83,0,541.52,,,"{""source"":""web-checkout""}",2025-06-21T22:15:17.402607+00:00,2026-05-22T18:44:18.131669+00:00,,,true
94c15ab7-00fe-47d5-9e7e-dfc3b907d954,550e8400-e29b-41d4-a716-446655440039,17435,0000017435,72369704-5823-4005-aebf-e59121bb55a3,TXN-60157,60157,3,"Blk 454 lot23, Malita, Davao Occidental",GCash,paid,Processing,claim_at_branch,292,221.39,0,630.8,,,"{""source"":""web-checkout""}",2025-06-21T16:26:47.719487+00:00,2026-05-22T18:44:18.131669+00:00,,,true
ddd9316c-fc18-45b9-b51c-87105738f46c,550e8400-e29b-41d4-a716-446655440018,17514,0000017514,9d417008-8df6-4a0d-a6b0-19e9b9608d00,TXN-60115,60115,3,"Quezon city greenfields, Quezon City, Metro Manila",Maya,paid,Processing,claim_at_branch,322.24,98.22,0,615.1,,,"{""source"":""web-checkout""}",2025-06-21T00:09:58.225218+00:00,2026-05-22T18:44:18.131669+00:00,,,true
77fe6cad-5865-4f1a-83f2-e5b93e5be006,550e8400-e29b-41d4-a716-446655440038,17684,0000017684,f51025fb-751b-4c7e-af7c-37c97b472f86,TXN-60074,60074,3,"Quezon city greenfields, Quezon City, Metro Manila",Credit / Debit Card,paid,Processing,scheduled,372.16,176.11,0,661.47,,,"{""source"":""web-checkout""}",2025-06-20T06:30:58.40204+00:00,2026-05-22T18:44:18.131669+00:00,,,true
719a2a9b-d5a1-40b5-8419-9763db17a49b,550e8400-e29b-41d4-a716-446655440022,17618,0000017618,d0c2075f-6601-4927-9ca3-e4ff6e5f671b,TXN-60166,60166,3,"Miilionaires Village, Manila City, Metro Manila",Maya,paid,Cancelled,claim_at_branch,86.17,118.85,0,355.96,,,"{""source"":""web-checkout""}",2025-06-19T17:57:55.145024+00:00,2026-05-22T18:44:18.131669+00:00,,,true
31b13972-da93-42f5-ab22-3e40c185ec21,550e8400-e29b-41d4-a716-446655440054,17700,0000017700,fb5c5a4d-71e6-4bea-990d-03f954e55899,TXN-60232,60232,3,"Blk 454 lot23, Malita, Davao Occidental",Credit / Debit Card,failed,Cancelled,scheduled,303,218.02,0,323.79,,,"{""source"":""web-checkout""}",2025-06-18T23:39:21.187852+00:00,2026-05-23T06:26:46.624031+00:00,Cleaned up stale pending session,2026-05-23T06:26:46.624031+00:00,true
780a0226-d30d-47ad-93f6-ced8098ee102,550e8400-e29b-41d4-a716-446655440020,17416,0000017416,6bfe418b-5b9d-416f-8cb8-f2d1c20a4656,TXN-60152,60152,3,"Pickup at Branch 3, Quezon Avenue, Quezon City",Credit / Debit Card,paid,In Transit,claim_at_branch,308.27,71.49,0,352.02,,,"{""source"":""web-checkout""}",2025-06-18T22:02:18.753945+00:00,2026-05-22T18:44:18.131669+00:00,,,true
29e79d14-42b7-4b63-a996-db60eda090fc,550e8400-e29b-41d4-a716-446655440051,17597,0000017597,c3029579-e6b7-4cdc-ad9e-a00209b1befa,TXN-60350,60350,3,"Manila city, Jabonga, Agusan Del Norte",Cash on Delivery,paid,Delivered,scheduled,441.38,248.53,29.93,128.88,,,"{""source"":""web-checkout""}",2025-06-18T11:10:47.772299+00:00,2026-05-22T18:44:18.131669+00:00,,,true
ccbb93a9-6d41-4bfb-8750-1ffa111223f1,550e8400-e29b-41d4-a716-446655440025,17471,0000017471,87fff54b-1965-41ec-8e42-118a59d3c84b,TXN-60403,60403,3,"Pickup at Branch 3, Quezon Avenue, Quezon City",GCash,failed,Cancelled,scheduled,183.1,68.33,0,436.29,,,"{""source"":""web-checkout""}",2025-06-17T17:24:12.370905+00:00,2026-05-23T06:26:46.624031+00:00,Cleaned up stale pending session,2026-05-23T06:26:46.624031+00:00,true
6fabbb33-4cc7-4536-80cc-4d1b27648562,550e8400-e29b-41d4-a716-446655440044,17290,0000017290,292262cf-b3c1-467e-b384-9355b1dfc4b7,TXN-60298,60298,3,"Blk 454 lot23, Malita, Davao Occidental",Maya,failed,Cancelled,scheduled,78.54,93.7,6.91,298.7,,,"{""source"":""web-checkout""}",2025-06-17T10:43:08.069452+00:00,2026-05-23T06:26:46.624031+00:00,Cleaned up stale pending session,2026-05-23T06:26:46.624031+00:00,true
24b1a800-7b15-40ac-814a-826714ad42ac,550e8400-e29b-41d4-a716-446655440056,17352,0000017352,43d0a81c-8667-4faf-9485-d40b706ab9e7,TXN-60369,60369,3,"Manila city, Jabonga, Agusan Del Norte",Credit / Debit Card,paid,Delivered,claim_at_branch,382.54,238.79,0,104.73,,,"{""source"":""web-checkout""}",2025-06-17T10:07:32.272649+00:00,2026-05-22T18:44:18.131669+00:00,,,true
45b76ab2-3dba-496e-a8a4-e53d4b61dedc,550e8400-e29b-41d4-a716-446655440042,17238,0000017238,0d9fb4b6-c390-4768-a14b-b21ec749bb9c,TXN-60315,60315,3,"Miilionaires Village, Manila City, Metro Manila",Maya,failed,Cancelled,claim_at_branch,241.12,170.78,0,267.81,,,"{""source"":""web-checkout""}",2025-06-17T07:51:09.608393+00:00,2026-05-23T06:26:46.624031+00:00,Cleaned up stale pending session,2026-05-23T06:26:46.624031+00:00,true
ccb6cc42-1ae7-4e61-8f17-3057169b827c,550e8400-e29b-41d4-a716-446655440022,17318,0000017318,36617a39-9922-42d4-9982-d8cec59f2bc0,TXN-60033,60033,3,"Miilionaires Village, Manila City, Metro Manila",Maya,paid,Cancelled,scheduled,248.25,82.55,0,263.68,,,"{""source"":""web-checkout""}",2025-06-17T00:15:13.084337+00:00,2026-05-22T18:44:18.131669+00:00,,,true
d083126f-2da8-485f-80f2-626148dcc24d,550e8400-e29b-41d4-a716-446655440039,17685,0000017685,f5134518-ea8b-4f11-9087-f1842593a6fa,TXN-60174,60174,3,"Blk 454 lot23, Malita, Davao Occidental",Cash on Delivery,paid,Processing,scheduled,349,113.25,0,241.83,,,"{""source"":""web-checkout""}",2025-06-16T23:30:30.761323+00:00,2026-05-22T18:44:18.131669+00:00,,,true
7a09f6cc-3046-4f4f-a890-c69a77bbf3b7,550e8400-e29b-41d4-a716-446655440058,17504,0000017504,976f0ee6-f37b-4bdc-a3f7-541bbcc17b65,TXN-60383,60383,3,"Quezon city greenfields, Quezon City, Metro Manila",Credit / Debit Card,paid,Processing,scheduled,216.93,110.6,0,120.21,,,"{""source"":""web-checkout""}",2025-06-15T23:02:17.159681+00:00,2026-05-22T18:44:18.131669+00:00,,,true
e1778e1c-274d-419d-972b-f21ad2fe280c,550e8400-e29b-41d4-a716-446655440016,17562,0000017562,b174eca8-1adb-4214-b35f-a6c1334ecfd1,TXN-60280,60280,3,"Manila city, Jabonga, Agusan Del Norte",Maya,paid,Delivered,claim_at_branch,108.71,54.8,0,350.61,,,"{""source"":""web-checkout""}",2025-06-15T09:58:51.029207+00:00,2026-05-22T18:44:18.131669+00:00,,,true
553e823a-4688-480e-870d-1803a26d4dcd,550e8400-e29b-41d4-a716-446655440039,17535,0000017535,a4a54d1c-5780-4d94-a660-b560904491f1,TXN-60304,60304,3,"Blk 454 lot23, Malita, Davao Occidental",GCash,paid,Processing,claim_at_branch,289.8,150.64,7.93,593.93,,,"{""source"":""web-checkout""}",2025-06-15T08:22:22.559028+00:00,2026-05-22T18:44:18.131669+00:00,,,true
4efcf911-04ba-4193-8f48-aae97a3f740d,550e8400-e29b-41d4-a716-446655440058,17304,0000017304,2e2a3412-1606-453d-84fb-11da5c2eafbc,TXN-60256,60256,3,"Quezon city greenfields, Quezon City, Metro Manila",Credit / Debit Card,paid,Processing,scheduled,217.66,86.28,0,196.14,,,"{""source"":""web-checkout""}",2025-06-15T04:35:18.093442+00:00,2026-05-22T18:44:18.131669+00:00,,,true
9c14b356-ed8a-4bf9-a042-97db96f14dca,550e8400-e29b-41d4-a716-446655440040,17536,0000017536,a4b3d63e-e47d-4c94-b0d8-946e1d20bb3b,TXN-60468,60468,3,"Pickup at Branch 3, Quezon Avenue, Quezon City",Credit / Debit Card,paid,In Transit,scheduled,221.87,147.45,0,470.91,,,"{""source"":""web-checkout""}",2025-06-15T04:14:06.995308+00:00,2026-05-22T18:44:18.131669+00:00,,,true
eda3e6ff-c8eb-4b3f-a36a-26c1d4b4efe8,550e8400-e29b-41d4-a716-446655440045,17241,0000017241,0e229c7e-33ac-46ac-8ff9-34cfa1a001ae,TXN-60146,60146,3,"Pickup at Branch 3, Quezon Avenue, Quezon City",Cash on Delivery,paid,In Transit,claim_at_branch,260.85,120.51,16.76,158.39,,,"{""source"":""web-checkout""}",2025-06-14T10:18:29.778662+00:00,2026-05-22T18:44:18.131669+00:00,,,true
7282717d-5e83-4677-bf0b-d06ebe0eb994,550e8400-e29b-41d4-a716-446655440028,17224,0000017224,080ac0b9-ed8a-4798-87a2-6ecef041a5cb,TXN-60314,60314,3,"Quezon city greenfields, Quezon City, Metro Manila",Credit / Debit Card,paid,Processing,scheduled,283.45,130.1,0,398.16,,,"{""source"":""web-checkout""}",2025-06-14T07:52:25.238186+00:00,2026-05-22T18:44:18.131669+00:00,,,true
6b83dad3-28a3-4ab9-8f26-7578288fd0d0,550e8400-e29b-41d4-a716-446655440045,17441,0000017441,752c252e-c1ec-41e9-a207-1db256b78a7b,TXN-60287,60287,3,"Pickup at Branch 3, Quezon Avenue, Quezon City",Cash on Delivery,paid,In Transit,scheduled,180.75,115.8,0,373.66,,,"{""source"":""web-checkout""}",2025-06-14T02:35:38.520205+00:00,2026-05-22T18:44:18.131669+00:00,,,true
f2b71693-fbdf-41d8-a314-f2fc5152b048,550e8400-e29b-41d4-a716-446655440059,17555,0000017555,adacb7f3-fd6b-4423-8c28-88df8e71b69e,TXN-60098,60098,3,"Blk 454 lot23, Malita, Davao Occidental",GCash,failed,Cancelled,scheduled,157.3,74.73,0,543.78,,,"{""source"":""web-checkout""}",2025-06-13T18:15:36.481904+00:00,2026-05-23T06:26:46.624031+00:00,Cleaned up stale pending session,2026-05-23T06:26:46.624031+00:00,true
ff993db7-7861-45f7-8226-bfd6ca5537cc,550e8400-e29b-41d4-a716-446655440022,17468,0000017468,8761ebea-ff01-4f97-a2a5-b9c503c404da,TXN-60214,60214,3,"Miilionaires Village, Manila City, Metro Manila",Credit / Debit Card,paid,Cancelled,claim_at_branch,171.83,207.75,0,148.34,,,"{""source"":""web-checkout""}",2025-06-13T14:40:00.975483+00:00,2026-05-22T18:44:18.131669+00:00,,,true
c5c23fc4-4d29-447d-add3-a246087eb8c1,550e8400-e29b-41d4-a716-446655440054,17300,0000017300,2cdba45f-1604-4b84-9f20-77283be329f0,TXN-60489,60489,3,"Blk 454 lot23, Malita, Davao Occidental",Credit / Debit Card,paid,Processing,scheduled,75.62,145.13,0,189.4,,,"{""source"":""web-checkout""}",2025-06-13T14:20:44.461487+00:00,2026-05-22T18:44:18.131669+00:00,,,true
260ec03c-1a3d-4b42-a712-66bd09056a10,550e8400-e29b-41d4-a716-446655440055,17501,0000017501,95f53db1-dafd-44ee-999e-dd60846f4fd5,TXN-60144,60144,3,"Pickup at Branch 3, Quezon Avenue, Quezon City",Cash on Delivery,paid,In Transit,claim_at_branch,423.3,138.2,0,555.1,,,"{""source"":""web-checkout""}",2025-06-13T06:59:38.183775+00:00,2026-05-22T18:44:18.131669+00:00,,,true
ca0f43a8-202e-4355-be39-a47d08209cd2,550e8400-e29b-41d4-a716-446655440010,17206,0000017206,00634d82-47a8-4a3a-8849-5c6b805e51ee,TXN-60133,60133,3,"Pickup at Branch 3, Quezon Avenue, Quezon City",Maya,failed,Cancelled,claim_at_branch,355.85,143.53,0,403.3,,,"{""source"":""web-checkout""}",2025-06-12T14:30:23.433653+00:00,2026-05-23T06:26:46.624031+00:00,Cleaned up stale pending session,2026-05-23T06:26:46.624031+00:00,true
06687c29-b543-447b-933c-addfd70d03aa,550e8400-e29b-41d4-a716-446655440040,17586,0000017586,bea1eb90-8403-433a-bd98-2ba1bb70fed3,TXN-60097,60097,3,"Pickup at Branch 3, Quezon Avenue, Quezon City",Maya,failed,Cancelled,scheduled,89.75,240.01,0,582.05,,,"{""source"":""web-checkout""}",2025-06-12T11:15:43.200696+00:00,2026-05-23T06:26:46.624031+00:00,Cleaned up stale pending session,2026-05-23T06:26:46.624031+00:00,true
a0fc781b-7f6e-4676-9a30-ee94f05c9907,550e8400-e29b-41d4-a716-446655440028,17274,0000017274,1f27b237-7492-43eb-a9ac-4497797cd947,TXN-60373,60373,3,"Quezon city greenfields, Quezon City, Metro Manila",Maya,paid,Processing,scheduled,395.25,120.44,25.5,176.66,,,"{""source"":""web-checkout""}",2025-06-10T04:35:43.78248+00:00,2026-05-22T18:44:18.131669+00:00,,,true
366bdb32-284d-42c3-ac0f-408a3c676ee3,550e8400-e29b-41d4-a716-446655440016,17362,0000017362,48acb099-39aa-41d1-a020-94a641241d21,TXN-60058,60058,3,"Manila city, Jabonga, Agusan Del Norte",Maya,paid,Delivered,scheduled,439.25,177.62,0,109.55,,,"{""source"":""web-checkout""}",2025-06-10T03:32:19.179811+00:00,2026-05-22T18:44:18.131669+00:00,,,true
dfa2c224-8543-45c2-b671-dc794771006e,550e8400-e29b-41d4-a716-446655440023,17369,0000017369,4cfebaac-26b4-4f5b-9018-d6ddeac5417c,TXN-60353,60353,3,"Quezon city greenfields, Quezon City, Metro Manila",Cash on Delivery,paid,Processing,scheduled,300.44,203.69,0,622.72,,,"{""source"":""web-checkout""}",2025-06-09T18:54:12.573357+00:00,2026-05-22T18:44:18.131669+00:00,,,true
a98a2c67-d237-4adb-ad29-8971d83cecb6,550e8400-e29b-41d4-a716-446655440040,17436,0000017436,7267ccec-a44d-4e64-a434-2e60fb4cd442,TXN-60013,60013,3,"Pickup at Branch 3, Quezon Avenue, Quezon City",Credit / Debit Card,paid,In Transit,scheduled,67.11,197.5,0,401.63,,,"{""source"":""web-checkout""}",2025-06-09T17:03:33.203324+00:00,2026-05-22T18:44:18.131669+00:00,,,true
29c6fd2a-6587-461d-8a0e-d16d9f4a2ac8,550e8400-e29b-41d4-a716-446655440037,17233,0000017233,0bacadcf-e133-4968-a9a4-d8a6a129ceac,TXN-60134,60134,3,"Miilionaires Village, Manila City, Metro Manila",Cash on Delivery,paid,Cancelled,claim_at_branch,346.77,101.11,0,646.51,,,"{""source"":""web-checkout""}",2025-06-09T16:48:03.472325+00:00,2026-05-22T18:44:18.131669+00:00,,,true
e30bfa02-cade-4323-b0ce-d037ad5eccf2,550e8400-e29b-41d4-a716-446655440026,17622,0000017622,d1d0c1dc-a006-4c31-a7c2-3d9621ccd343,TXN-60148,60148,3,"Manila city, Jabonga, Agusan Del Norte",Maya,paid,Delivered,scheduled,123.23,233.12,0,265.76,,,"{""source"":""web-checkout""}",2025-06-08T22:54:00.222916+00:00,2026-05-22T18:44:18.131669+00:00,,,true
3bc4e61f-72b3-427f-9553-2a1eadda1b54,550e8400-e29b-41d4-a716-446655440010,17506,0000017506,97c131cf-a2d0-48df-9f57-59f0f85f52a6,TXN-60171,60171,3,"Pickup at Branch 3, Quezon Avenue, Quezon City",Maya,paid,In Transit,scheduled,227.66,220.82,0,123.53,,,"{""source"":""web-checkout""}",2025-06-08T11:38:36.297206+00:00,2026-05-22T18:44:18.131669+00:00,,,true
d751e721-d1e9-4196-a734-e384563cba07,550e8400-e29b-41d4-a716-446655440042,17688,0000017688,f7852a88-7f70-4750-afd4-7de5d9ac110f,TXN-60451,60451,3,"Miilionaires Village, Manila City, Metro Manila",Credit / Debit Card,paid,Cancelled,scheduled,275.22,231.2,0,646.53,,,"{""source"":""web-checkout""}",2025-06-07T12:23:17.886197+00:00,2026-05-22T18:44:18.131669+00:00,,,true
fc8519f1-20e4-4ce6-9e58-106dae7e1ed9,550e8400-e29b-41d4-a716-446655440033,17529,0000017529,a3502f82-7a06-4e00-b827-dee01d9f29ce,TXN-60387,60387,3,"Quezon city greenfields, Quezon City, Metro Manila",Cash on Delivery,failed,Cancelled,scheduled,398.12,125.5,0,359.33,,,"{""source"":""web-checkout""}",2025-06-06T21:32:23.830011+00:00,2026-05-23T06:26:46.624031+00:00,Cleaned up stale pending session,2026-05-23T06:26:46.624031+00:00,true
43cfe21a-1659-451f-b090-393fb21e93cf,550e8400-e29b-41d4-a716-446655440015,17361,0000017361,482b2a5c-fad6-4892-9b97-ba436948ff1d,TXN-60349,60349,3,"Pickup at Branch 3, Quezon Avenue, Quezon City",Cash on Delivery,paid,In Transit,scheduled,251.82,149.27,0,159.58,,,"{""source"":""web-checkout""}",2025-06-06T18:31:49.602291+00:00,2026-05-22T18:44:18.131669+00:00,,,true
f71e3d19-9546-499d-a14a-b63e1f6353ba,550e8400-e29b-41d4-a716-446655440024,17370,0000017370,4e547a76-1bd3-49ef-ab8d-e3986562060b,TXN-60362,60362,3,"Blk 454 lot23, Malita, Davao Occidental",Maya,paid,Processing,scheduled,317.43,245.53,41.91,126.61,,,"{""source"":""web-checkout""}",2025-06-06T13:21:46.599833+00:00,2026-05-22T18:44:18.131669+00:00,,,true
8b3a0d62-351d-4312-883f-7c18c3471d8d,550e8400-e29b-41d4-a716-446655440019,17665,0000017665,ea17c32d-eccf-4ff8-b51f-4ae3a3fdf3b2,TXN-60307,60307,3,"Blk 454 lot23, Malita, Davao Occidental",Cash on Delivery,paid,Processing,scheduled,216.85,77.05,20.18,119.34,,,"{""source"":""web-checkout""}",2025-06-05T19:07:51.801912+00:00,2026-05-22T18:44:18.131669+00:00,,,true
ea5fbb70-04c9-4b09-9e59-5a116176dd98,550e8400-e29b-41d4-a716-446655440055,17551,0000017551,ac90c890-5d0e-410e-99e4-0002df38d95f,TXN-60228,60228,3,"Pickup at Branch 3, Quezon Avenue, Quezon City",GCash,paid,In Transit,scheduled,105.15,217.91,0,623.25,,,"{""source"":""web-checkout""}",2025-06-05T11:10:43.994417+00:00,2026-05-22T18:44:18.131669+00:00,,,true
d847a003-45a1-4e9a-b8ed-4dad4031b80f,550e8400-e29b-41d4-a716-446655440028,17324,0000017324,395ceb87-dff8-4e40-b0aa-8e3d4e962b57,TXN-60124,60124,3,"Quezon city greenfields, Quezon City, Metro Manila",Credit / Debit Card,paid,Processing,claim_at_branch,149.64,236.9,0,668.74,,,"{""source"":""web-checkout""}",2025-06-05T09:31:50.320224+00:00,2026-05-22T18:44:18.131669+00:00,,,true
3b48f857-dfb4-4a55-a371-2bee2de4dc37,550e8400-e29b-41d4-a716-446655440059,17405,0000017405,61a8df7a-1a98-467c-b0c9-38b826a73c67,TXN-60216,60216,3,"Blk 454 lot23, Malita, Davao Occidental",Cash on Delivery,paid,Processing,scheduled,316.94,148.69,0,641.61,,,"{""source"":""web-checkout""}",2025-06-05T03:11:31.829679+00:00,2026-05-22T18:44:18.131669+00:00,,,true
406c7f3c-73f4-49af-8738-0bc54e9c014b,550e8400-e29b-41d4-a716-446655440057,17653,0000017653,e0f44fe8-27fa-429f-b554-e7d6700bd781,TXN-60126,60126,3,"Miilionaires Village, Manila City, Metro Manila",Cash on Delivery,failed,Cancelled,claim_at_branch,322.96,82.59,0,366.86,,,"{""source"":""web-checkout""}",2025-06-04T22:00:59.350916+00:00,2026-05-23T06:26:46.624031+00:00,Cleaned up stale pending session,2026-05-23T06:26:46.624031+00:00,true
ef61fab7-44a7-48a3-9fe3-5c63d3d82ef7,550e8400-e29b-41d4-a716-446655440048,17694,0000017694,f8f113a6-74e0-482a-94a0-7177f438664b,TXN-60138,60138,3,"Quezon city greenfields, Quezon City, Metro Manila",Maya,paid,Processing,scheduled,227.1,203.62,0,436.55,,,"{""source"":""web-checkout""}",2025-06-04T18:05:25.273143+00:00,2026-05-22T18:44:18.131669+00:00,,,true
63ec8fc4-3170-4978-b7c3-6a6a8c8603b9,550e8400-e29b-41d4-a716-446655440022,17418,0000017418,6c58f2d1-a0c6-43bd-bad5-cb3bca04dffc,TXN-60351,60351,3,"Miilionaires Village, Manila City, Metro Manila",Maya,paid,Cancelled,claim_at_branch,361.59,58.09,48.5,183.56,,,"{""source"":""web-checkout""}",2025-06-04T14:29:40.617004+00:00,2026-05-22T18:44:18.131669+00:00,,,true
4893c297-328c-4b52-ab7b-220f5737b9b2,550e8400-e29b-41d4-a716-446655440056,17652,0000017652,e081dcb8-fce2-4e74-a22b-a592b896e3c7,TXN-60261,60261,3,"Manila city, Jabonga, Agusan Del Norte",Credit / Debit Card,paid,Delivered,scheduled,446.12,75.88,44.32,303.74,,,"{""source"":""web-checkout""}",2025-06-03T17:38:40.966212+00:00,2026-05-22T18:44:18.131669+00:00,,,true
a72516a8-6afb-487a-bc54-3df87799829d,550e8400-e29b-41d4-a716-446655440044,17490,0000017490,92ea2066-bc8a-4348-b891-8f6be6424900,TXN-60102,60102,3,"Blk 454 lot23, Malita, Davao Occidental",Maya,paid,Processing,claim_at_branch,181.38,176.06,0,547.82,,,"{""source"":""web-checkout""}",2025-06-03T01:42:26.788924+00:00,2026-05-22T18:44:18.131669+00:00,,,true
692be445-904d-4549-af61-d26825021fe0,550e8400-e29b-41d4-a716-446655440058,17354,0000017354,44cdf50b-7044-4d91-a18c-12f539ad271e,TXN-60116,60116,3,"Quezon city greenfields, Quezon City, Metro Manila",Maya,paid,Processing,scheduled,296.52,210.02,0,659.83,,,"{""source"":""web-checkout""}",2025-06-02T17:45:09.108743+00:00,2026-05-22T18:44:18.131669+00:00,,,true
5cd4424a-ac10-43de-a0c4-91cc9d65ae98,550e8400-e29b-41d4-a716-446655440057,17553,0000017553,ad7b5696-4bd7-4376-a21b-27a667c27c5b,TXN-60408,60408,3,"Miilionaires Village, Manila City, Metro Manila",Cash on Delivery,failed,Cancelled,scheduled,199.2,76.02,0,518.45,,,"{""source"":""web-checkout""}",2025-06-02T16:05:57.08893+00:00,2026-05-23T06:26:46.624031+00:00,Cleaned up stale pending session,2026-05-23T06:26:46.624031+00:00,true
4c3a8cab-e446-498e-85ff-1f5da7b5d588,550e8400-e29b-41d4-a716-446655440015,17411,0000017411,66d488c4-3dbb-4614-8dcf-0f380aef9de0,TXN-60396,60396,3,"Pickup at Branch 3, Quezon Avenue, Quezon City",GCash,paid,In Transit,scheduled,337.24,60.32,0,660.01,,,"{""source"":""web-checkout""}",2025-06-02T15:06:05.116218+00:00,2026-05-22T18:44:18.131669+00:00,,,true
88b3ac22-e36e-43d9-a965-45307c9f632b,550e8400-e29b-41d4-a716-446655440054,17350,0000017350,4326b09e-f2c4-478d-92ba-cd1fb27d78ea,TXN-60044,60044,3,"Blk 454 lot23, Malita, Davao Occidental",Maya,paid,Processing,scheduled,123.52,211,0,148.27,,,"{""source"":""web-checkout""}",2025-06-02T11:04:48.515986+00:00,2026-05-22T18:44:18.131669+00:00,,,true
af9ff22f-8e7c-4eb8-84c5-bbf17a30dae9,550e8400-e29b-41d4-a716-446655440018,17414,0000017414,6965abba-1d41-41e4-bdde-7b20c7110e91,TXN-60078,60078,3,"Quezon city greenfields, Quezon City, Metro Manila",Maya,paid,Processing,scheduled,357.5,84.38,0,682.16,,,"{""source"":""web-checkout""}",2025-06-02T08:13:56.911734+00:00,2026-05-22T18:44:18.131669+00:00,,,true
58136fcb-60ae-46f6-83ac-2cd1e7512a0e,550e8400-e29b-41d4-a716-446655440039,17585,0000017585,be550d1b-89d2-4be3-8bcc-2d96d33a7eca,TXN-60039,60039,3,"Blk 454 lot23, Malita, Davao Occidental",Cash on Delivery,failed,Cancelled,claim_at_branch,243.48,68.3,0,665.12,,,"{""source"":""web-checkout""}",2025-06-01T23:07:40.883839+00:00,2026-05-23T06:26:46.624031+00:00,Cleaned up stale pending session,2026-05-23T06:26:46.624031+00:00,true
c57a06a9-52f3-4d37-96d3-b41c330b9208,550e8400-e29b-41d4-a716-446655440054,17400,0000017400,5ec77ecd-4dd7-4519-80bc-bc56c516701a,TXN-60090,60090,3,"Blk 454 lot23, Malita, Davao Occidental",Credit / Debit Card,failed,Cancelled,scheduled,90.36,168.49,0,438.13,,,"{""source"":""web-checkout""}",2025-06-01T12:05:02.33032+00:00,2026-05-23T06:26:46.624031+00:00,Cleaned up stale pending session,2026-05-23T06:26:46.624031+00:00,true
2c7133cf-cac6-48bd-a915-a37b97b0f90e,550e8400-e29b-41d4-a716-446655440030,17576,0000017576,b9540840-9f54-4a76-808c-5436488f25a1,TXN-60067,60067,3,"Pickup at Branch 3, Quezon Avenue, Quezon City",Credit / Debit Card,paid,In Transit,scheduled,315.41,219.3,4.46,337.04,,,"{""source"":""web-checkout""}",2025-06-01T01:17:41.98841+00:00,2026-05-22T18:44:18.131669+00:00,,,true
0f8077b8-5748-41a4-bb36-21a08bf8ff18,550e8400-e29b-41d4-a716-446655440020,17666,0000017666,eafcc3c0-d2b7-47dc-94f1-b2834d4b669d,TXN-60346,60346,3,"Pickup at Branch 3, Quezon Avenue, Quezon City",Maya,paid,In Transit,scheduled,413.5,241.11,0,417.63,,,"{""source"":""web-checkout""}",2025-05-31T19:58:19.166003+00:00,2026-05-22T18:44:18.131669+00:00,,,true
ddb7d35a-2a0c-4680-aff2-38446b45e53a,550e8400-e29b-41d4-a716-446655440023,17469,0000017469,8766be96-32c4-4c04-b8ef-92281491a597,TXN-60172,60172,3,"Quezon city greenfields, Quezon City, Metro Manila",Cash on Delivery,failed,Cancelled,claim_at_branch,122.11,119,0,154.93,,,"{""source"":""web-checkout""}",2025-05-31T14:48:11.881888+00:00,2026-05-23T06:26:46.624031+00:00,Cleaned up stale pending session,2026-05-23T06:26:46.624031+00:00,true
80051c21-40dd-4a5e-85e0-a465baa29c3c,550e8400-e29b-41d4-a716-446655440018,17364,0000017364,48b039a9-2945-4e62-a8da-5d088f8e0c25,TXN-60023,60023,3,"Quezon city greenfields, Quezon City, Metro Manila",Credit / Debit Card,paid,Processing,scheduled,160.01,89.4,0,396.96,,,"{""source"":""web-checkout""}",2025-05-31T08:23:36.629096+00:00,2026-05-22T18:44:18.131669+00:00,,,true
139c3a28-4704-4821-9820-2290b04bea6e,550e8400-e29b-41d4-a716-446655440024,17670,0000017670,ed8fd745-b759-4f47-8304-c8bfead80f6d,TXN-60006,60006,3,"Blk 454 lot23, Malita, Davao Occidental",Maya,paid,Processing,scheduled,196.27,112.42,0,647.55,,,"{""source"":""web-checkout""}",2025-05-31T06:24:55.090518+00:00,2026-05-22T18:44:18.131669+00:00,,,true
2d4ba252-9275-4883-b5b5-480e394ba3ee,550e8400-e29b-41d4-a716-446655440037,17533,0000017533,a3fd59ac-8ad0-42d0-beb2-3d485fca1a56,TXN-60431,60431,3,"Miilionaires Village, Manila City, Metro Manila",Cash on Delivery,paid,Cancelled,scheduled,117.74,246.47,0,527.48,,,"{""source"":""web-checkout""}",2025-05-31T05:53:15.221944+00:00,2026-05-22T18:44:18.131669+00:00,,,true
24a269c2-3d8a-415b-933d-28954b82e31a,550e8400-e29b-41d4-a716-446655440030,17676,0000017676,f161d17b-2ce9-4929-9205-5892775a69e9,TXN-60150,60150,3,"Pickup at Branch 3, Quezon Avenue, Quezon City",Credit / Debit Card,paid,In Transit,scheduled,380.88,58.93,0,204.54,,,"{""source"":""web-checkout""}",2025-05-31T04:45:18.793814+00:00,2026-05-22T18:44:18.131669+00:00,,,true
556ba008-1e1f-41c7-985f-6522d60fedb6,550e8400-e29b-41d4-a716-446655440035,17331,0000017331,3bd5a90f-f3d5-4987-8233-b6612eb1987a,TXN-60457,60457,3,"Pickup at Branch 3, Quezon Avenue, Quezon City",GCash,paid,In Transit,claim_at_branch,410.46,224.23,0,517.99,,,"{""source"":""web-checkout""}",2025-05-30T20:51:40.711797+00:00,2026-05-22T18:44:18.131669+00:00,,,true
d7c0744a-d7d9-4d04-b4a9-fd4b8a1c8a17,550e8400-e29b-41d4-a716-446655440051,17547,0000017547,abe6a1dc-7910-4290-84cd-0844ae29caf8,TXN-60080,60080,3,"Manila city, Jabonga, Agusan Del Norte",GCash,paid,Delivered,scheduled,402.03,233.92,0,293.22,,,"{""source"":""web-checkout""}",2025-05-30T19:02:23.302266+00:00,2026-05-22T18:44:18.131669+00:00,,,true
97421418-571b-4f89-8712-fb41ab15599f,550e8400-e29b-41d4-a716-446655440057,17403,0000017403,615cb335-ca16-48ed-b1f1-4309b0a45710,TXN-60348,60348,3,"Miilionaires Village, Manila City, Metro Manila",GCash,failed,Cancelled,scheduled,412.41,199.31,0,658.44,,,"{""source"":""web-checkout""}",2025-05-30T09:05:22.834067+00:00,2026-05-23T06:26:46.624031+00:00,Cleaned up stale pending session,2026-05-23T06:26:46.624031+00:00,true
c7640649-6b44-422c-b90a-71c46d8cfab6,550e8400-e29b-41d4-a716-446655440047,17293,0000017293,2a38ff6c-3be4-4b79-9e61-a474246fdb3a,TXN-60272,60272,3,"Miilionaires Village, Manila City, Metro Manila",Cash on Delivery,failed,Cancelled,claim_at_branch,213.52,187.46,0,317.86,,,"{""source"":""web-checkout""}",2025-05-29T17:31:32.334003+00:00,2026-05-23T06:26:46.624031+00:00,Cleaned up stale pending session,2026-05-23T06:26:46.624031+00:00,true
f883e95a-99fc-48d6-bffd-909577565df6,550e8400-e29b-41d4-a716-446655440022,17218,0000017218,05c3e70e-504d-48b8-a804-a34eacb3ea06,TXN-60162,60162,3,"Miilionaires Village, Manila City, Metro Manila",Maya,paid,Cancelled,claim_at_branch,99.22,150.17,0,555.46,,,"{""source"":""web-checkout""}",2025-05-29T13:22:11.122216+00:00,2026-05-22T18:44:18.131669+00:00,,,true
efdfe76d-da3b-4d08-b349-b65f4bc19f6e,550e8400-e29b-41d4-a716-446655440052,17298,0000017298,2b968e59-4a18-48ca-9b44-5be4bde19b4a,TXN-60311,60311,3,"Miilionaires Village, Manila City, Metro Manila",Maya,paid,Cancelled,claim_at_branch,149.2,169.21,0,261.37,,,"{""source"":""web-checkout""}",2025-05-29T04:25:03.813197+00:00,2026-05-22T18:44:18.131669+00:00,,,true
dc0783e4-66db-40c7-8413-46ffb01e80e9,550e8400-e29b-41d4-a716-446655440042,17288,0000017288,27caaaa9-c751-4de2-aa62-15ddab1edbdb,TXN-60099,60099,3,"Miilionaires Village, Manila City, Metro Manila",Credit / Debit Card,paid,Cancelled,claim_at_branch,418.21,138.87,0,360.83,,,"{""source"":""web-checkout""}",2025-05-28T23:34:24.057652+00:00,2026-05-22T18:44:18.131669+00:00,,,true
c45b4c9a-8272-4550-a748-7f67f203e14b,550e8400-e29b-41d4-a716-446655440012,17308,0000017308,2f0ac25b-b483-4260-bbc8-eb4c3f61df2b,TXN-60358,60358,3,"Miilionaires Village, Manila City, Metro Manila",Credit / Debit Card,failed,Cancelled,scheduled,87.66,137.85,0,587.16,,,"{""source"":""web-checkout""}",2025-05-28T23:22:52.638236+00:00,2026-05-23T06:26:46.624031+00:00,Cleaned up stale pending session,2026-05-23T06:26:46.624031+00:00,true
c8c48d12-5d6b-4e80-ad37-ae8b991e7018,550e8400-e29b-41d4-a716-446655440046,17692,0000017692,f872f04b-291f-40c1-80f0-c28ae1d3e9dc,TXN-60106,60106,3,"Manila city, Jabonga, Agusan Del Norte",Credit / Debit Card,paid,Delivered,scheduled,89.69,69.28,0,317.31,,,"{""source"":""web-checkout""}",2025-05-27T04:58:29.269963+00:00,2026-05-22T18:44:18.131669+00:00,,,true
130c21b0-30fc-41b6-a00d-97fdcd0470c5,550e8400-e29b-41d4-a716-446655440035,17581,0000017581,bc08afc9-1175-4838-b30c-1bd910c936cf,TXN-60159,60159,3,"Pickup at Branch 3, Quezon Avenue, Quezon City",Cash on Delivery,paid,In Transit,scheduled,113.59,129.54,0,403.51,,,"{""source"":""web-checkout""}",2025-05-26T10:52:52.269143+00:00,2026-05-22T18:44:18.131669+00:00,,,true
37286abc-10af-435a-9721-f17843de4e4e,550e8400-e29b-41d4-a716-446655440015,17611,0000017611,ccbd727a-5c35-4fe5-8436-8bd9f04d4df7,TXN-60302,60302,3,"Pickup at Branch 3, Quezon Avenue, Quezon City",GCash,failed,Cancelled,claim_at_branch,67.56,141.4,16.57,194.85,,,"{""source"":""web-checkout""}",2025-05-26T08:06:41.949862+00:00,2026-05-23T06:26:46.624031+00:00,Cleaned up stale pending session,2026-05-23T06:26:46.624031+00:00,true
a9363b09-7591-4dfa-ab25-d7808827426b,550e8400-e29b-41d4-a716-446655440033,17279,0000017279,2169e122-2114-4e8c-a528-a95a00440a35,TXN-60218,60218,3,"Quezon city greenfields, Quezon City, Metro Manila",GCash,paid,Processing,claim_at_branch,189.02,67.45,46.87,370.96,,,"{""source"":""web-checkout""}",2025-05-25T20:24:45.426998+00:00,2026-05-22T18:44:18.131669+00:00,,,true
3863ed92-18be-4b21-b0ff-8c8f9a50ccdd,550e8400-e29b-41d4-a716-446655440044,17590,0000017590,c128a0ad-ac3e-44b4-85a4-d733563c753c,TXN-60237,60237,3,"Blk 454 lot23, Malita, Davao Occidental",Maya,paid,Processing,claim_at_branch,246.07,110.29,0,669.63,,,"{""source"":""web-checkout""}",2025-05-25T12:15:44.176631+00:00,2026-05-22T18:44:18.131669+00:00,,,true
4eae583e-7b14-46a7-ab84-6255fa92a130,550e8400-e29b-41d4-a716-446655440033,17379,0000017379,50fd2ab1-6816-42b3-a574-fd4cdb9fe470,TXN-60300,60300,3,"Quezon city greenfields, Quezon City, Metro Manila",GCash,paid,Processing,scheduled,187.26,146.31,0,187.54,,,"{""source"":""web-checkout""}",2025-05-25T08:42:26.338203+00:00,2026-05-22T18:44:18.131669+00:00,,,true
fa16c647-305c-4eaf-9f15-71c04e1e4d2e,550e8400-e29b-41d4-a716-446655440030,17626,0000017626,d55bd3cf-2e64-47bd-aa82-df14533a8110,TXN-60359,60359,3,"Pickup at Branch 3, Quezon Avenue, Quezon City",Maya,failed,Cancelled,scheduled,301.3,145.88,0,566.58,,,"{""source"":""web-checkout""}",2025-05-24T07:48:13.10702+00:00,2026-05-23T06:26:46.624031+00:00,Cleaned up stale pending session,2026-05-23T06:26:46.624031+00:00,true
7e4711ee-9833-4738-8716-eb41b4d2ab7d,550e8400-e29b-41d4-a716-446655440058,17604,0000017604,c76822ad-bf72-4def-b35b-c76f86fd0872,TXN-60414,60414,3,"Quezon city greenfields, Quezon City, Metro Manila",Credit / Debit Card,paid,Processing,scheduled,432.89,226.8,0,500.35,,,"{""source"":""web-checkout""}",2025-05-24T05:30:03.11208+00:00,2026-05-22T18:44:18.131669+00:00,,,true
29c28429-f5c1-48c0-b335-4c48c137d5d6,550e8400-e29b-41d4-a716-446655440033,17629,0000017629,d5f331f0-bda2-4d7a-b86f-1496dae1aa90,TXN-60155,60155,3,"Quezon city greenfields, Quezon City, Metro Manila",Cash on Delivery,paid,Processing,scheduled,318.91,219.01,0,507.2,,,"{""source"":""web-checkout""}",2025-05-24T02:24:27.262834+00:00,2026-05-22T18:44:18.131669+00:00,,,true
32770aae-4443-4591-b970-5b80f3aca18a,550e8400-e29b-41d4-a716-446655440039,17385,0000017385,541f8864-35ca-4481-bdb5-391429eff16c,TXN-60205,60205,3,"Blk 454 lot23, Malita, Davao Occidental",Cash on Delivery,paid,Processing,scheduled,268.79,161.46,0,104.85,,,"{""source"":""web-checkout""}",2025-05-23T20:09:31.251766+00:00,2026-05-22T18:44:18.131669+00:00,,,true
5a3ff9ed-3f95-4e47-97f3-a5e7c050635d,550e8400-e29b-41d4-a716-446655440010,17356,0000017356,45b9937d-fb18-4a84-a6ec-340333fabb8f,TXN-60322,60322,3,"Pickup at Branch 3, Quezon Avenue, Quezon City",Credit / Debit Card,paid,In Transit,claim_at_branch,287.92,54.1,0,120.11,,,"{""source"":""web-checkout""}",2025-05-23T04:21:14.273877+00:00,2026-05-22T18:44:18.131669+00:00,,,true
28b967d9-cf44-4cfd-bcfd-6b7a8cc672fd,550e8400-e29b-41d4-a716-446655440029,17225,0000017225,081115cf-fb80-4ea8-8c6c-8f1b430cca21,TXN-60330,60330,3,"Blk 454 lot23, Malita, Davao Occidental",Cash on Delivery,paid,Processing,claim_at_branch,84.05,99.29,0,557.19,,,"{""source"":""web-checkout""}",2025-05-23T02:01:28.719161+00:00,2026-05-22T18:44:18.131669+00:00,,,true
4b4339b2-aa18-43b7-bdb3-38a8385d5640,550e8400-e29b-41d4-a716-446655440043,17489,0000017489,92516a46-cdcb-4622-89bd-6c3f9b727b54,TXN-60229,60229,3,"Quezon city greenfields, Quezon City, Metro Manila",Cash on Delivery,failed,Cancelled,claim_at_branch,224.64,112.47,0,699.34,,,"{""source"":""web-checkout""}",2025-05-21T07:21:43.284584+00:00,2026-05-23T06:26:46.624031+00:00,Cleaned up stale pending session,2026-05-23T06:26:46.624031+00:00,true
947e265f-f0df-495b-bd3a-4024e1d0d4b8,550e8400-e29b-41d4-a716-446655440030,17376,0000017376,504cf604-178d-4868-8502-9de3d96f4edb,TXN-60412,60412,3,"Pickup at Branch 3, Quezon Avenue, Quezon City",Credit / Debit Card,paid,In Transit,scheduled,61.88,175.51,0,491.15,,,"{""source"":""web-checkout""}",2025-05-21T02:59:35.624315+00:00,2026-05-22T18:44:18.131669+00:00,,,true
4f510f69-d95b-4937-9f3f-86513e32f729,550e8400-e29b-41d4-a716-446655440026,17372,0000017372,4ee45403-71e2-4443-8458-d862bc45fbd2,TXN-60128,60128,3,"Manila city, Jabonga, Agusan Del Norte",Credit / Debit Card,failed,Cancelled,scheduled,97.06,133.31,0,466.32,,,"{""source"":""web-checkout""}",2025-05-21T01:48:31.036467+00:00,2026-05-23T06:26:46.624031+00:00,Cleaned up stale pending session,2026-05-23T06:26:46.624031+00:00,true
04a208c0-7f7d-4191-a5a1-8387784905ad,550e8400-e29b-41d4-a716-446655440050,17596,0000017596,c24b4af3-2de0-406f-962a-70e0d5bcc988,TXN-60065,60065,3,"Pickup at Branch 3, Quezon Avenue, Quezon City",Credit / Debit Card,paid,In Transit,scheduled,278.92,247.64,11.68,510.41,,,"{""source"":""web-checkout""}",2025-05-20T12:40:03.084325+00:00,2026-05-22T18:44:18.131669+00:00,,,true
7b30a364-841f-4da9-a956-2d70bf14ab0a,550e8400-e29b-41d4-a716-446655440036,17532,0000017532,a3acf21d-3934-429f-920b-cff78711be74,TXN-60258,60258,3,"Manila city, Jabonga, Agusan Del Norte",Credit / Debit Card,paid,Delivered,scheduled,181.9,112.34,0,365.62,,,"{""source"":""web-checkout""}",2025-05-20T10:32:18.024135+00:00,2026-05-22T18:44:18.131669+00:00,,,true
9599f72c-f2e9-4d7b-9b60-a9a088f9cab7,550e8400-e29b-41d4-a716-446655440055,17651,0000017651,dfb92954-64e0-4bc3-9a79-b3cc84e1b70e,TXN-60089,60089,3,"Pickup at Branch 3, Quezon Avenue, Quezon City",GCash,paid,In Transit,claim_at_branch,378.99,152.86,0,683.45,,,"{""source"":""web-checkout""}",2025-05-19T18:45:47.371957+00:00,2026-05-22T18:44:18.131669+00:00,,,true
a35392ed-82f9-4d80-8551-6cba133cc3c7,550e8400-e29b-41d4-a716-446655440037,17483,0000017483,8ed07cf1-87b4-4319-98d1-86d10d1dbf05,TXN-60008,60008,3,"Miilionaires Village, Manila City, Metro Manila",GCash,paid,Cancelled,scheduled,387.57,145.62,0,658.61,,,"{""source"":""web-checkout""}",2025-05-19T18:42:06.40122+00:00,2026-05-22T18:44:18.131669+00:00,,,true
6d6206ba-2fc9-4642-b899-155d05b4e74f,550e8400-e29b-41d4-a716-446655440016,17462,0000017462,83e670b0-2cf0-429a-8161-950649cf68d5,TXN-60132,60132,3,"Manila city, Jabonga, Agusan Del Norte",Maya,paid,Delivered,scheduled,179,56.13,0,608.04,,,"{""source"":""web-checkout""}",2025-05-19T08:57:58.335922+00:00,2026-05-22T18:44:18.131669+00:00,,,true
4332cb05-a3a5-4930-9ff8-327b83c21da3,550e8400-e29b-41d4-a716-446655440032,17678,0000017678,f1ae11c2-d56a-43e2-b34a-b4a04b077ff8,TXN-60482,60482,3,"Miilionaires Village, Manila City, Metro Manila",Maya,paid,Cancelled,scheduled,175.62,187.64,0,297.96,,,"{""source"":""web-checkout""}",2025-05-18T15:05:27.491091+00:00,2026-05-22T18:44:18.131669+00:00,,,true
9ad91dff-a394-4003-8864-65d7e267b5e1,550e8400-e29b-41d4-a716-446655440059,17505,0000017505,97b080b9-6c3e-4338-b75c-c9cd824b4fb6,TXN-60317,60317,3,"Blk 454 lot23, Malita, Davao Occidental",Cash on Delivery,failed,Cancelled,scheduled,416.37,198.86,0,190.47,,,"{""source"":""web-checkout""}",2025-05-18T05:49:40.670856+00:00,2026-05-23T06:26:46.624031+00:00,Cleaned up stale pending session,2026-05-23T06:26:46.624031+00:00,true
29edf808-4fb1-4019-9e96-0440d8c79235,550e8400-e29b-41d4-a716-446655440057,17703,0000017703,fd3ac76e-36cb-4179-8883-904447e071cc,TXN-60392,60392,3,"Miilionaires Village, Manila City, Metro Manila",GCash,paid,Cancelled,claim_at_branch,280.29,117.88,0,527.79,,,"{""source"":""web-checkout""}",2025-05-18T00:37:05.190418+00:00,2026-05-22T18:44:18.131669+00:00,,,true
9ca8d0ea-0221-44b7-ab21-ca5b12b9b518,550e8400-e29b-41d4-a716-446655440042,17438,0000017438,73709ba2-c7cb-4c41-8fa1-2334f53c0804,TXN-60125,60125,3,"Miilionaires Village, Manila City, Metro Manila",Maya,paid,Cancelled,scheduled,168.62,210.86,0,384.12,,,"{""source"":""web-checkout""}",2025-05-17T11:31:06.619494+00:00,2026-05-22T18:44:18.131669+00:00,,,true
cb379b8b-537c-49e1-bdf5-203e84fb1cd6,550e8400-e29b-41d4-a716-446655440034,17280,0000017280,21768829-b34f-4af6-977f-8b11f32a9837,TXN-60100,60100,3,"Blk 454 lot23, Malita, Davao Occidental",Credit / Debit Card,paid,Processing,claim_at_branch,228.99,193.7,14.73,120.51,,,"{""source"":""web-checkout""}",2025-05-17T10:52:39.874537+00:00,2026-05-22T18:44:18.131669+00:00,,,true
91f46624-734a-47bd-9d98-48b9f8d11bb2,550e8400-e29b-41d4-a716-446655440013,17209,0000017209,014becca-4d4b-40eb-9676-f6492ae2d4fb,TXN-60449,60449,3,"Quezon city greenfields, Quezon City, Metro Manila",Cash on Delivery,paid,Processing,scheduled,350.96,249.19,12.4,557.57,,,"{""source"":""web-checkout""}",2025-05-17T07:47:41.586246+00:00,2026-05-22T18:44:18.131669+00:00,,,true
4cc3b10f-23db-4b6d-8c10-2c045cba3623,550e8400-e29b-41d4-a716-446655440034,17480,0000017480,8c66d729-097a-487b-80fb-8e072544c47e,TXN-60264,60264,3,"Blk 454 lot23, Malita, Davao Occidental",Credit / Debit Card,paid,Processing,claim_at_branch,388.26,132.74,0,543.21,,,"{""source"":""web-checkout""}",2025-05-16T11:54:45.303601+00:00,2026-05-22T18:44:18.131669+00:00,,,true
40c135ec-5569-46ba-bb16-3819c3e684ad,550e8400-e29b-41d4-a716-446655440018,17564,0000017564,b30b9574-43fa-4948-8079-f47e443dc65e,TXN-60401,60401,3,"Quezon city greenfields, Quezon City, Metro Manila",Credit / Debit Card,paid,Processing,scheduled,210.71,157.31,0,459.18,,,"{""source"":""web-checkout""}",2025-05-16T02:40:59.867681+00:00,2026-05-22T18:44:18.131669+00:00,,,true
d53c9391-8f1c-4aa6-b443-0e591d3d4bcc,550e8400-e29b-41d4-a716-446655440044,17240,0000017240,0ddec9fd-cc4a-4e07-8586-7b223491c797,TXN-60086,60086,3,"Blk 454 lot23, Malita, Davao Occidental",Credit / Debit Card,paid,Processing,scheduled,134.1,230.42,0,556.6,,,"{""source"":""web-checkout""}",2025-05-15T23:38:43.827765+00:00,2026-05-22T18:44:18.131669+00:00,,,true
a98f8abb-1523-4ced-9e18-38e2f4d70848,550e8400-e29b-41d4-a716-446655440037,17433,0000017433,7227a8a2-88eb-4d6f-9bbe-16bad64193b7,TXN-60227,60227,3,"Miilionaires Village, Manila City, Metro Manila",Cash on Delivery,paid,Cancelled,scheduled,284.71,131.94,0,110.37,,,"{""source"":""web-checkout""}",2025-05-15T12:03:18.249073+00:00,2026-05-22T18:44:18.131669+00:00,,,true
0a926c80-de3c-4ce6-b26e-27cd6d83ce66,550e8400-e29b-41d4-a716-446655440028,17474,0000017474,89c380eb-0d64-445c-9732-54d1f1487517,TXN-60012,60012,3,"Quezon city greenfields, Quezon City, Metro Manila",Maya,paid,Processing,claim_at_branch,137.82,126.17,0,636.43,,,"{""source"":""web-checkout""}",2025-05-15T10:22:13.872203+00:00,2026-05-22T18:44:18.131669+00:00,,,true
291ed580-70c9-443e-8210-78cf2eab2778,550e8400-e29b-41d4-a716-446655440014,17610,0000017610,cb7ec856-72ec-4215-b24f-22409ff68946,TXN-60109,60109,3,"Blk 454 lot23, Malita, Davao Occidental",Maya,paid,Processing,scheduled,399.34,58.02,0,113.48,,,"{""source"":""web-checkout""}",2025-05-15T02:15:26.749607+00:00,2026-05-22T18:44:18.131669+00:00,,,true
c6721e0a-e264-4e0e-9c06-b1f2a17a5796,550e8400-e29b-41d4-a716-446655440033,17229,0000017229,094cdad5-0fba-4c14-84e0-afeffb112764,TXN-60040,60040,3,"Quezon city greenfields, Quezon City, Metro Manila",Cash on Delivery,paid,Processing,scheduled,232.94,162.01,0,280.27,,,"{""source"":""web-checkout""}",2025-05-14T16:48:46.121522+00:00,2026-05-22T18:44:18.131669+00:00,,,true
e824e9b1-cd39-4803-95be-3b6523260b76,550e8400-e29b-41d4-a716-446655440041,17387,0000017387,55e8cb91-efae-4414-8a18-628a1c40bec3,TXN-60262,60262,3,"Manila city, Jabonga, Agusan Del Norte",GCash,paid,Delivered,scheduled,149.97,104.57,0,691.19,,,"{""source"":""web-checkout""}",2025-05-14T06:34:49.958693+00:00,2026-05-22T18:44:18.131669+00:00,,,true
6d6b3110-d0dd-4840-9d1d-4f835b69c8d1,550e8400-e29b-41d4-a716-446655440053,17649,0000017649,deb216e3-e7dc-4f86-962a-eb58cef3fc36,TXN-60107,60107,3,"Quezon city greenfields, Quezon City, Metro Manila",Cash on Delivery,failed,Cancelled,scheduled,235.23,111.01,0,445.21,,,"{""source"":""web-checkout""}",2025-05-13T23:34:37.150257+00:00,2026-05-23T06:26:46.624031+00:00,Cleaned up stale pending session,2026-05-23T06:26:46.624031+00:00,true
1077a4e2-5316-4280-8fc0-1381ad00e68a,550e8400-e29b-41d4-a716-446655440031,17677,0000017677,f19698f9-840d-4621-b27d-8c4df3d8ca99,TXN-60003,60003,3,"Manila city, Jabonga, Agusan Del Norte",Cash on Delivery,failed,Cancelled,scheduled,54.51,138.34,0,402.19,,,"{""source"":""web-checkout""}",2025-05-13T04:26:21.166778+00:00,2026-05-23T06:26:46.624031+00:00,Cleaned up stale pending session,2026-05-23T06:26:46.624031+00:00,true
b8aa4928-100f-4d5a-a21b-a85d6b574ac1,550e8400-e29b-41d4-a716-446655440039,17235,0000017235,0c207f07-e997-4bcb-93a2-ce0fe8cf8ea7,TXN-60467,60467,3,"Blk 454 lot23, Malita, Davao Occidental",GCash,paid,Processing,claim_at_branch,223.69,67.93,0,161.19,,,"{""source"":""web-checkout""}",2025-05-11T23:58:34.928722+00:00,2026-05-22T18:44:18.131669+00:00,,,true
c19a381a-8a11-4ae1-b77a-db60394ecf5c,550e8400-e29b-41d4-a716-446655440035,17231,0000017231,0ac13e97-c55c-4a72-aee1-aaf529bb1413,TXN-60269,60269,3,"Pickup at Branch 3, Quezon Avenue, Quezon City",GCash,paid,In Transit,claim_at_branch,322.33,121.64,33.71,628.52,,,"{""source"":""web-checkout""}",2025-05-11T14:41:13.389286+00:00,2026-05-22T18:44:18.131669+00:00,,,true
28f71f15-d566-485d-bdb5-7cf627768f37,550e8400-e29b-41d4-a716-446655440055,17601,0000017601,c57d6fe4-d282-44ef-b0d6-989fdfeed906,TXN-60417,60417,3,"Pickup at Branch 3, Quezon Avenue, Quezon City",Cash on Delivery,paid,In Transit,scheduled,285.92,162.67,0,591.33,,,"{""source"":""web-checkout""}",2025-05-11T13:25:20.984121+00:00,2026-05-22T18:44:18.131669+00:00,,,true
b07ff557-96f2-47bf-8f0b-e783d6873c22,550e8400-e29b-41d4-a716-446655440039,17285,0000017285,27546b1e-8d2d-4a79-a30d-a561ab2a4926,TXN-60042,60042,3,"Blk 454 lot23, Malita, Davao Occidental",Cash on Delivery,paid,Processing,claim_at_branch,257.22,63.22,0,369.46,,,"{""source"":""web-checkout""}",2025-05-11T10:42:47.863044+00:00,2026-05-22T18:44:18.131669+00:00,,,true
f1dfba9f-2b1a-4ec9-90f7-fa0b4b9a3de5,550e8400-e29b-41d4-a716-446655440028,17674,0000017674,f0e968f6-3a21-4af1-b0c0-62e57997f45f,TXN-60081,60081,3,"Quezon city greenfields, Quezon City, Metro Manila",Maya,failed,Cancelled,scheduled,51.39,200.36,0,299.77,,,"{""source"":""web-checkout""}",2025-05-11T02:40:15.90206+00:00,2026-05-23T06:26:46.624031+00:00,Cleaned up stale pending session,2026-05-23T06:26:46.624031+00:00,true
36c4aa94-4f30-4b11-9245-d6ffba6cb696,550e8400-e29b-41d4-a716-446655440026,17222,0000017222,06eed0c1-c04d-4231-ba5e-84119ad83027,TXN-60285,60285,3,"Manila city, Jabonga, Agusan Del Norte",Maya,paid,Delivered,claim_at_branch,432.66,104.32,18.48,310.93,,,"{""source"":""web-checkout""}",2025-05-10T19:54:29.61371+00:00,2026-05-22T18:44:18.131669+00:00,,,true
9e33ee35-095e-436f-b65b-d227fb9aa8af,550e8400-e29b-41d4-a716-446655440016,17262,0000017262,1aafad0e-c035-476e-ad3c-4d32f5709aae,TXN-60385,60385,3,"Manila city, Jabonga, Agusan Del Norte",Maya,paid,Delivered,claim_at_branch,434.36,111.89,0,271.71,,,"{""source"":""web-checkout""}",2025-05-10T03:32:07.987772+00:00,2026-05-22T18:44:18.131669+00:00,,,true
d9e87e88-1cfe-4298-a228-f7a695759fef,550e8400-e29b-41d4-a716-446655440029,17675,0000017675,f11ae165-0e31-4cdb-a1c2-3263edbe6bf8,TXN-60190,60190,3,"Blk 454 lot23, Malita, Davao Occidental",GCash,paid,Processing,claim_at_branch,185.14,203.77,22.93,449.08,,,"{""source"":""web-checkout""}",2025-05-10T03:20:07.508101+00:00,2026-05-22T18:44:18.131669+00:00,,,true
8677ba2a-bba8-442c-9fd7-b18de4c200e6,550e8400-e29b-41d4-a716-446655440013,17409,0000017409,654b900a-70de-4a62-b26b-fc69dcd49aed,TXN-60323,60323,3,"Quezon city greenfields, Quezon City, Metro Manila",Cash on Delivery,paid,Processing,scheduled,126.96,73.81,0,630.14,,,"{""source"":""web-checkout""}",2025-05-09T15:11:26.296205+00:00,2026-05-22T18:44:18.131669+00:00,,,true
9e706293-ce1b-4635-870a-d31d56a6e81a,550e8400-e29b-41d4-a716-446655440032,17228,0000017228,0902d019-ab45-4a25-955a-283300e087c3,TXN-60156,60156,3,"Miilionaires Village, Manila City, Metro Manila",Credit / Debit Card,paid,Cancelled,scheduled,190.61,117.57,8.65,489.29,,,"{""source"":""web-checkout""}",2025-05-08T10:42:13.017441+00:00,2026-05-22T18:44:18.131669+00:00,,,true
755ff784-fb3f-4d0c-904e-b09ac182b2b7,550e8400-e29b-41d4-a716-446655440013,17509,0000017509,98c7c8aa-4c08-4cf2-ba94-0aaf93528550,TXN-60119,60119,3,"Quezon city greenfields, Quezon City, Metro Manila",Cash on Delivery,failed,Cancelled,scheduled,310.25,203.6,0,258,,,"{""source"":""web-checkout""}",2025-05-07T15:35:44.876466+00:00,2026-05-23T06:26:46.624031+00:00,Cleaned up stale pending session,2026-05-23T06:26:46.624031+00:00,true
39cb1336-c778-4b10-a665-f48e1a81acab,550e8400-e29b-41d4-a716-446655440050,17696,0000017696,f9cfa0fb-45b4-46b6-b843-0caa4ab8dd42,TXN-60338,60338,3,"Pickup at Branch 3, Quezon Avenue, Quezon City",Credit / Debit Card,paid,In Transit,scheduled,64.19,139.39,0,357.03,,,"{""source"":""web-checkout""}",2025-05-07T09:28:51.77234+00:00,2026-05-22T18:44:18.131669+00:00,,,true
78f1c7df-375a-4ad8-acbd-b78d06c74c47,550e8400-e29b-41d4-a716-446655440032,17428,0000017428,6fd82eec-fb3c-4b8d-b0f8-202f01041b6b,TXN-60267,60267,3,"Miilionaires Village, Manila City, Metro Manila",Credit / Debit Card,paid,Cancelled,scheduled,160.01,61.8,0,361.73,,,"{""source"":""web-checkout""}",2025-05-07T04:32:25.556212+00:00,2026-05-22T18:44:18.131669+00:00,,,true
627322b2-2f3d-4c0b-8ce1-96367ae45d3a,550e8400-e29b-41d4-a716-446655440036,17582,0000017582,bceecde9-4198-476e-8199-efa2fb26259e,TXN-60308,60308,3,"Manila city, Jabonga, Agusan Del Norte",Maya,failed,Cancelled,scheduled,96.87,118.87,0,622.71,,,"{""source"":""web-checkout""}",2025-05-06T21:06:12.910468+00:00,2026-05-23T06:26:46.624031+00:00,Cleaned up stale pending session,2026-05-23T06:26:46.624031+00:00,true
392fd52b-838c-4153-b714-7eeed9a6c5ea,550e8400-e29b-41d4-a716-446655440044,17440,0000017440,74e84eeb-d200-4bca-8ea9-23f41cf721a7,TXN-60079,60079,3,"Blk 454 lot23, Malita, Davao Occidental",Credit / Debit Card,paid,Processing,scheduled,52.66,205.15,0,497.78,,,"{""source"":""web-checkout""}",2025-05-06T18:19:56.524938+00:00,2026-05-22T18:44:18.131669+00:00,,,true
b95079f3-2989-438f-82f3-e745542fb723,550e8400-e29b-41d4-a716-446655440056,17452,0000017452,791f1a4c-8fd5-4ec2-aaa2-371c07bf8fc2,TXN-60450,60450,3,"Manila city, Jabonga, Agusan Del Norte",Credit / Debit Card,paid,Delivered,claim_at_branch,282.25,69.76,0,558.67,,,"{""source"":""web-checkout""}",2025-05-06T00:55:21.921152+00:00,2026-05-22T18:44:18.131669+00:00,,,true
c3d4c0fb-c20e-4ae7-9bf7-db9251116abe,550e8400-e29b-41d4-a716-446655440057,17603,0000017603,c68d0f42-0ba2-4b18-bcfa-2f120fc09af1,TXN-60386,60386,3,"Miilionaires Village, Manila City, Metro Manila",GCash,paid,Cancelled,scheduled,248.93,235.11,0,600.95,,,"{""source"":""web-checkout""}",2025-05-05T21:23:59.964956+00:00,2026-05-22T18:44:18.131669+00:00,,,true
47961f4a-b27d-4188-8c2b-17d9f8eb684f,550e8400-e29b-41d4-a716-446655440012,17408,0000017408,6544f952-98f9-44f4-9295-66502889675a,TXN-60163,60163,3,"Miilionaires Village, Manila City, Metro Manila",Credit / Debit Card,paid,Cancelled,claim_at_branch,378.29,196.21,0,248.33,,,"{""source"":""web-checkout""}",2025-05-05T20:16:37.298539+00:00,2026-05-22T18:44:18.131669+00:00,,,true
4aaf0f74-adbe-49d9-95db-d211a18be81d,550e8400-e29b-41d4-a716-446655440053,17599,0000017599,c4a250b3-3aa4-4800-b3c1-3e0924d4a717,TXN-60466,60466,3,"Quezon city greenfields, Quezon City, Metro Manila",GCash,paid,Processing,scheduled,444.52,74.15,0,554.47,,,"{""source"":""web-checkout""}",2025-05-05T00:26:40.80652+00:00,2026-05-22T18:44:18.131669+00:00,,,true
c313483b-fbb4-45f1-845d-fb8f18d9b3a5,550e8400-e29b-41d4-a716-446655440011,17357,0000017357,45eb226e-61a6-43e2-8e38-4ed975b39073,TXN-60306,60306,3,"Manila city, Jabonga, Agusan Del Norte",Cash on Delivery,failed,Cancelled,scheduled,184.07,237.74,0,275.5,,,"{""source"":""web-checkout""}",2025-05-04T21:36:54.046878+00:00,2026-05-23T06:26:46.624031+00:00,Cleaned up stale pending session,2026-05-23T06:26:46.624031+00:00,true
d37d7f4f-2dc0-4d50-b4f4-3902b184d081,550e8400-e29b-41d4-a716-446655440049,17495,0000017495,949bf41f-3835-4f6d-8982-10b9751c1440,TXN-60305,60305,3,"Blk 454 lot23, Malita, Davao Occidental",GCash,paid,Processing,claim_at_branch,172.49,188.31,0,419.31,,,"{""source"":""web-checkout""}",2025-05-04T17:49:47.822862+00:00,2026-05-22T18:44:18.131669+00:00,,,true
742b8c1b-e4f0-4629-9f6b-cad1efc9bb7d,550e8400-e29b-41d4-a716-446655440035,17381,0000017381,5258801a-7691-403a-bccb-067c853788cc,TXN-60130,60130,3,"Pickup at Branch 3, Quezon Avenue, Quezon City",Cash on Delivery,paid,In Transit,scheduled,443.57,122.58,0,180.9,,,"{""source"":""web-checkout""}",2025-05-04T14:27:48.320211+00:00,2026-05-22T18:44:18.131669+00:00,,,true
4c7fc8f9-1d26-4ffc-a070-32f77f2c584c,550e8400-e29b-41d4-a716-446655440030,17326,0000017326,3990abeb-28e4-423e-8f7d-5ae5d2a4495e,TXN-60334,60334,3,"Pickup at Branch 3, Quezon Avenue, Quezon City",Maya,paid,In Transit,scheduled,153.21,200,15.31,307.88,,,"{""source"":""web-checkout""}",2025-05-04T05:34:39.246567+00:00,2026-05-22T18:44:18.131669+00:00,,,true
05a2aa9f-9ac4-493a-8a07-029a29098475,550e8400-e29b-41d4-a716-446655440035,17481,0000017481,8cb666c5-5538-4088-88b7-6677f8b92093,TXN-60292,60292,3,"Pickup at Branch 3, Quezon Avenue, Quezon City",Cash on Delivery,paid,In Transit,scheduled,193.48,173.69,0,325.14,,,"{""source"":""web-checkout""}",2025-05-03T09:44:57.095728+00:00,2026-05-22T18:44:18.131669+00:00,,,true
64c5998a-4f1d-49bf-a30c-ce51b70112dd,550e8400-e29b-41d4-a716-446655440048,17244,0000017244,10870859-4cca-4027-ac7f-e8c404469097,TXN-60147,60147,3,"Quezon city greenfields, Quezon City, Metro Manila",Credit / Debit Card,paid,Processing,claim_at_branch,107.04,52.76,0,540.29,,,"{""source"":""web-checkout""}",2025-05-03T04:09:47.915139+00:00,2026-05-22T18:44:18.131669+00:00,,,true
762c74a1-bce2-4d36-a19d-8a2215c7bce9,550e8400-e29b-41d4-a716-446655440053,17449,0000017449,778dad59-79a5-4ef8-8ddc-06f202a4d82e,TXN-60430,60430,3,"Quezon city greenfields, Quezon City, Metro Manila",Cash on Delivery,paid,Processing,claim_at_branch,138.47,57.79,0,677.33,,,"{""source"":""web-checkout""}",2025-05-02T13:18:21.157578+00:00,2026-05-22T18:44:18.131669+00:00,,,true
24a1ba4f-50f3-4b61-97a0-1a9ad165efe8,550e8400-e29b-41d4-a716-446655440042,17538,0000017538,a5f683c7-d108-499c-8d63-696f20c6890f,TXN-60022,60022,3,"Miilionaires Village, Manila City, Metro Manila",Maya,paid,Cancelled,claim_at_branch,421.31,134.7,0,272.71,,,"{""source"":""web-checkout""}",2025-05-02T12:23:52.371887+00:00,2026-05-22T18:44:18.131669+00:00,,,true
9b0f61aa-0396-496e-99b5-c427fafb823e,550e8400-e29b-41d4-a716-446655440022,17268,0000017268,1d888e5f-ec46-4a61-94d1-23d15f62cd1c,TXN-60101,60101,3,"Miilionaires Village, Manila City, Metro Manila",Credit / Debit Card,failed,Cancelled,scheduled,269.05,247.96,0,630.19,,,"{""source"":""web-checkout""}",2025-05-02T08:53:03.887176+00:00,2026-05-23T06:26:46.624031+00:00,Cleaned up stale pending session,2026-05-23T06:26:46.624031+00:00,true
69e44903-1a03-48b4-b20d-229b719e2c92,550e8400-e29b-41d4-a716-446655440034,17530,0000017530,a388969e-85b2-45dd-97d1-2b8962abf148,TXN-60268,60268,3,"Blk 454 lot23, Malita, Davao Occidental",Maya,paid,Processing,claim_at_branch,258.8,208.16,0,192.37,,,"{""source"":""web-checkout""}",2025-05-02T00:50:09.289254+00:00,2026-05-22T18:44:18.131669+00:00,,,true
5dfcdc62-e6f3-4c6d-8210-f58c1aa0a232,550e8400-e29b-41d4-a716-446655440046,17292,0000017292,29f816f5-2e0e-4d23-8433-14f9301fed63,TXN-60465,60465,3,"Manila city, Jabonga, Agusan Del Norte",Credit / Debit Card,paid,Delivered,scheduled,294.6,52.19,0,251.67,,,"{""source"":""web-checkout""}",2025-05-02T00:41:46.395087+00:00,2026-05-22T18:44:18.131669+00:00,,,true
8bce5cc7-5a04-4b8d-9201-3e04b62c550a,550e8400-e29b-41d4-a716-446655440049,17645,0000017645,ddf71713-5f54-4606-858f-ac45634767fb,TXN-60427,60427,3,"Blk 454 lot23, Malita, Davao Occidental",Cash on Delivery,paid,Processing,claim_at_branch,409.27,169.83,0,126.81,,,"{""source"":""web-checkout""}",2025-05-01T21:24:50.290886+00:00,2026-05-22T18:44:18.131669+00:00,,,true
ee84415b-1943-4466-8b4e-32d2359706da,550e8400-e29b-41d4-a716-446655440019,17615,0000017615,cef4d9c3-a027-417e-9e2f-79927df2c099,TXN-60180,60180,3,"Blk 454 lot23, Malita, Davao Occidental",GCash,failed,Cancelled,scheduled,325.64,87.95,0,480.94,,,"{""source"":""web-checkout""}",2025-05-01T20:38:28.766429+00:00,2026-05-23T06:26:46.624031+00:00,Cleaned up stale pending session,2026-05-23T06:26:46.624031+00:00,true
5622bd5e-9f6f-43ee-aa8d-5f7b93e15b45,550e8400-e29b-41d4-a716-446655440047,17693,0000017693,f8dd4084-3952-4576-abad-4cea690a9420,TXN-60254,60254,3,"Miilionaires Village, Manila City, Metro Manila",Cash on Delivery,paid,Cancelled,scheduled,124.86,118.95,43.54,462.61,,,"{""source"":""web-checkout""}",2025-05-01T03:39:24.181785+00:00,2026-05-22T18:44:18.131669+00:00,,,true
3c9b6742-7623-4a2b-933f-be8cdbc5381d,550e8400-e29b-41d4-a716-446655440047,17243,0000017243,0fc8a31f-5c6b-44bb-9c86-6c2c48098c80,TXN-60154,60154,3,"Miilionaires Village, Manila City, Metro Manila",GCash,paid,Cancelled,scheduled,165.21,55.76,0,142.93,,,"{""source"":""web-checkout""}",2025-05-01T00:17:44.917091+00:00,2026-05-22T18:44:18.131669+00:00,,,true
4bfc5a12-6ea4-4c1f-8811-9ec475fbe2b8,550e8400-e29b-41d4-a716-446655440038,17484,0000017484,8f75673d-52ac-446e-9027-ebaeaa5a3e11,TXN-60299,60299,3,"Quezon city greenfields, Quezon City, Metro Manila",Credit / Debit Card,paid,Processing,scheduled,282.3,149.51,0,589.32,,,"{""source"":""web-checkout""}",2025-04-30T18:08:00.896562+00:00,2026-05-22T18:44:18.131669+00:00,,,true
769af76e-8ac7-467e-9f9a-c4196cfe5b3b,550e8400-e29b-41d4-a716-446655440044,17640,0000017640,db54f879-81ee-4c2c-bc45-5fbefabe81f0,TXN-60165,60165,3,"Blk 454 lot23, Malita, Davao Occidental",Credit / Debit Card,paid,Processing,scheduled,431.28,240.89,13.8,487.64,,,"{""source"":""web-checkout""}",2025-04-30T08:11:17.094804+00:00,2026-05-22T18:44:18.131669+00:00,,,true
3dbf8ce8-2a16-43e9-820e-933cee09c924,550e8400-e29b-41d4-a716-446655440052,17398,0000017398,5e9a2336-c1c4-44d1-859b-59553a7ab671,TXN-60481,60481,3,"Miilionaires Village, Manila City, Metro Manila",Maya,paid,Cancelled,claim_at_branch,187.98,91.16,0,608.61,,,"{""source"":""web-checkout""}",2025-04-30T05:46:00.888263+00:00,2026-05-22T18:44:18.131669+00:00,,,true
4636eb72-1ae5-45a1-bbee-fe852e6ee30d,550e8400-e29b-41d4-a716-446655440048,17444,0000017444,75baaa69-161d-46e7-b036-af61c642ee9f,TXN-60051,60051,3,"Quezon city greenfields, Quezon City, Metro Manila",Credit / Debit Card,paid,Processing,claim_at_branch,332.84,193.7,0,470.12,,,"{""source"":""web-checkout""}",2025-04-29T23:32:41.500318+00:00,2026-05-22T18:44:18.131669+00:00,,,true
a9648ba9-e174-458c-af6c-68d42a824326,550e8400-e29b-41d4-a716-446655440012,17208,0000017208,00ff2e74-1e83-42db-8a7e-7b9d80bdc5fe,TXN-60248,60248,3,"Miilionaires Village, Manila City, Metro Manila",Credit / Debit Card,paid,Cancelled,claim_at_branch,79.2,61.23,0,542.16,,,"{""source"":""web-checkout""}",2025-04-29T21:38:49.415593+00:00,2026-05-22T18:44:18.131669+00:00,,,true
e38840b6-cd0c-4e86-8136-e1750cf15cc0,550e8400-e29b-41d4-a716-446655440055,17451,0000017451,79070f7b-7058-43e8-a5ca-e3c6506100de,TXN-60088,60088,3,"Pickup at Branch 3, Quezon Avenue, Quezon City",GCash,paid,In Transit,claim_at_branch,434.64,111.12,0,362.6,,,"{""source"":""web-checkout""}",2025-04-29T10:53:33.489408+00:00,2026-05-22T18:44:18.131669+00:00,,,true
c4ce2bf5-0370-4960-92f3-d9f7b1d73f22,550e8400-e29b-41d4-a716-446655440048,17494,0000017494,94806671-b69f-4fdb-b3e6-05d62af36e7a,TXN-60091,60091,3,"Quezon city greenfields, Quezon City, Metro Manila",Maya,failed,Cancelled,scheduled,85.5,90.29,0,112.4,,,"{""source"":""web-checkout""}",2025-04-29T09:19:12.726477+00:00,2026-05-23T06:26:46.624031+00:00,Cleaned up stale pending session,2026-05-23T06:26:46.624031+00:00,true
b81cfbb0-6970-4ce6-bb85-f15f2dd584d4,550e8400-e29b-41d4-a716-446655440019,17515,0000017515,9d90cfa7-fa56-4610-92b2-8f0d0e9dfb1f,TXN-60458,60458,3,"Blk 454 lot23, Malita, Davao Occidental",GCash,paid,Processing,scheduled,206.22,242.24,5,506.38,,,"{""source"":""web-checkout""}",2025-04-29T00:58:10.911314+00:00,2026-05-22T18:44:18.131669+00:00,,,true
d2569f70-79ab-4ced-b6a0-04fdeb04529d,550e8400-e29b-41d4-a716-446655440059,17355,0000017355,4555a846-128d-4f3f-8a52-db6bfb9ee498,TXN-60352,60352,3,"Blk 454 lot23, Malita, Davao Occidental",GCash,paid,Processing,claim_at_branch,366.1,199.53,18.87,494.28,,,"{""source"":""web-checkout""}",2025-04-28T18:14:53.719624+00:00,2026-05-22T18:44:18.131669+00:00,,,true
e934c46d-75ea-42ed-a348-effcbef3ed26,550e8400-e29b-41d4-a716-446655440054,17600,0000017600,c557540f-d6a3-426c-b222-f78942768e7b,TXN-60374,60374,3,"Blk 454 lot23, Malita, Davao Occidental",Credit / Debit Card,paid,Processing,claim_at_branch,89.12,184.29,0,637.59,,,"{""source"":""web-checkout""}",2025-04-28T10:16:30.625044+00:00,2026-05-22T18:44:18.131669+00:00,,,true
31e581b1-f79e-4db3-8cf6-304fc307230b,550e8400-e29b-41d4-a716-446655440015,17461,0000017461,82126b4c-a0f0-444d-857d-c464767a3419,TXN-60251,60251,3,"Pickup at Branch 3, Quezon Avenue, Quezon City",Cash on Delivery,paid,In Transit,scheduled,61.28,79.64,0,339.32,,,"{""source"":""web-checkout""}",2025-04-27T20:04:40.025331+00:00,2026-05-22T18:44:18.131669+00:00,,,true
5d70afba-0199-4922-b562-7c27b950dc58,550e8400-e29b-41d4-a716-446655440016,17512,0000017512,9a82621d-f890-4636-9102-94ae115b180e,TXN-60005,60005,3,"Manila city, Jabonga, Agusan Del Norte",Credit / Debit Card,paid,Delivered,scheduled,297.72,141.37,0,262.92,,,"{""source"":""web-checkout""}",2025-04-27T08:59:56.686987+00:00,2026-05-22T18:44:18.131669+00:00,,,true
5916704c-6632-4711-b1c2-9ab2658cc03e,550e8400-e29b-41d4-a716-446655440014,17310,0000017310,313e9b2d-8903-460d-8c2b-4f35b71db03f,TXN-60176,60176,3,"Blk 454 lot23, Malita, Davao Occidental",Maya,paid,Processing,scheduled,269.6,156.75,36.78,572.59,,,"{""source"":""web-checkout""}",2025-04-26T21:37:32.520351+00:00,2026-05-22T18:44:18.131669+00:00,,,true
facec6c8-973a-4e24-adee-384bdf1e7adc,550e8400-e29b-41d4-a716-446655440020,17216,0000017216,0545e63e-3751-4f62-93a3-cee50489cb57,TXN-60187,60187,3,"Pickup at Branch 3, Quezon Avenue, Quezon City",Credit / Debit Card,paid,In Transit,scheduled,128.34,167.64,0,295.1,,,"{""source"":""web-checkout""}",2025-04-26T18:58:45.871246+00:00,2026-05-22T18:44:18.131669+00:00,,,true
8951ed8a-eebd-4ee7-a74c-1e36affd1291,550e8400-e29b-41d4-a716-446655440034,17430,0000017430,7092ff34-527f-4138-a2d9-2fdaac9992fa,TXN-60208,60208,3,"Blk 454 lot23, Malita, Davao Occidental",Maya,failed,Cancelled,scheduled,445.73,245.3,0,317.93,,,"{""source"":""web-checkout""}",2025-04-26T11:53:52.138618+00:00,2026-05-23T06:26:46.624031+00:00,Cleaned up stale pending session,2026-05-23T06:26:46.624031+00:00,true
ef9e64b7-661d-44eb-986d-926ea040f61e,550e8400-e29b-41d4-a716-446655440026,17272,0000017272,1e6c44d5-2430-48e2-a9df-7da199a8bf1b,TXN-60382,60382,3,"Manila city, Jabonga, Agusan Del Norte",Credit / Debit Card,paid,Delivered,claim_at_branch,349.22,78.33,0,195.62,,,"{""source"":""web-checkout""}",2025-04-26T10:42:28.47608+00:00,2026-05-22T18:44:18.131669+00:00,,,true
b7c72acf-ed42-49d4-af71-7ee226a092e1,550e8400-e29b-41d4-a716-446655440036,17232,0000017232,0af75968-3f4d-4d8c-abdc-6b83504ad99f,TXN-60077,60077,3,"Manila city, Jabonga, Agusan Del Norte",Credit / Debit Card,paid,Delivered,scheduled,149.32,136.69,0,204.23,,,"{""source"":""web-checkout""}",2025-04-25T21:19:45.952236+00:00,2026-05-22T18:44:18.131669+00:00,,,true
19e9908e-9334-43a5-9f6d-d1b9ae120d3f,550e8400-e29b-41d4-a716-446655440032,17278,0000017278,2168f892-ee0b-4b70-9e48-2b981443fb49,TXN-60370,60370,3,"Miilionaires Village, Manila City, Metro Manila",Maya,failed,Cancelled,scheduled,337.27,127.44,0,505.04,,,"{""source"":""web-checkout""}",2025-04-24T22:17:45.712478+00:00,2026-05-23T06:26:46.624031+00:00,Cleaned up stale pending session,2026-05-23T06:26:46.624031+00:00,true
bf1fc2fe-95a8-4fd1-911d-ece8227c5fa0,550e8400-e29b-41d4-a716-446655440052,17498,0000017498,94deeb78-3704-4525-a565-11072eeae191,TXN-60327,60327,3,"Miilionaires Village, Manila City, Metro Manila",Maya,paid,Cancelled,claim_at_branch,318.86,179.91,0,525.03,,,"{""source"":""web-checkout""}",2025-04-24T15:23:11.697528+00:00,2026-05-22T18:44:18.131669+00:00,,,true
8a24be98-ae1e-4f97-8550-94df00fc953d,550e8400-e29b-41d4-a716-446655440030,17276,0000017276,20b1aa6e-7fc7-4f55-aee0-33119250e90b,TXN-60446,60446,3,"Pickup at Branch 3, Quezon Avenue, Quezon City",Credit / Debit Card,paid,In Transit,scheduled,64.23,161.43,0,331.52,,,"{""source"":""web-checkout""}",2025-04-23T21:54:11.441373+00:00,2026-05-22T18:44:18.131669+00:00,,,true
5942ba53-4fc6-472f-bbf4-7a4e10a6502b,550e8400-e29b-41d4-a716-446655440032,17478,0000017478,8b86795e-9a50-43e2-849e-3222e00376d2,TXN-60240,60240,3,"Miilionaires Village, Manila City, Metro Manila",Maya,paid,Cancelled,scheduled,209.76,149.58,32.62,390.76,,,"{""source"":""web-checkout""}",2025-04-23T21:25:12.051107+00:00,2026-05-22T18:44:18.131669+00:00,,,true
8beeded9-32b2-4df0-a0fe-cfa479e1af14,550e8400-e29b-41d4-a716-446655440047,17643,0000017643,dd3424bb-d9ed-4b55-8b42-674a9a941ad9,TXN-60242,60242,3,"Miilionaires Village, Manila City, Metro Manila",GCash,paid,Cancelled,claim_at_branch,308.39,143.03,0,684.39,,,"{""source"":""web-checkout""}",2025-04-22T19:26:08.714786+00:00,2026-05-22T18:44:18.131669+00:00,,,true
9b3bfdf8-bf8d-4435-bc81-dc7a1963d44a,550e8400-e29b-41d4-a716-446655440054,17450,0000017450,78348fa8-205f-4e6f-8f1b-776c326002f4,TXN-60377,60377,3,"Blk 454 lot23, Malita, Davao Occidental",Maya,paid,Processing,scheduled,172.68,51.37,0,564.4,,,"{""source"":""web-checkout""}",2025-04-22T18:10:44.085056+00:00,2026-05-22T18:44:18.131669+00:00,,,true
ec2eacdc-831d-48cc-994b-f09bcf3c68f3,550e8400-e29b-41d4-a716-446655440043,17239,0000017239,0dd74c65-26ca-42bc-b824-641a0c730a45,TXN-60142,60142,3,"Quezon city greenfields, Quezon City, Metro Manila",GCash,paid,Processing,scheduled,426.37,178.06,0,522.35,,,"{""source"":""web-checkout""}",2025-04-22T09:22:02.524245+00:00,2026-05-22T18:44:18.131669+00:00,,,true
664c2619-6b38-4621-8f80-e60de35fefc4,550e8400-e29b-41d4-a716-446655440031,17327,0000017327,39c448ac-1172-40ea-887c-65e3b73269b7,TXN-60363,60363,3,"Manila city, Jabonga, Agusan Del Norte",GCash,paid,Delivered,scheduled,236.67,58.46,0,502.59,,,"{""source"":""web-checkout""}",2025-04-21T18:01:18.46148+00:00,2026-05-22T18:44:18.131669+00:00,,,true
0e1b7008-a095-48db-b6e1-35b5f6842001,550e8400-e29b-41d4-a716-446655440025,17321,0000017321,3898363c-2450-413b-9bc7-813d74da3a42,TXN-60371,60371,3,"Pickup at Branch 3, Quezon Avenue, Quezon City",Cash on Delivery,paid,In Transit,claim_at_branch,371.03,235.98,0,519.7,,,"{""source"":""web-checkout""}",2025-04-21T11:05:30.589088+00:00,2026-05-22T18:44:18.131669+00:00,,,true
4b09e4f4-5c4b-4153-b51c-7e1c8ad2c305,550e8400-e29b-41d4-a716-446655440024,17220,0000017220,06a663a0-4235-4808-866e-da98d4cb6942,TXN-60220,60220,3,"Blk 454 lot23, Malita, Davao Occidental",Credit / Debit Card,paid,Processing,scheduled,82.22,185.34,4.48,586.82,,,"{""source"":""web-checkout""}",2025-04-21T10:35:02.747208+00:00,2026-05-22T18:44:18.131669+00:00,,,true
5aaaff47-22a8-4319-b7ce-75f2337968fd,550e8400-e29b-41d4-a716-446655440041,17287,0000017287,279509b2-8a28-4f18-94b1-6b1453f3fdd0,TXN-60328,60328,3,"Manila city, Jabonga, Agusan Del Norte",GCash,paid,Delivered,scheduled,182.61,188.18,0,323.51,,,"{""source"":""web-checkout""}",2025-04-21T01:26:22.815262+00:00,2026-05-22T18:44:18.131669+00:00,,,true
5b2686a5-39dd-4813-9abb-1047ffed57af,550e8400-e29b-41d4-a716-446655440031,17477,0000017477,8ae8dc4b-15c3-45ec-aef4-faa116578c2a,TXN-60108,60108,3,"Manila city, Jabonga, Agusan Del Norte",Cash on Delivery,paid,Delivered,claim_at_branch,328.01,74.21,0,123.18,,,"{""source"":""web-checkout""}",2025-04-20T18:26:35.139407+00:00,2026-05-22T18:44:18.131669+00:00,,,true
1d0ce7ca-d0df-4e67-bb74-1dee5bd0970d,550e8400-e29b-41d4-a716-446655440044,17690,0000017690,f7d365a9-ca7f-4d69-8569-98878b1cc9d5,TXN-60333,60333,3,"Blk 454 lot23, Malita, Davao Occidental",Maya,paid,Processing,scheduled,305.94,63.63,0,520.87,,,"{""source"":""web-checkout""}",2025-04-20T13:51:05.986383+00:00,2026-05-22T18:44:18.131669+00:00,,,true
9368d38c-0dd0-4fd2-a284-4b1a88a7e3f8,550e8400-e29b-41d4-a716-446655440031,17577,0000017577,b9dba1bf-1b2a-4a42-b908-fbfe0901d72e,TXN-60474,60474,3,"Manila city, Jabonga, Agusan Del Norte",Cash on Delivery,paid,Delivered,scheduled,86.62,198.77,0,198.67,,,"{""source"":""web-checkout""}",2025-04-20T11:23:53.444454+00:00,2026-05-22T18:44:18.131669+00:00,,,true
eafb2485-5dc2-40ec-ac14-803deea16d51,550e8400-e29b-41d4-a716-446655440053,17249,0000017249,121720b0-f57e-4808-8fd6-2bdb6c26d460,TXN-60444,60444,3,"Quezon city greenfields, Quezon City, Metro Manila",Cash on Delivery,paid,Processing,scheduled,141.88,64.27,0,460.16,,,"{""source"":""web-checkout""}",2025-04-20T03:55:16.707043+00:00,2026-05-22T18:44:18.131669+00:00,,,true
e73956a4-1d5f-416f-a223-860e234791c2,550e8400-e29b-41d4-a716-446655440056,17302,0000017302,2d928d88-6491-4131-83e1-afc70fc3f859,TXN-60110,60110,3,"Manila city, Jabonga, Agusan Del Norte",Maya,paid,Delivered,scheduled,409.36,229.68,0,448.5,,,"{""source"":""web-checkout""}",2025-04-19T23:29:09.792477+00:00,2026-05-22T18:44:18.131669+00:00,,,true
0c187940-dbb8-47be-9000-425a22574cab,550e8400-e29b-41d4-a716-446655440047,17343,0000017343,40ac18cf-024b-4cd4-9a5c-5d8b20760321,TXN-60207,60207,3,"Miilionaires Village, Manila City, Metro Manila",GCash,paid,Cancelled,scheduled,285.78,89.67,48.89,491.31,,,"{""source"":""web-checkout""}",2025-04-19T01:09:39.048384+00:00,2026-05-22T18:44:18.131669+00:00,,,true
d18d017a-ceaa-4ac0-b5f5-c854d5ee1b43,550e8400-e29b-41d4-a716-446655440018,17614,0000017614,ce174e64-8924-4237-b3ef-57cc5dc071dd,TXN-60345,60345,3,"Quezon city greenfields, Quezon City, Metro Manila",Maya,paid,Processing,scheduled,142.56,227.85,0,637.64,,,"{""source"":""web-checkout""}",2025-04-18T23:27:26.518581+00:00,2026-05-22T18:44:18.131669+00:00,,,true
874d8d89-44a0-4ef3-8629-f625b4d0faac,550e8400-e29b-41d4-a716-446655440031,17627,0000017627,d5bc7551-93a1-45a9-beb7-201990b7ca45,TXN-60284,60284,3,"Manila city, Jabonga, Agusan Del Norte",GCash,paid,Delivered,claim_at_branch,76.25,233.87,0,211.54,,,"{""source"":""web-checkout""}",2025-04-17T19:16:30.842072+00:00,2026-05-22T18:44:18.131669+00:00,,,true
37fe7712-c58f-43ff-befc-b14101dbf1b2,550e8400-e29b-41d4-a716-446655440016,17212,0000017212,01976272-6861-4911-b8d4-954883c1239c,TXN-60140,60140,3,"Manila city, Jabonga, Agusan Del Norte",Credit / Debit Card,paid,Delivered,scheduled,128.97,113.85,40.48,509.23,,,"{""source"":""web-checkout""}",2025-04-17T14:50:37.196723+00:00,2026-05-22T18:44:18.131669+00:00,,,true
a1f22d6a-dcae-44b4-8a5a-50c78e7abbd0,550e8400-e29b-41d4-a716-446655440020,17366,0000017366,4b758420-04ea-4c1f-9875-462933529439,TXN-60456,60456,3,"Pickup at Branch 3, Quezon Avenue, Quezon City",Maya,paid,In Transit,scheduled,205.52,121.72,24.26,619.19,,,"{""source"":""web-checkout""}",2025-04-16T17:18:32.554646+00:00,2026-05-22T18:44:18.131669+00:00,,,true
109ca9d9-a83b-413d-b73c-949a773e75a3,550e8400-e29b-41d4-a716-446655440042,17588,0000017588,bf4cafcf-816e-4d92-9214-1edc2c5a65f4,TXN-60471,60471,3,"Miilionaires Village, Manila City, Metro Manila",Credit / Debit Card,paid,Cancelled,scheduled,299.3,179.84,0,324.87,,,"{""source"":""web-checkout""}",2025-04-16T14:45:56.021715+00:00,2026-05-22T18:44:18.131669+00:00,,,true
592b63f1-92c2-4640-b7a3-8ed185bfa360,550e8400-e29b-41d4-a716-446655440054,17500,0000017500,955bc4be-f01d-4499-902a-f653b1fbac32,TXN-60472,60472,3,"Blk 454 lot23, Malita, Davao Occidental",Credit / Debit Card,paid,Processing,scheduled,301.13,57.83,0,375.85,,,"{""source"":""web-checkout""}",2025-04-16T14:34:27.226257+00:00,2026-05-22T18:44:18.131669+00:00,,,true
737969b5-630c-4022-8521-2e1e15e259d3,550e8400-e29b-41d4-a716-446655440049,17395,0000017395,59e8642c-95d8-4666-a0e7-6296e8d5f6be,TXN-60175,60175,3,"Blk 454 lot23, Malita, Davao Occidental",GCash,paid,Processing,claim_at_branch,192.84,236.6,0,379.77,,,"{""source"":""web-checkout""}",2025-04-16T12:45:38.023037+00:00,2026-05-22T18:44:18.131669+00:00,,,true
b6e215e1-f6d7-44c2-ab14-c8614cbc5109,550e8400-e29b-41d4-a716-446655440017,17663,0000017663,e9076a66-75aa-41aa-a36d-8d5c1d30f343,TXN-60250,60250,3,"Miilionaires Village, Manila City, Metro Manila",GCash,paid,Cancelled,claim_at_branch,399.48,193.68,0,172.51,,,"{""source"":""web-checkout""}",2025-04-16T12:27:38.536323+00:00,2026-05-22T18:44:18.131669+00:00,,,true
058cf043-f619-4bd2-8bc1-c78c20273f30,550e8400-e29b-41d4-a716-446655440032,17328,0000017328,3b14d5cf-cdca-4e07-92d2-28988bf0550d,TXN-60462,60462,3,"Miilionaires Village, Manila City, Metro Manila",Credit / Debit Card,failed,Cancelled,scheduled,360.93,194.24,0,499.58,,,"{""source"":""web-checkout""}",2025-04-15T20:09:40.225986+00:00,2026-05-23T06:26:46.624031+00:00,Cleaned up stale pending session,2026-05-23T06:26:46.624031+00:00,true
79ded836-4e91-474c-bd0d-d91d9ad24caf,550e8400-e29b-41d4-a716-446655440058,17704,0000017704,fe377dd7-5836-4a8f-b9eb-0b4b1e55492b,TXN-60064,60064,3,"Quezon city greenfields, Quezon City, Metro Manila",Credit / Debit Card,paid,Processing,scheduled,246.7,75.59,43.88,389.97,,,"{""source"":""web-checkout""}",2025-04-15T08:39:21.692575+00:00,2026-05-22T18:44:18.131669+00:00,,,true
e7f18408-efc9-4b62-af59-a8787aeb9015,550e8400-e29b-41d4-a716-446655440035,17281,0000017281,21c06998-534e-4e9b-87b3-21a6d42e78c2,TXN-60244,60244,3,"Pickup at Branch 3, Quezon Avenue, Quezon City",Cash on Delivery,paid,In Transit,scheduled,276.88,140.84,0,133.03,,,"{""source"":""web-checkout""}",2025-04-15T06:18:49.182349+00:00,2026-05-22T18:44:18.131669+00:00,,,true
9d398c6e-d4f4-4916-bebd-735a1e125f78,550e8400-e29b-41d4-a716-446655440050,17296,0000017296,2b35aae0-588a-4c2e-960d-a456cd2373bb,TXN-60378,60378,3,"Pickup at Branch 3, Quezon Avenue, Quezon City",Credit / Debit Card,paid,In Transit,claim_at_branch,240.99,138.98,0,195.1,,,"{""source"":""web-checkout""}",2025-04-13T22:07:20.519423+00:00,2026-05-22T18:44:18.131669+00:00,,,true
bb3ccb34-0064-4d8d-8ce7-70fdc9d3189c,550e8400-e29b-41d4-a716-446655440048,17594,0000017594,c1faddb3-19f6-43c9-860f-5c1f3fd838d4,TXN-60473,60473,3,"Quezon city greenfields, Quezon City, Metro Manila",Maya,paid,Processing,scheduled,397.81,223.38,0,181.63,,,"{""source"":""web-checkout""}",2025-04-13T20:27:32.492035+00:00,2026-05-22T18:44:18.131669+00:00,,,true
8a7d0179-7607-49cc-8c74-8c36feebb823,550e8400-e29b-41d4-a716-446655440042,17488,0000017488,92229b65-7981-42bc-a263-bd1997fb0ce0,TXN-60259,60259,3,"Miilionaires Village, Manila City, Metro Manila",Credit / Debit Card,paid,Cancelled,scheduled,256.71,81.83,6.88,217.66,,,"{""source"":""web-checkout""}",2025-04-12T22:52:18.182084+00:00,2026-05-22T18:44:18.131669+00:00,,,true
61636a51-b4f1-433d-b550-03dfeb7aebf5,550e8400-e29b-41d4-a716-446655440050,17446,0000017446,7679b137-2db5-4ef5-bf31-7d0b920e5d48,TXN-60434,60434,3,"Pickup at Branch 3, Quezon Avenue, Quezon City",Maya,paid,In Transit,scheduled,383.8,214.16,0,379.67,,,"{""source"":""web-checkout""}",2025-04-12T20:30:24.942766+00:00,2026-05-22T18:44:18.131669+00:00,,,true
cea47755-db5b-4488-bec0-93706f2be9d1,550e8400-e29b-41d4-a716-446655440053,17349,0000017349,431f73e4-f9f4-4190-bf60-87f579f795d6,TXN-60464,60464,3,"Quezon city greenfields, Quezon City, Metro Manila",Cash on Delivery,paid,Processing,scheduled,362.83,118.36,0,315.31,,,"{""source"":""web-checkout""}",2025-04-12T16:51:10.232875+00:00,2026-05-22T18:44:18.131669+00:00,,,true
c2f5f268-03d1-47dc-b2f0-7fdd1e33af1d,550e8400-e29b-41d4-a716-446655440023,17619,0000017619,d110dbd3-6981-4dd8-84e1-d2754ba92af5,TXN-60341,60341,3,"Quezon city greenfields, Quezon City, Metro Manila",GCash,paid,Processing,scheduled,112.45,190.86,0,591.59,,,"{""source"":""web-checkout""}",2025-04-12T14:14:24.909476+00:00,2026-05-22T18:44:18.131669+00:00,,,true
c62c1e42-ab75-4793-ac37-9172c1cede7d,550e8400-e29b-41d4-a716-446655440011,17407,0000017407,64507749-dcef-4822-aba5-01cee39dd9c3,TXN-60092,60092,3,"Manila city, Jabonga, Agusan Del Norte",GCash,paid,Delivered,scheduled,59.44,170.17,0,668.74,,,"{""source"":""web-checkout""}",2025-04-12T14:09:53.499811+00:00,2026-05-22T18:44:18.131669+00:00,,,true
fe9cff4d-eee4-4b66-9cd5-4beb23dd7419,550e8400-e29b-41d4-a716-446655440057,17453,0000017453,7a23e921-cd85-43f1-99da-81b16bdeb4bf,TXN-60001,60001,3,"Miilionaires Village, Manila City, Metro Manila",Cash on Delivery,paid,Cancelled,claim_at_branch,182.25,160.85,0,633.26,,,"{""source"":""web-checkout""}",2025-04-11T19:21:36.949246+00:00,2026-05-22T18:44:18.131669+00:00,,,true
9c53f646-798f-418b-9804-36a37604c90a,550e8400-e29b-41d4-a716-446655440059,17455,0000017455,7cfd3a6a-65cf-4325-a745-22191a83270e,TXN-60286,60286,3,"Blk 454 lot23, Malita, Davao Occidental",GCash,paid,Processing,claim_at_branch,140.6,226.76,0,166.2,,,"{""source"":""web-checkout""}",2025-04-11T10:13:23.949515+00:00,2026-05-22T18:44:18.131669+00:00,,,true
461a3755-06b4-4aa4-9b8d-88e58eba5516,550e8400-e29b-41d4-a716-446655440039,17335,0000017335,3dd1df41-0c2d-4dd4-a23d-faeba3688378,TXN-60394,60394,3,"Blk 454 lot23, Malita, Davao Occidental",GCash,paid,Processing,scheduled,430.43,127.36,0,481.34,,,"{""source"":""web-checkout""}",2025-04-11T05:25:02.566849+00:00,2026-05-22T18:44:18.131669+00:00,,,true
b9e7397f-3926-4663-8830-4e6d1502f899,550e8400-e29b-41d4-a716-446655440034,17330,0000017330,3bb59ed9-16d4-4076-a940-683a3ed741d0,TXN-60173,60173,3,"Blk 454 lot23, Malita, Davao Occidental",Maya,paid,Processing,claim_at_branch,97.12,74.88,10.39,183.16,,,"{""source"":""web-checkout""}",2025-04-11T00:48:54.441638+00:00,2026-05-22T18:44:18.131669+00:00,,,true
6f0069f5-92d8-4d6b-94f5-72408254d8c9,550e8400-e29b-41d4-a716-446655440014,17260,0000017260,1a16f80f-b62c-4ef8-ae85-9e251a367628,TXN-60277,60277,3,"Blk 454 lot23, Malita, Davao Occidental",Credit / Debit Card,paid,Processing,claim_at_branch,156.71,145.34,0,568.88,,,"{""source"":""web-checkout""}",2025-04-10T13:38:44.97838+00:00,2026-05-22T18:44:18.131669+00:00,,,true
c9dd5d0e-f91a-45b1-8b35-afdce82031fa,550e8400-e29b-41d4-a716-446655440058,17654,0000017654,e274ac59-cade-4bf3-806d-a1c5b23b8a77,TXN-60381,60381,3,"Quezon city greenfields, Quezon City, Metro Manila",Maya,paid,Processing,claim_at_branch,434,209.42,39.08,150.38,,,"{""source"":""web-checkout""}",2025-04-10T08:14:49.006065+00:00,2026-05-22T18:44:18.131669+00:00,,,true
b5147510-1f13-42ae-8b93-003b384ffb19,550e8400-e29b-41d4-a716-446655440043,17439,0000017439,73fc71f4-d7e6-4539-8bbf-bce32db5f58a,TXN-60426,60426,3,"Quezon city greenfields, Quezon City, Metro Manila",GCash,paid,Processing,scheduled,218.72,74.47,36.28,424.12,,,"{""source"":""web-checkout""}",2025-04-10T03:14:27.337445+00:00,2026-05-22T18:44:18.131669+00:00,,,true
96e86d28-25b9-4278-80c5-a6002d0b2eda,550e8400-e29b-41d4-a716-446655440043,17389,0000017389,576d22e3-8bc5-4c65-8c8e-164c7bc53944,TXN-60499,60499,3,"Quezon city greenfields, Quezon City, Metro Manila",Cash on Delivery,paid,Processing,claim_at_branch,223.73,189.4,0,402.94,,,"{""source"":""web-checkout""}",2025-04-09T11:44:39.150221+00:00,2026-05-22T18:44:18.131669+00:00,,,true
39171899-9824-4351-a9e0-e068b4795dde,550e8400-e29b-41d4-a716-446655440030,17426,0000017426,6ef6c5e4-7dbf-4bb4-8476-a5fbaf7f81f2,TXN-60329,60329,3,"Pickup at Branch 3, Quezon Avenue, Quezon City",Maya,paid,In Transit,scheduled,79.82,94.24,0,143.39,,,"{""source"":""web-checkout""}",2025-04-09T09:33:13.6968+00:00,2026-05-22T18:44:18.131669+00:00,,,true
68d33a2c-a3f7-4841-adac-90b47f1155ee,550e8400-e29b-41d4-a716-446655440014,17510,0000017510,9a04488c-8637-4495-99b2-3d695005d379,TXN-60129,60129,3,"Blk 454 lot23, Malita, Davao Occidental",Maya,paid,Processing,claim_at_branch,271.6,245.01,22.06,378.51,,,"{""source"":""web-checkout""}",2025-04-08T03:43:02.059935+00:00,2026-05-22T18:44:18.131669+00:00,,,true
750f08e4-726f-42b3-9bb0-25beca7f1eb3,550e8400-e29b-41d4-a716-446655440027,17223,0000017223,07b19f6a-2797-4232-bde9-da376ca520ef,TXN-60179,60179,3,"Miilionaires Village, Manila City, Metro Manila",GCash,paid,Cancelled,claim_at_branch,397.35,140.47,0,288.57,,,"{""source"":""web-checkout""}",2025-04-08T00:07:45.843877+00:00,2026-05-22T18:44:18.131669+00:00,,,true
63a88b2f-1662-4352-94b1-b908de72ed7c,550e8400-e29b-41d4-a716-446655440049,17445,0000017445,762d8c52-68a2-449b-8c02-d0e05fc12bce,TXN-60425,60425,3,"Blk 454 lot23, Malita, Davao Occidental",Cash on Delivery,failed,Cancelled,claim_at_branch,356.69,80.05,0,171.23,,,"{""source"":""web-checkout""}",2025-04-07T23:21:53.197315+00:00,2026-05-23T06:26:46.624031+00:00,Cleaned up stale pending session,2026-05-23T06:26:46.624031+00:00,true
b852b666-e4ad-4ace-8316-88a989522078,550e8400-e29b-41d4-a716-446655440057,17253,0000017253,15091382-de9c-4f1d-9b13-a28d875e37a8,TXN-60406,60406,3,"Miilionaires Village, Manila City, Metro Manila",Cash on Delivery,failed,Cancelled,scheduled,415.21,245.69,0,445.97,,,"{""source"":""web-checkout""}",2025-04-07T09:23:46.976251+00:00,2026-05-23T06:26:46.624031+00:00,Cleaned up stale pending session,2026-05-23T06:26:46.624031+00:00,true
c754f72e-5e97-4d6a-9695-d5127f704e14,550e8400-e29b-41d4-a716-446655440045,17541,0000017541,a70ef1ab-2ab3-4004-82d9-c6c51680ddd5,TXN-60196,60196,3,"Pickup at Branch 3, Quezon Avenue, Quezon City",Cash on Delivery,failed,Cancelled,claim_at_branch,207.06,82.61,2.65,127.43,,,"{""source"":""web-checkout""}",2025-04-06T01:33:02.087502+00:00,2026-05-23T06:26:46.624031+00:00,Cleaned up stale pending session,2026-05-23T06:26:46.624031+00:00,true
ae082fa4-26e8-4bca-9175-c7944dfa6690,550e8400-e29b-41d4-a716-446655440014,17210,0000017210,014f6657-570f-4153-90f9-787fa955afb9,TXN-60335,60335,3,"Blk 454 lot23, Malita, Davao Occidental",Maya,paid,Processing,scheduled,225.42,71.57,0,217.75,,,"{""source"":""web-checkout""}",2025-04-05T09:14:10.967658+00:00,2026-05-22T18:44:18.131669+00:00,,,true
842f255f-f991-475c-a934-c7247b5efd0f,550e8400-e29b-41d4-a716-446655440024,17320,0000017320,3854e4a0-6b1b-481e-bea1-c033b8a5c3d9,TXN-60177,60177,3,"Blk 454 lot23, Malita, Davao Occidental",Credit / Debit Card,paid,Processing,claim_at_branch,307.89,237.91,0,576.63,,,"{""source"":""web-checkout""}",2025-04-03T22:59:44.490791+00:00,2026-05-22T18:44:18.131669+00:00,,,true
4f2b2539-c0d7-4b9f-8997-ebe99cbdfcfe,550e8400-e29b-41d4-a716-446655440026,17472,0000017472,88e974a7-5afe-43d6-a0f6-e5c6455b02d7,TXN-60198,60198,3,"Manila city, Jabonga, Agusan Del Norte",Credit / Debit Card,paid,Delivered,scheduled,337.98,142.96,0,596.75,,,"{""source"":""web-checkout""}",2025-04-03T12:23:47.416836+00:00,2026-05-22T18:44:18.131669+00:00,,,true
bf08507d-85a9-4c23-8a11-fee313b17064,550e8400-e29b-41d4-a716-446655440024,17520,0000017520,9ec9e2d7-2ebb-4262-9a73-c469534d9140,TXN-60447,60447,3,"Blk 454 lot23, Malita, Davao Occidental",Credit / Debit Card,failed,Cancelled,claim_at_branch,202.1,97.33,0,657.7,,,"{""source"":""web-checkout""}",2025-04-02T14:49:20.054709+00:00,2026-05-23T06:26:46.624031+00:00,Cleaned up stale pending session,2026-05-23T06:26:46.624031+00:00,true
41ecc99f-b2ee-4131-b030-bb751f1aaa7e,550e8400-e29b-41d4-a716-446655440011,17457,0000017457,7eebe15c-04d3-43d0-9e8d-d264797e6d1a,TXN-60461,60461,3,"Manila city, Jabonga, Agusan Del Norte",Cash on Delivery,paid,Delivered,scheduled,177.37,132.88,0,555.95,,,"{""source"":""web-checkout""}",2025-04-02T09:44:50.161169+00:00,2026-05-22T18:44:18.131669+00:00,,,true
79044571-57a1-4cc6-ba5b-e616b4a88d52,550e8400-e29b-41d4-a716-446655440030,17476,0000017476,8ae0f581-bc4d-4a39-8367-cf94ad5fcfc7,TXN-60118,60118,3,"Pickup at Branch 3, Quezon Avenue, Quezon City",Credit / Debit Card,paid,In Transit,scheduled,399.83,181.8,0,154.88,,,"{""source"":""web-checkout""}",2025-04-01T23:38:27.649919+00:00,2026-05-22T18:44:18.131669+00:00,,,true
9c5f5b87-9109-47a9-a273-136f1bf639ea,550e8400-e29b-41d4-a716-446655440019,17415,0000017415,6a3893ef-453d-45f8-a710-69be487284b4,TXN-60498,60498,3,"Blk 454 lot23, Malita, Davao Occidental",GCash,paid,Processing,scheduled,78.32,120.97,0,621.8,,,"{""source"":""web-checkout""}",2025-04-01T14:40:54.148277+00:00,2026-05-22T18:44:18.131669+00:00,,,true
9bff88f6-9e32-48eb-9c86-6b4528c8b075,550e8400-e29b-41d4-a716-446655440057,17303,0000017303,2de77407-e0fe-48a2-81a4-acc77f940d8a,TXN-60274,60274,3,"Miilionaires Village, Manila City, Metro Manila",GCash,paid,Cancelled,claim_at_branch,163.21,111.69,0,670.95,,,"{""source"":""web-checkout""}",2025-04-01T13:14:40.56483+00:00,2026-05-22T18:44:18.131669+00:00,,,true
773cf506-19dc-4847-a3e0-57b7cb63c583,550e8400-e29b-41d4-a716-446655440049,17295,0000017295,2b2703ba-92e1-4d3f-9ed0-eae92a0736f1,TXN-60253,60253,3,"Blk 454 lot23, Malita, Davao Occidental",GCash,paid,Processing,scheduled,153.16,187.2,0,312.3,,,"{""source"":""web-checkout""}",2025-04-01T06:56:17.046036+00:00,2026-05-22T18:44:18.131669+00:00,,,true
6121d54c-8594-4ba0-aae2-cc23f490d53f,550e8400-e29b-41d4-a716-446655440043,17339,0000017339,3f7a61f6-a38c-4f4c-a791-678535b186f6,TXN-60289,60289,3,"Quezon city greenfields, Quezon City, Metro Manila",GCash,failed,Cancelled,scheduled,250.65,176.81,0,247.93,,,"{""source"":""web-checkout""}",2025-04-01T06:14:56.950761+00:00,2026-05-23T06:26:46.624031+00:00,Cleaned up stale pending session,2026-05-23T06:26:46.624031+00:00,true
5275a2cc-251b-406b-a816-a5e143f0d340,550e8400-e29b-41d4-a716-446655440016,17312,0000017312,32919b14-e05d-48a9-96fa-981615a74a3d,TXN-60210,60210,3,"Manila city, Jabonga, Agusan Del Norte",Credit / Debit Card,paid,Delivered,scheduled,119.43,67.44,0,383.78,,,"{""source"":""web-checkout""}",2025-04-01T02:08:39.618677+00:00,2026-05-22T18:44:18.131669+00:00,,,true
71698699-167a-439b-b352-eede96b0a9b7,550e8400-e29b-41d4-a716-446655440048,17644,0000017644,dd9d44a4-919b-4074-962a-da26b1e85a05,TXN-60145,60145,3,"Quezon city greenfields, Quezon City, Metro Manila",Credit / Debit Card,paid,Processing,scheduled,327.13,165,0,599.62,,,"{""source"":""web-checkout""}",2025-04-01T01:14:51.516903+00:00,2026-05-22T18:44:18.131669+00:00,,,true
fbf660fa-d492-4459-81d3-27556ae63f5c,550e8400-e29b-41d4-a716-446655440046,17642,0000017642,dca8405c-89d8-44db-9c0d-e704ea5e54f0,TXN-60420,60420,3,"Manila city, Jabonga, Agusan Del Norte",Maya,failed,Cancelled,scheduled,332.33,111.48,35.69,481.67,,,"{""source"":""web-checkout""}",2025-03-31T22:30:10.865216+00:00,2026-05-23T06:26:46.624031+00:00,Cleaned up stale pending session,2026-05-23T06:26:46.624031+00:00,true
d4f6f688-fad4-4564-9e71-46b4776981cd,550e8400-e29b-41d4-a716-446655440055,17351,0000017351,4369a972-876d-4de9-8969-a4c412ae9b85,TXN-60030,60030,3,"Pickup at Branch 3, Quezon Avenue, Quezon City",GCash,paid,In Transit,scheduled,205.79,195.17,0,119.08,,,"{""source"":""web-checkout""}",2025-03-31T18:46:43.571371+00:00,2026-05-22T18:44:18.131669+00:00,,,true
02db24f9-7fc9-4c16-9860-b0b3d8717bdd,550e8400-e29b-41d4-a716-446655440058,17554,0000017554,ad9faafb-6507-4e49-8b18-7f47edb3e9d7,TXN-60393,60393,3,"Quezon city greenfields, Quezon City, Metro Manila",Maya,paid,Processing,scheduled,70.92,54.58,0,315.1,,,"{""source"":""web-checkout""}",2025-03-30T23:52:41.904505+00:00,2026-05-22T18:44:18.131669+00:00,,,true
6685fd45-a32b-486c-a228-0a6fefe5e72f,550e8400-e29b-41d4-a716-446655440014,17410,0000017410,66cc1ec9-1a17-4247-8e6a-822f21235863,TXN-60296,60296,3,"Blk 454 lot23, Malita, Davao Occidental",Maya,paid,Processing,claim_at_branch,183.54,237.11,0,510.02,,,"{""source"":""web-checkout""}",2025-03-30T23:24:00.441269+00:00,2026-05-22T18:44:18.131669+00:00,,,true
08bfbeba-9965-4472-8b49-b2e92ecd74d3,550e8400-e29b-41d4-a716-446655440037,17683,0000017683,f45e5de7-155b-47d8-a0a0-6c8b664147cb,TXN-60186,60186,3,"Miilionaires Village, Manila City, Metro Manila",GCash,paid,Cancelled,scheduled,88.9,191.54,0,317.98,,,"{""source"":""web-checkout""}",2025-03-30T09:38:10.233775+00:00,2026-05-22T18:44:18.131669+00:00,,,true
4efa48b5-8135-44c4-b6b5-0efe12315516,550e8400-e29b-41d4-a716-446655440038,17634,0000017634,d896bdb5-0619-45f6-a92a-db431b51af30,TXN-60433,60433,3,"Quezon city greenfields, Quezon City, Metro Manila",Maya,paid,Processing,claim_at_branch,220.24,93.55,0,585.26,,,"{""source"":""web-checkout""}",2025-03-30T09:12:20.323315+00:00,2026-05-22T18:44:18.131669+00:00,,,true
fe301918-d4dc-43e7-b31e-84b149861eb6,550e8400-e29b-41d4-a716-446655440048,17394,0000017394,599ead33-84b2-4862-b8ce-521466c285c5,TXN-60319,60319,3,"Quezon city greenfields, Quezon City, Metro Manila",Maya,paid,Processing,scheduled,214.33,110.3,45.56,190.16,,,"{""source"":""web-checkout""}",2025-03-30T01:15:10.941119+00:00,2026-05-22T18:44:18.131669+00:00,,,true
015b7541-2dbe-4d25-a5b3-16955a848ecd,550e8400-e29b-41d4-a716-446655440040,17386,0000017386,54962ef2-8eef-4f70-b667-bf8d2e00f469,TXN-60388,60388,3,"Pickup at Branch 3, Quezon Avenue, Quezon City",Maya,paid,In Transit,scheduled,304.76,227.1,31.49,218.75,,,"{""source"":""web-checkout""}",2025-03-29T19:52:11.71095+00:00,2026-05-22T18:44:18.131669+00:00,,,true
6a16ec9f-6083-4f82-878c-d56f784df453,550e8400-e29b-41d4-a716-446655440055,17701,0000017701,fb76c92b-7d76-492f-80b2-6b19a6103b9f,TXN-60018,60018,3,"Pickup at Branch 3, Quezon Avenue, Quezon City",Cash on Delivery,paid,In Transit,scheduled,377.08,68.9,0,454.06,,,"{""source"":""web-checkout""}",2025-03-28T20:48:53.965938+00:00,2026-05-22T18:44:18.131669+00:00,,,true
9d633733-534b-4868-870a-37124eed11c6,550e8400-e29b-41d4-a716-446655440045,17291,0000017291,2943adb0-d4d1-4286-88d3-9e265bc91edf,TXN-60084,60084,3,"Pickup at Branch 3, Quezon Avenue, Quezon City",GCash,paid,In Transit,claim_at_branch,282.81,66.37,0,186.57,,,"{""source"":""web-checkout""}",2025-03-27T14:52:08.671469+00:00,2026-05-22T18:44:18.131669+00:00,,,true
eb68c841-a5bc-4fd4-aeb6-7460037804f2,550e8400-e29b-41d4-a716-446655440024,17420,0000017420,6d102f19-395d-4ec3-8131-3882054cbb03,TXN-60398,60398,3,"Blk 454 lot23, Malita, Davao Occidental",Credit / Debit Card,paid,Processing,claim_at_branch,149.94,158.1,0,560.52,,,"{""source"":""web-checkout""}",2025-03-27T11:46:42.992828+00:00,2026-05-22T18:44:18.131669+00:00,,,true
fe6981d6-cf73-46ee-a880-99191a2beaec,550e8400-e29b-41d4-a716-446655440024,17570,0000017570,b5f37a99-abb6-4017-b838-aa3887662c74,TXN-60428,60428,3,"Blk 454 lot23, Malita, Davao Occidental",Maya,paid,Processing,claim_at_branch,106.95,85.09,0,589.46,,,"{""source"":""web-checkout""}",2025-03-27T07:59:55.388979+00:00,2026-05-22T18:44:18.131669+00:00,,,true
b97c2835-ac90-49c8-a578-c59973000634,550e8400-e29b-41d4-a716-446655440015,17511,0000017511,9a34a022-79c0-4ad7-bdfb-45b5490eaa11,TXN-60164,60164,3,"Pickup at Branch 3, Quezon Avenue, Quezon City",GCash,paid,In Transit,claim_at_branch,199.05,162.77,0,222.36,,,"{""source"":""web-checkout""}",2025-03-27T01:00:12.075815+00:00,2026-05-22T18:44:18.131669+00:00,,,true
5fe0c5ba-9360-4235-8cbc-2a7665c160a6,550e8400-e29b-41d4-a716-446655440054,17550,0000017550,ac83e732-5214-4545-a921-d76cd315c352,TXN-60318,60318,3,"Blk 454 lot23, Malita, Davao Occidental",Maya,paid,Processing,scheduled,317.55,83.72,3.07,597.8,,,"{""source"":""web-checkout""}",2025-03-26T23:33:15.794787+00:00,2026-05-22T18:44:18.131669+00:00,,,true
9130490b-3295-401f-a4ba-e2556482b9f8,550e8400-e29b-41d4-a716-446655440014,17460,0000017460,819d1cc4-fb4e-49be-ba5f-173392536959,TXN-60409,60409,3,"Blk 454 lot23, Malita, Davao Occidental",Credit / Debit Card,paid,Processing,scheduled,278.83,161.58,0.41,318.66,,,"{""source"":""web-checkout""}",2025-03-26T17:25:57.421919+00:00,2026-05-22T18:44:18.131669+00:00,,,true
004ed875-3052-406c-8537-7d07315e60d1,550e8400-e29b-41d4-a716-446655440040,17236,0000017236,0c236ea6-cb07-49da-9e7c-0e3411cb2884,TXN-60153,60153,3,"Pickup at Branch 3, Quezon Avenue, Quezon City",Credit / Debit Card,paid,In Transit,scheduled,147.73,194.73,0,506.67,,,"{""source"":""web-checkout""}",2025-03-26T06:35:25.462898+00:00,2026-05-22T18:44:18.131669+00:00,,,true
315c4caa-6a94-4b29-bbfd-403b3e8a64f1,550e8400-e29b-41d4-a716-446655440010,17256,0000017256,182f213d-62ed-4de6-bf17-c51bc6f3685c,TXN-60025,60025,3,"Pickup at Branch 3, Quezon Avenue, Quezon City",Credit / Debit Card,paid,In Transit,scheduled,221.49,197.2,0,433.81,,,"{""source"":""web-checkout""}",2025-03-25T19:14:49.889851+00:00,2026-05-22T18:44:18.131669+00:00,,,true
275dace5-b9c8-459c-9036-825b9cc1e980,550e8400-e29b-41d4-a716-446655440036,17332,0000017332,3c07f3c3-1bd7-4ad0-a242-9b37252ffc19,TXN-60273,60273,3,"Manila city, Jabonga, Agusan Del Norte",Credit / Debit Card,failed,Cancelled,scheduled,393.39,85.68,0,317.51,,,"{""source"":""web-checkout""}",2025-03-25T19:08:18.942032+00:00,2026-05-23T06:26:46.624031+00:00,Cleaned up stale pending session,2026-05-23T06:26:46.624031+00:00,true
6ee3be78-0386-4845-b1b4-81fed6f2b2f6,550e8400-e29b-41d4-a716-446655440038,17384,0000017384,53ca4857-7b6f-4d46-b8c9-185e85ba53a4,TXN-60484,60484,3,"Quezon city greenfields, Quezon City, Metro Manila",Credit / Debit Card,paid,Processing,scheduled,415.77,102.73,0,663.92,,,"{""source"":""web-checkout""}",2025-03-25T16:08:37.808662+00:00,2026-05-22T18:44:18.131669+00:00,,,true
0fc2fab8-7750-4477-897e-6c6a83cb71e6,550e8400-e29b-41d4-a716-446655440050,17496,0000017496,94b28331-0456-49e0-aff6-43cdd70990c0,TXN-60182,60182,3,"Pickup at Branch 3, Quezon Avenue, Quezon City",Credit / Debit Card,failed,Cancelled,claim_at_branch,372.07,91.98,0,298.62,,,"{""source"":""web-checkout""}",2025-03-25T14:11:02.692474+00:00,2026-05-23T06:26:46.624031+00:00,Cleaned up stale pending session,2026-05-23T06:26:46.624031+00:00,true
57998b38-a4b5-4959-9bbf-c39740f54bcc,550e8400-e29b-41d4-a716-446655440018,17214,0000017214,032a0b80-3485-4b60-91d3-e245d78d64f2,TXN-60215,60215,3,"Quezon city greenfields, Quezon City, Metro Manila",Maya,paid,Processing,claim_at_branch,448.54,226.87,37.34,104.26,,,"{""source"":""web-checkout""}",2025-03-24T20:34:12.530984+00:00,2026-05-22T18:44:18.131669+00:00,,,true
b6b485ea-6c81-4e23-8807-532dbfa1e24d,550e8400-e29b-41d4-a716-446655440034,17380,0000017380,510441db-dfb4-493a-a607-35061a358e28,TXN-60303,60303,3,"Blk 454 lot23, Malita, Davao Occidental",Credit / Debit Card,paid,Processing,scheduled,233.79,229.17,0,329.29,,,"{""source"":""web-checkout""}",2025-03-24T10:57:26.015731+00:00,2026-05-22T18:44:18.131669+00:00,,,true
c1e5f89e-39f5-477e-ab69-71b5b3537b69,550e8400-e29b-41d4-a716-446655440040,17686,0000017686,f5871a16-4dc6-449c-8eae-784b9b621b18,TXN-60045,60045,3,"Pickup at Branch 3, Quezon Avenue, Quezon City",Maya,paid,In Transit,scheduled,446.52,75.23,0,157.87,,,"{""source"":""web-checkout""}",2025-03-24T01:36:48.168507+00:00,2026-05-22T18:44:18.131669+00:00,,,true
d0456ce3-6326-4790-966c-2873e1c67a29,550e8400-e29b-41d4-a716-446655440015,17311,0000017311,327919f7-7057-4176-b9b4-2092d12178d5,TXN-60056,60056,3,"Pickup at Branch 3, Quezon Avenue, Quezon City",GCash,paid,In Transit,scheduled,297.18,166.6,0,484.32,,,"{""source"":""web-checkout""}",2025-03-23T17:48:14.849245+00:00,2026-05-22T18:44:18.131669+00:00,,,true
d9485e02-5764-458f-90b2-6881ba15bcf2,550e8400-e29b-41d4-a716-446655440020,17566,0000017566,b53914dd-445d-4c85-b6af-27c60da09b4d,TXN-60105,60105,3,"Pickup at Branch 3, Quezon Avenue, Quezon City",Maya,paid,In Transit,scheduled,302.75,222.85,0,109.62,,,"{""source"":""web-checkout""}",2025-03-23T07:39:01.713946+00:00,2026-05-22T18:44:18.131669+00:00,,,true
5ffbea42-2623-45f0-afea-1781995f3961,550e8400-e29b-41d4-a716-446655440028,17574,0000017574,b8f4c9d8-b72e-4292-a048-2d5d53272aea,TXN-60316,60316,3,"Quezon city greenfields, Quezon City, Metro Manila",Maya,paid,Processing,scheduled,422.31,205.53,0,527.65,,,"{""source"":""web-checkout""}",2025-03-22T11:01:06.357908+00:00,2026-05-22T18:44:18.131669+00:00,,,true
f24c11ec-be9f-4f40-8dbf-e95994c7612e,550e8400-e29b-41d4-a716-446655440056,17502,0000017502,966d0542-c42a-496d-8340-f63016695ed2,TXN-60443,60443,3,"Manila city, Jabonga, Agusan Del Norte",Maya,paid,Delivered,claim_at_branch,82.72,231.63,0,457.66,,,"{""source"":""web-checkout""}",2025-03-22T08:11:16.506718+00:00,2026-05-22T18:44:18.131669+00:00,,,true
4822b6d4-b3db-4f2e-8662-ce1695290820,550e8400-e29b-41d4-a716-446655440033,17679,0000017679,f2c94719-2e93-4471-a047-e6259dac0358,TXN-60181,60181,3,"Quezon city greenfields, Quezon City, Metro Manila",GCash,failed,Cancelled,scheduled,419.34,162.82,0,470.48,,,"{""source"":""web-checkout""}",2025-03-22T07:49:58.594455+00:00,2026-05-23T06:26:46.624031+00:00,Cleaned up stale pending session,2026-05-23T06:26:46.624031+00:00,true
95514d2c-21ea-4ec9-ad25-42b203448fce,550e8400-e29b-41d4-a716-446655440041,17587,0000017587,beb1ae37-97cf-4d93-92c8-2b69df6b083f,TXN-60046,60046,3,"Manila city, Jabonga, Agusan Del Norte",GCash,paid,Delivered,claim_at_branch,262.71,147.38,0,187.97,,,"{""source"":""web-checkout""}",2025-03-22T04:25:46.881469+00:00,2026-05-22T18:44:18.131669+00:00,,,true
b8977ddd-13cc-406e-b0d7-0af3b4372e17,550e8400-e29b-41d4-a716-446655440011,17657,0000017657,e2df1cf1-2830-4854-a78d-a3e46ad45156,TXN-60137,60137,3,"Manila city, Jabonga, Agusan Del Norte",Cash on Delivery,paid,Delivered,claim_at_branch,265.17,242,0,214.43,,,"{""source"":""web-checkout""}",2025-03-22T01:59:58.369176+00:00,2026-05-22T18:44:18.131669+00:00,,,true
3d7f28a6-5d16-4a5e-95f9-a08d146d7f08,550e8400-e29b-41d4-a716-446655440050,17396,0000017396,5bc4075a-13fe-41d4-9fdf-163f7ca98a48,TXN-60486,60486,3,"Pickup at Branch 3, Quezon Avenue, Quezon City",Credit / Debit Card,paid,In Transit,scheduled,177.83,178.19,0,558.11,,,"{""source"":""web-checkout""}",2025-03-21T19:16:18.128702+00:00,2026-05-22T18:44:18.131669+00:00,,,true
61ed6730-c1b6-4d53-b7a1-9254baae8c86,550e8400-e29b-41d4-a716-446655440038,17584,0000017584,bdd75b96-4a59-495f-a02a-4b4cf20a7338,TXN-60072,60072,3,"Quezon city greenfields, Quezon City, Metro Manila",Credit / Debit Card,paid,Processing,scheduled,138.59,201.26,0,595.27,,,"{""source"":""web-checkout""}",2025-03-21T11:57:53.269002+00:00,2026-05-22T18:44:18.131669+00:00,,,true
1cf6ca5f-3616-49e3-813b-5000e870761d,550e8400-e29b-41d4-a716-446655440037,17583,0000017583,bcf83dbb-0158-4923-8565-0286f9c93cf0,TXN-60397,60397,3,"Miilionaires Village, Manila City, Metro Manila",GCash,paid,Cancelled,scheduled,316.18,138.45,0,342.98,,,"{""source"":""web-checkout""}",2025-03-21T05:32:15.588837+00:00,2026-05-22T18:44:18.131669+00:00,,,true
997de480-bc78-4482-a989-0e217a01e6cf,550e8400-e29b-41d4-a716-446655440047,17493,0000017493,944658d6-fa16-46f7-b2c8-32e2eac998c4,TXN-60222,60222,3,"Miilionaires Village, Manila City, Metro Manila",Cash on Delivery,paid,Cancelled,claim_at_branch,68.07,118.81,0,288.43,,,"{""source"":""web-checkout""}",2025-03-21T04:44:15.455086+00:00,2026-05-22T18:44:18.131669+00:00,,,true
adb02e3a-96e0-499e-bffc-1ee2a8e7541b,550e8400-e29b-41d4-a716-446655440040,17286,0000017286,2755b78f-0d61-4341-ae26-2af14c881d3a,TXN-60422,60422,3,"Pickup at Branch 3, Quezon Avenue, Quezon City",Maya,paid,In Transit,scheduled,303.87,94.6,0,249.33,,,"{""source"":""web-checkout""}",2025-03-21T04:00:03.61726+00:00,2026-05-22T18:44:18.131669+00:00,,,true
5e67869f-c3ed-45fb-9e2e-6030f34f9f57,550e8400-e29b-41d4-a716-446655440055,17251,0000017251,1461d610-ef4e-4483-9d2f-a1d70bd7142c,TXN-60364,60364,3,"Pickup at Branch 3, Quezon Avenue, Quezon City",GCash,failed,Cancelled,claim_at_branch,271.6,222.43,0,278.28,,,"{""source"":""web-checkout""}",2025-03-20T16:00:57.786548+00:00,2026-05-23T06:26:46.624031+00:00,Cleaned up stale pending session,2026-05-23T06:26:46.624031+00:00,true
46e2a4f9-246f-40bf-9a22-5d0241ce1daa,550e8400-e29b-41d4-a716-446655440010,17456,0000017456,7d5d372b-a43b-4354-991e-6a65f9b338a7,TXN-60223,60223,3,"Pickup at Branch 3, Quezon Avenue, Quezon City",Credit / Debit Card,paid,In Transit,scheduled,85.37,210.42,0,623.18,,,"{""source"":""web-checkout""}",2025-03-20T07:05:50.638295+00:00,2026-05-22T18:44:18.131669+00:00,,,true
1ca0a64d-41fc-4901-a233-513fa0bee3e4,550e8400-e29b-41d4-a716-446655440040,17336,0000017336,3e97fcd1-559e-4064-9362-c077614b85bb,TXN-60093,60093,3,"Pickup at Branch 3, Quezon Avenue, Quezon City",Credit / Debit Card,failed,Cancelled,claim_at_branch,183.48,220.57,0,524.57,,,"{""source"":""web-checkout""}",2025-03-20T03:09:57.334467+00:00,2026-05-23T06:26:46.624031+00:00,Cleaned up stale pending session,2026-05-23T06:26:46.624031+00:00,true
bf14dc64-5312-4341-a6b8-080710887893,550e8400-e29b-41d4-a716-446655440027,17673,0000017673,efe097d8-13f0-43a7-9c0b-55310c3abc30,TXN-60423,60423,3,"Miilionaires Village, Manila City, Metro Manila",Cash on Delivery,failed,Cancelled,scheduled,344.55,160.18,0,151.77,,,"{""source"":""web-checkout""}",2025-03-19T18:18:51.746265+00:00,2026-05-23T06:26:46.624031+00:00,Cleaned up stale pending session,2026-05-23T06:26:46.624031+00:00,true
39fcdeda-8ec1-4636-ab0d-a4245b381d01,550e8400-e29b-41d4-a716-446655440027,17623,0000017623,d31cec52-50ef-4ea7-854a-5a17b5a51ba6,TXN-60203,60203,3,"Miilionaires Village, Manila City, Metro Manila",GCash,paid,Cancelled,scheduled,323.5,183.93,0,383.83,,,"{""source"":""web-checkout""}",2025-03-19T16:17:39.461798+00:00,2026-05-22T18:44:18.131669+00:00,,,true
14ca423b-3e74-4cd2-885a-7a0027aedcab,550e8400-e29b-41d4-a716-446655440023,17269,0000017269,1dbfea1f-f4d7-4791-a7da-34d95e29f887,TXN-60271,60271,3,"Quezon city greenfields, Quezon City, Metro Manila",Cash on Delivery,paid,Processing,scheduled,234.84,247.25,0,670.08,,,"{""source"":""web-checkout""}",2025-03-18T03:27:51.080035+00:00,2026-05-22T18:44:18.131669+00:00,,,true
36f2a47c-59bc-4236-a197-7b57d8e6ed5a,550e8400-e29b-41d4-a716-446655440034,17630,0000017630,d640aea7-db09-415f-bfc7-507d75fbcb1b,TXN-60278,60278,3,"Blk 454 lot23, Malita, Davao Occidental",Maya,failed,Cancelled,scheduled,254.68,143.83,0,673.97,,,"{""source"":""web-checkout""}",2025-03-17T14:04:20.257937+00:00,2026-05-23T06:26:46.624031+00:00,Cleaned up stale pending session,2026-05-23T06:26:46.624031+00:00,true
1d4f785f-ad62-48dc-aa6b-98d300d462e8,550e8400-e29b-41d4-a716-446655440010,17406,0000017406,63acf98c-f6ed-4dcf-b16b-91af88f68dcb,TXN-60213,60213,3,"Pickup at Branch 3, Quezon Avenue, Quezon City",Maya,paid,In Transit,claim_at_branch,303.29,51.07,0,590.28,,,"{""source"":""web-checkout""}",2025-03-17T11:46:44.749709+00:00,2026-05-22T18:44:18.131669+00:00,,,true
a03f35eb-ee87-415a-9448-a349e4930713,550e8400-e29b-41d4-a716-446655440052,17448,0000017448,774be389-6c3c-4ab8-a18f-df0a3975cc93,TXN-60485,60485,3,"Miilionaires Village, Manila City, Metro Manila",Credit / Debit Card,paid,Cancelled,scheduled,361.01,211.12,0,298.45,,,"{""source"":""web-checkout""}",2025-03-17T06:44:25.271282+00:00,2026-05-22T18:44:18.131669+00:00,,,true
cfd4c3f2-c1c0-47e0-be51-0995e3037d75,550e8400-e29b-41d4-a716-446655440046,17342,0000017342,409f3c2b-e269-4181-a549-0a8797018dfa,TXN-60340,60340,3,"Manila city, Jabonga, Agusan Del Norte",Maya,paid,Delivered,scheduled,281.9,106.81,0,436.83,,,"{""source"":""web-checkout""}",2025-03-17T06:13:24.478407+00:00,2026-05-22T18:44:18.131669+00:00,,,true
51a08e5d-763b-463a-b364-7996c5f7bd03,550e8400-e29b-41d4-a716-446655440052,17248,0000017248,119804a1-54d2-4f21-815e-bcf5f6eef4e1,TXN-60183,60183,3,"Miilionaires Village, Manila City, Metro Manila",Credit / Debit Card,paid,Cancelled,scheduled,335.29,146.15,0,126.02,,,"{""source"":""web-checkout""}",2025-03-17T05:58:57.43099+00:00,2026-05-22T18:44:18.131669+00:00,,,true
13e0beaf-029f-438d-9d85-f848f24b8e39,550e8400-e29b-41d4-a716-446655440025,17221,0000017221,06e2b78b-81fe-4cef-81d5-c36fd16759b8,TXN-60309,60309,3,"Pickup at Branch 3, Quezon Avenue, Quezon City",Cash on Delivery,paid,In Transit,scheduled,76.58,126.63,6.73,633.62,,,"{""source"":""web-checkout""}",2025-03-17T03:31:15.227803+00:00,2026-05-22T18:44:18.131669+00:00,,,true
fd76a7a0-ef67-44f3-9cc4-034c0641df78,550e8400-e29b-41d4-a716-446655440052,17348,0000017348,42a6d177-ae7a-4379-99cf-8b6e57cc0b22,TXN-60375,60375,3,"Miilionaires Village, Manila City, Metro Manila",Credit / Debit Card,paid,Cancelled,scheduled,386.17,72.94,0,484.7,,,"{""source"":""web-checkout""}",2025-03-16T16:55:44.216474+00:00,2026-05-22T18:44:18.131669+00:00,,,true
fc7666d6-0343-4269-8e51-c7ee792b873a,550e8400-e29b-41d4-a716-446655440050,17546,0000017546,aa585187-c0d7-4441-90b0-4362b647dea3,TXN-60418,60418,3,"Pickup at Branch 3, Quezon Avenue, Quezon City",Maya,paid,In Transit,scheduled,51.55,161.88,0,329.01,,,"{""source"":""web-checkout""}",2025-03-16T15:15:36.99286+00:00,2026-05-22T18:44:18.131669+00:00,,,true
475ee7ae-f2d5-44fd-9a57-999c54a529c0,550e8400-e29b-41d4-a716-446655440011,17257,0000017257,184e5b27-675b-409d-8619-83803021cf02,TXN-60246,60246,3,"Manila city, Jabonga, Agusan Del Norte",Cash on Delivery,failed,Cancelled,scheduled,286.68,68.35,0,242.06,,,"{""source"":""web-checkout""}",2025-03-16T01:30:28.876219+00:00,2026-05-23T06:26:46.624031+00:00,Cleaned up stale pending session,2026-05-23T06:26:46.624031+00:00,true
f414b78a-6130-41e5-b666-57e438ef77f6,550e8400-e29b-41d4-a716-446655440017,17413,0000017413,67b64100-d525-4618-9f04-74dd0778bf8d,TXN-60041,60041,3,"Miilionaires Village, Manila City, Metro Manila",Cash on Delivery,paid,Cancelled,scheduled,323,218.37,0,101.44,,,"{""source"":""web-checkout""}",2025-03-15T21:53:03.299107+00:00,2026-05-22T18:44:18.131669+00:00,,,true
5e5fd193-6216-4871-82f6-13cddff77588,550e8400-e29b-41d4-a716-446655440058,17254,0000017254,1597b401-340c-48d6-a94f-f5f99ec74ad4,TXN-60085,60085,3,"Quezon city greenfields, Quezon City, Metro Manila",Maya,paid,Processing,scheduled,204.91,241.38,0,171.58,,,"{""source"":""web-checkout""}",2025-03-15T00:32:03.052108+00:00,2026-05-22T18:44:18.131669+00:00,,,true
9eba043b-06a4-4ac1-aea1-e5f85bab9f25,550e8400-e29b-41d4-a716-446655440021,17267,0000017267,1d2efa37-8a9f-4476-a4db-cd3d52facd9c,TXN-60235,60235,3,"Manila city, Jabonga, Agusan Del Norte",GCash,paid,Delivered,scheduled,425.82,149.18,0,368.78,,,"{""source"":""web-checkout""}",2025-03-15T00:30:38.265668+00:00,2026-05-22T18:44:18.131669+00:00,,,true
b25a2d12-3f6e-4d33-824e-27abc51164d4,550e8400-e29b-41d4-a716-446655440045,17691,0000017691,f827bbce-e1a7-4b10-accd-a23206a700f6,TXN-60076,60076,3,"Pickup at Branch 3, Quezon Avenue, Quezon City",GCash,paid,In Transit,scheduled,174.71,149.25,10.98,449.79,,,"{""source"":""web-checkout""}",2025-03-13T22:57:10.415188+00:00,2026-05-22T18:44:18.131669+00:00,,,true
9edf8f2e-064c-4ce1-8959-b0d92ac3d027,550e8400-e29b-41d4-a716-446655440034,17680,0000017680,f317e165-7029-44ef-b92c-7a3e0c7893f9,TXN-60480,60480,3,"Blk 454 lot23, Malita, Davao Occidental",Credit / Debit Card,paid,Processing,scheduled,400.95,91.8,0,670.33,,,"{""source"":""web-checkout""}",2025-03-13T00:38:50.172945+00:00,2026-05-22T18:44:18.131669+00:00,,,true
764a506d-7c68-4f5e-bfd1-f63d2f806bd7,550e8400-e29b-41d4-a716-446655440059,17655,0000017655,e2a6564b-57f1-4572-a6c1-9b46fe634f68,TXN-60053,60053,3,"Blk 454 lot23, Malita, Davao Occidental",GCash,paid,Processing,claim_at_branch,430.62,126.39,14.13,538.09,,,"{""source"":""web-checkout""}",2025-03-12T12:29:00.533939+00:00,2026-05-22T18:44:18.131669+00:00,,,true
ba0db360-bcda-42aa-ac92-7b13a13f4648,550e8400-e29b-41d4-a716-446655440013,17309,0000017309,313d6e8b-01df-4a5b-9abd-7cbaf6a7c18d,TXN-60014,60014,3,"Quezon city greenfields, Quezon City, Metro Manila",Cash on Delivery,paid,Processing,scheduled,60.26,98.34,0,575.11,,,"{""source"":""web-checkout""}",2025-03-11T18:30:56.242586+00:00,2026-05-22T18:44:18.131669+00:00,,,true
0b143580-6d5b-4abd-980d-de05b5bea542,550e8400-e29b-41d4-a716-446655440047,17443,0000017443,7571176c-7c80-495d-b13f-6c8c7794b210,TXN-60487,60487,3,"Miilionaires Village, Manila City, Metro Manila",GCash,paid,Cancelled,scheduled,152.9,70.71,0,607.71,,,"{""source"":""web-checkout""}",2025-03-11T12:37:53.403078+00:00,2026-05-22T18:44:18.131669+00:00,,,true
502d3cf3-a11f-4d40-94d8-d82e91dfe525,550e8400-e29b-41d4-a716-446655440017,17563,0000017563,b2b36939-da62-4026-b107-f2c6b22645d7,TXN-60057,60057,3,"Miilionaires Village, Manila City, Metro Manila",GCash,paid,Cancelled,scheduled,313.6,164.93,1.97,670.1,,,"{""source"":""web-checkout""}",2025-03-11T08:21:06.831308+00:00,2026-05-22T18:44:18.131669+00:00,,,true
431144c1-6a3a-43fe-b4e8-113f96085145,550e8400-e29b-41d4-a716-446655440051,17397,0000017397,5bf8091a-7c07-4419-9d14-d02cec31c672,TXN-60245,60245,3,"Manila city, Jabonga, Agusan Del Norte",Cash on Delivery,paid,Delivered,scheduled,225.98,237.12,0,387.61,,,"{""source"":""web-checkout""}",2025-03-10T18:08:47.672331+00:00,2026-05-22T18:44:18.131669+00:00,,,true
750f2cc1-f3cb-4ebd-ad74-60438adff88e,550e8400-e29b-41d4-a716-446655440043,17289,0000017289,27f0ecee-93a0-4a84-9aec-58f9830e965f,TXN-60266,60266,3,"Quezon city greenfields, Quezon City, Metro Manila",Cash on Delivery,failed,Cancelled,claim_at_branch,106.88,134.88,0,699.17,,,"{""source"":""web-checkout""}",2025-03-10T01:52:16.45289+00:00,2026-05-23T06:26:46.624031+00:00,Cleaned up stale pending session,2026-05-23T06:26:46.624031+00:00,true
567a9311-1bdd-413a-8393-8b46493dc8e4,550e8400-e29b-41d4-a716-446655440031,17427,0000017427,6fb77586-8b66-49c9-8975-28c235bb29ce,TXN-60344,60344,3,"Manila city, Jabonga, Agusan Del Norte",GCash,paid,Delivered,claim_at_branch,381.51,182.01,0,106.32,,,"{""source"":""web-checkout""}",2025-03-09T15:09:11.257271+00:00,2026-05-22T18:44:18.131669+00:00,,,true
acdabaa0-d958-4886-a27f-d6507091614f,550e8400-e29b-41d4-a716-446655440056,17702,0000017702,fcb905df-42ec-458a-ba22-14d6414ffcfc,TXN-60453,60453,3,"Manila city, Jabonga, Agusan Del Norte",Maya,paid,Delivered,scheduled,107.22,139.62,0,284.32,,,"{""source"":""web-checkout""}",2025-03-08T22:55:42.653451+00:00,2026-05-22T18:44:18.131669+00:00,,,true
10753a1b-481d-4f47-976c-2d92a3cb91a6,550e8400-e29b-41d4-a716-446655440018,17314,0000017314,348144d8-9cf3-4351-b12e-a4edf015de52,TXN-60087,60087,3,"Quezon city greenfields, Quezon City, Metro Manila",Maya,paid,Processing,scheduled,156.25,154.52,0,394.85,,,"{""source"":""web-checkout""}",2025-03-08T22:29:41.83428+00:00,2026-05-22T18:44:18.131669+00:00,,,true
ec6aed51-23aa-43a7-8f7f-13be54bb7315,550e8400-e29b-41d4-a716-446655440023,17519,0000017519,9e54f1ac-bee5-4ca0-b5ef-c2097596f7ac,TXN-60136,60136,3,"Quezon city greenfields, Quezon City, Metro Manila",GCash,paid,Processing,scheduled,71.42,190.15,0,566.04,,,"{""source"":""web-checkout""}",2025-03-07T22:18:12.299011+00:00,2026-05-22T18:44:18.131669+00:00,,,true
9bbc2fe4-e3c4-4386-9a96-7fb4e26ec38d,550e8400-e29b-41d4-a716-446655440051,17347,0000017347,41e1728a-9066-4613-9172-523fc3f90031,TXN-60225,60225,3,"Manila city, Jabonga, Agusan Del Norte",GCash,paid,Delivered,claim_at_branch,347.63,85.4,0,283.09,,,"{""source"":""web-checkout""}",2025-03-07T19:54:19.684092+00:00,2026-05-22T18:44:18.131669+00:00,,,true
a185b944-ca98-4353-bf2c-ffd30dd25f92,550e8400-e29b-41d4-a716-446655440017,17463,0000017463,84075d35-c837-4577-b9f9-de7f3b14d4c5,TXN-60050,60050,3,"Miilionaires Village, Manila City, Metro Manila",GCash,paid,Cancelled,claim_at_branch,317.76,91.48,27.92,401.86,,,"{""source"":""web-checkout""}",2025-03-07T18:28:23.00937+00:00,2026-05-22T18:44:18.131669+00:00,,,true
030b8f79-7ee3-4a57-b750-8448c2b5a139,550e8400-e29b-41d4-a716-446655440017,17313,0000017313,334e19e3-7316-4b65-89bc-5bc5b4271e10,TXN-60206,60206,3,"Miilionaires Village, Manila City, Metro Manila",Cash on Delivery,paid,Cancelled,claim_at_branch,337.97,224.5,0,152.38,,,"{""source"":""web-checkout""}",2025-03-07T15:22:19.113129+00:00,2026-05-22T18:44:18.131669+00:00,,,true
e96cb44f-3125-42b7-95d3-7c6dfd30d11c,550e8400-e29b-41d4-a716-446655440017,17363,0000017363,48afc300-f27b-4082-a80c-c31a1e4ad9ee,TXN-60483,60483,3,"Miilionaires Village, Manila City, Metro Manila",GCash,paid,Cancelled,scheduled,286.12,93.07,0,287.77,,,"{""source"":""web-checkout""}",2025-03-07T01:52:35.270887+00:00,2026-05-22T18:44:18.131669+00:00,,,true
656ce9ca-9680-4719-8f78-50e7bd11d0f6,550e8400-e29b-41d4-a716-446655440022,17668,0000017668,ecaf0921-7a4e-4c5b-ad12-2bd3f40b34f0,TXN-60270,60270,3,"Miilionaires Village, Manila City, Metro Manila",Credit / Debit Card,paid,Cancelled,scheduled,360.65,228.61,16,567.48,,,"{""source"":""web-checkout""}",2025-03-06T21:21:43.862969+00:00,2026-05-22T18:44:18.131669+00:00,,,true
b9882283-f90d-418f-8352-aaf54418c937,550e8400-e29b-41d4-a716-446655440038,17234,0000017234,0be17cce-a096-4a56-8926-bea18c29bfe7,TXN-60239,60239,3,"Quezon city greenfields, Quezon City, Metro Manila",Maya,paid,Processing,claim_at_branch,84.57,107.75,0,368,,,"{""source"":""web-checkout""}",2025-03-06T15:29:19.97654+00:00,2026-05-22T18:44:18.131669+00:00,,,true
c01a8bcf-12c0-473e-967c-789b264d9792,550e8400-e29b-41d4-a716-446655440010,17556,0000017556,adbacc4d-f4ee-4a0e-b437-7e98e1a4cf31,TXN-60002,60002,3,"Pickup at Branch 3, Quezon Avenue, Quezon City",Credit / Debit Card,paid,In Transit,scheduled,191.09,163.2,0,324.21,,,"{""source"":""web-checkout""}",2025-03-05T00:29:52.158996+00:00,2026-05-22T18:44:18.131669+00:00,,,true
91e5916f-0dc3-48cd-af9c-0100f1fe7229,550e8400-e29b-41d4-a716-446655440045,17641,0000017641,dca2e40e-44a2-43a5-9cf9-1bcef99e3d78,TXN-60016,60016,3,"Pickup at Branch 3, Quezon Avenue, Quezon City",Cash on Delivery,paid,In Transit,claim_at_branch,205.95,111.48,0,674.97,,,"{""source"":""web-checkout""}",2025-03-04T04:57:18.33552+00:00,2026-05-22T18:44:18.131669+00:00,,,true
6355a693-19d3-49a5-b60a-98323eae452a,550e8400-e29b-41d4-a716-446655440020,17466,0000017466,867eb141-fb94-440a-804f-5f5474db5615,TXN-60114,60114,3,"Pickup at Branch 3, Quezon Avenue, Quezon City",Maya,paid,In Transit,claim_at_branch,347.93,232.56,0,582.89,,,"{""source"":""web-checkout""}",2025-03-03T18:48:27.17355+00:00,2026-05-22T18:44:18.131669+00:00,,,true
75bd201b-73f0-4d2e-8abe-f5f10a59f711,550e8400-e29b-41d4-a716-446655440037,17633,0000017633,d8048485-8798-46c7-8816-6da4f5acb739,TXN-60178,60178,3,"Miilionaires Village, Manila City, Metro Manila",Cash on Delivery,failed,Cancelled,claim_at_branch,203.4,132.64,0,460.3,,,"{""source"":""web-checkout""}",2025-03-03T05:20:22.416019+00:00,2026-05-23T06:26:46.624031+00:00,Cleaned up stale pending session,2026-05-23T06:26:46.624031+00:00,true
73efc9c5-98e7-498c-b8f7-2b11c1fbd7db,550e8400-e29b-41d4-a716-446655440043,17639,0000017639,dae8b7f7-e7e5-4919-95f3-c5598211276a,TXN-60365,60365,3,"Quezon city greenfields, Quezon City, Metro Manila",GCash,paid,Processing,scheduled,366.19,147.67,0,339.41,,,"{""source"":""web-checkout""}",2025-03-03T02:52:17.200365+00:00,2026-05-22T18:44:18.131669+00:00,,,true
62372775-4512-4e3a-b1b4-156c158f8827,550e8400-e29b-41d4-a716-446655440036,17482,0000017482,8dc80c7e-dd49-4cde-9b27-37163043ed9c,TXN-60429,60429,3,"Manila city, Jabonga, Agusan Del Norte",Maya,paid,Delivered,claim_at_branch,207.64,127.78,0,533.66,,,"{""source"":""web-checkout""}",2025-03-03T01:17:14.070501+00:00,2026-05-22T18:44:18.131669+00:00,,,true
8bd171e0-7c92-4949-b355-2ea9a0161b7e,550e8400-e29b-41d4-a716-446655440049,17245,0000017245,10e2c046-c0e5-4ccf-9a8e-8eb8f7318238,TXN-60193,60193,3,"Blk 454 lot23, Malita, Davao Occidental",Cash on Delivery,paid,Processing,claim_at_branch,436.7,135.55,0.93,600.35,,,"{""source"":""web-checkout""}",2025-03-02T14:21:50.502893+00:00,2026-05-22T18:44:18.131669+00:00,,,true
61e6628d-60cd-4734-b814-77d58a001992,550e8400-e29b-41d4-a716-446655440029,17525,0000017525,a1123b41-ce4c-4cfe-a2e8-6d6a50ea83fe,TXN-60083,60083,3,"Blk 454 lot23, Malita, Davao Occidental",Cash on Delivery,paid,Processing,claim_at_branch,243.39,238.5,0,110.79,,,"{""source"":""web-checkout""}",2025-03-02T13:32:19.389117+00:00,2026-05-22T18:44:18.131669+00:00,,,true
83904249-1313-45ed-a1f0-157b65621f60,550e8400-e29b-41d4-a716-446655440027,17473,0000017473,899ea9bd-3958-42c4-a189-e10e43b55c99,TXN-60035,60035,3,"Miilionaires Village, Manila City, Metro Manila",Cash on Delivery,paid,Cancelled,scheduled,195.51,117.7,0,413.97,,,"{""source"":""web-checkout""}",2025-03-02T12:46:17.331594+00:00,2026-05-22T18:44:18.131669+00:00,,,true
b47a479c-242e-48d5-8d27-8a6cae62c80a,550e8400-e29b-41d4-a716-446655440012,17508,0000017508,98895c2d-1aa3-4486-b626-fc6c6cfcf7cd,TXN-60301,60301,3,"Miilionaires Village, Manila City, Metro Manila",Credit / Debit Card,paid,Cancelled,claim_at_branch,97.33,68.31,0,375.53,,,"{""source"":""web-checkout""}",2025-03-01T15:07:16.616144+00:00,2026-05-22T18:44:18.131669+00:00,,,true
de54b578-14e9-435e-ade1-751271dc9189,550e8400-e29b-41d4-a716-446655440018,17264,0000017264,1b63cfc0-07d1-4ac0-916f-07fa1606cf92,TXN-60294,60294,3,"Quezon city greenfields, Quezon City, Metro Manila",Credit / Debit Card,failed,Cancelled,claim_at_branch,403.06,131.39,0,371.59,,,"{""source"":""web-checkout""}",2025-03-01T10:39:55.861747+00:00,2026-05-23T06:26:46.624031+00:00,Cleaned up stale pending session,2026-05-23T06:26:46.624031+00:00,true
324c81e5-a064-4662-a306-93e1b750a165,550e8400-e29b-41d4-a716-446655440046,17492,0000017492,941ba936-9538-44d7-a0a0-428af0699712,TXN-60038,60038,3,"Manila city, Jabonga, Agusan Del Norte",Credit / Debit Card,paid,Delivered,claim_at_branch,207.37,202.59,0,316.14,,,"{""source"":""web-checkout""}",2025-03-01T04:46:14.22658+00:00,2026-05-22T18:44:18.131669+00:00,,,true
12d9c104-0b2e-474a-b76f-14db0eb0fea2,550e8400-e29b-41d4-a716-446655440025,17671,0000017671,eef0bbd9-b05b-4138-b42e-494298d7664f,TXN-60404,60404,3,"Pickup at Branch 3, Quezon Avenue, Quezon City",GCash,failed,Cancelled,scheduled,302.17,127.9,0.59,187.03,,,"{""source"":""web-checkout""}",2025-03-01T02:03:10.942702+00:00,2026-05-23T06:26:46.624031+00:00,Cleaned up stale pending session,2026-05-23T06:26:46.624031+00:00,true
b6b846a4-8189-41af-943e-5b3c78dfc696,550e8400-e29b-41d4-a716-446655440021,17467,0000017467,86b8312b-87fe-4818-8ed0-6a9d756c0c6a,TXN-60060,60060,3,"Manila city, Jabonga, Agusan Del Norte",GCash,paid,Delivered,scheduled,336.55,205.22,0,507.5,,,"{""source"":""web-checkout""}",2025-03-01T00:12:12.261271+00:00,2026-05-22T18:44:18.131669+00:00,,,true
c9399fe1-6d69-4992-be71-0fbe71994edf,550e8400-e29b-41d4-a716-446655440030,17226,0000017226,08c8ebdf-be9f-4dd2-8757-ae8808ed0467,TXN-60195,60195,3,"Pickup at Branch 3, Quezon Avenue, Quezon City",Maya,paid,In Transit,scheduled,249.06,136.69,0,461.63,,,"{""source"":""web-checkout""}",2025-02-28T22:48:25.877598+00:00,2026-05-22T18:44:18.131669+00:00,,,true
6bb0c4bb-126a-4db0-8771-bce10c7e02e2,550e8400-e29b-41d4-a716-446655440011,17557,0000017557,ae67cf37-0c1f-4fcb-abc8-a29d076c64c8,TXN-60452,60452,3,"Manila city, Jabonga, Agusan Del Norte",Cash on Delivery,paid,Delivered,scheduled,298.6,238.07,0,339.37,,,"{""source"":""web-checkout""}",2025-02-28T22:32:01.307786+00:00,2026-05-22T18:44:18.131669+00:00,,,true
efb5a4fe-671a-4ea3-9862-8c02d1f47f4c,550e8400-e29b-41d4-a716-446655440051,17497,0000017497,94de0849-530b-4e37-a104-1c745e42caa9,TXN-60095,60095,3,"Manila city, Jabonga, Agusan Del Norte",Cash on Delivery,failed,Cancelled,scheduled,201.34,129.59,0,681.21,,,"{""source"":""web-checkout""}",2025-02-28T20:06:18.707952+00:00,2026-05-23T06:26:46.624031+00:00,Cleaned up stale pending session,2026-05-23T06:26:46.624031+00:00,true
f463a55f-2828-47f2-9f0e-adfeab747b9c,550e8400-e29b-41d4-a716-446655440043,17689,0000017689,f78b36e7-58eb-4b94-a1ab-6ed552f9200e,TXN-60055,60055,3,"Quezon city greenfields, Quezon City, Metro Manila",Cash on Delivery,paid,Processing,scheduled,343.76,243.67,0,160.08,,,"{""source"":""web-checkout""}",2025-02-28T11:11:32.066001+00:00,2026-05-22T18:44:18.131669+00:00,,,true
93bbe18f-554f-4986-a816-c198982a62d6,550e8400-e29b-41d4-a716-446655440047,17393,0000017393,598051c2-b74d-4d03-930f-8a8f1feed333,TXN-60276,60276,3,"Miilionaires Village, Manila City, Metro Manila",Cash on Delivery,failed,Cancelled,scheduled,239,240.26,0,456.24,,,"{""source"":""web-checkout""}",2025-02-28T08:34:47.445287+00:00,2026-05-23T06:26:46.624031+00:00,Cleaned up stale pending session,2026-05-23T06:26:46.624031+00:00,true
790c99cc-83fc-40d3-bf72-563db3fa1ac1,550e8400-e29b-41d4-a716-446655440049,17695,0000017695,f9182827-502f-437f-b03e-cdd60bdf0941,TXN-60342,60342,3,"Blk 454 lot23, Malita, Davao Occidental",GCash,paid,Processing,scheduled,220.71,50.16,0,107.09,,,"{""source"":""web-checkout""}",2025-02-28T03:49:24.963543+00:00,2026-05-22T18:44:18.131669+00:00,,,true
db72e4e6-b212-4db7-b67c-5910164ce365,550e8400-e29b-41d4-a716-446655440035,17631,0000017631,d6c92147-6baa-4a55-92bc-39652c575aa6,TXN-60161,60161,3,"Pickup at Branch 3, Quezon Avenue, Quezon City",GCash,failed,Cancelled,claim_at_branch,389.66,186.57,46.56,140.47,,,"{""source"":""web-checkout""}",2025-02-27T21:34:56.012093+00:00,2026-05-23T06:26:46.624031+00:00,Cleaned up stale pending session,2026-05-23T06:26:46.624031+00:00,true
16bdcef6-e8a8-40d9-bac9-47ed99b635f5,550e8400-e29b-41d4-a716-446655440042,17638,0000017638,da838d0d-29a8-40b2-b879-53dbeb75aac5,TXN-60343,60343,3,"Miilionaires Village, Manila City, Metro Manila",Maya,paid,Cancelled,scheduled,325.62,53.55,0,661.59,,,"{""source"":""web-checkout""}",2025-02-27T20:38:15.041338+00:00,2026-05-22T18:44:18.131669+00:00,,,true
2ee94e9d-82dd-4750-890e-861662b2c919,550e8400-e29b-41d4-a716-446655440046,17542,0000017542,a71e2ce4-5dbc-4154-89d8-f66cc2575b37,TXN-60320,60320,3,"Manila city, Jabonga, Agusan Del Norte",Maya,paid,Delivered,claim_at_branch,210.68,222.86,8.48,264.55,,,"{""source"":""web-checkout""}",2025-02-27T18:15:50.652284+00:00,2026-05-22T18:44:18.131669+00:00,,,true
1c3e1a17-9a85-4769-ba5f-d65acfd01b46,550e8400-e29b-41d4-a716-446655440019,17465,0000017465,855800d4-199e-4557-8956-2c1e37da4a5e,TXN-60201,60201,3,"Blk 454 lot23, Malita, Davao Occidental",Cash on Delivery,paid,Processing,scheduled,89.5,81.3,32.15,248.17,,,"{""source"":""web-checkout""}",2025-02-27T18:02:01.630377+00:00,2026-05-22T18:44:18.131669+00:00,,,true
bc2e7e71-3d63-40e4-83e2-ccced453faa9,550e8400-e29b-41d4-a716-446655440049,17545,0000017545,aa4ed04c-4c05-4bbe-8b4d-3923c89ee4b8,TXN-60224,60224,3,"Blk 454 lot23, Malita, Davao Occidental",Cash on Delivery,failed,Cancelled,claim_at_branch,62.03,65.25,9.92,290.61,,,"{""source"":""web-checkout""}",2025-02-27T12:54:24.824128+00:00,2026-05-23T06:26:46.624031+00:00,Cleaned up stale pending session,2026-05-23T06:26:46.624031+00:00,true
3017dd67-f73a-4db7-8650-864b19c03238,550e8400-e29b-41d4-a716-446655440034,17230,0000017230,09e0e8e9-bedd-47f1-b29c-4bbed2b89125,TXN-60127,60127,3,"Blk 454 lot23, Malita, Davao Occidental",Maya,failed,Cancelled,claim_at_branch,402.1,147.37,0,249.64,,,"{""source"":""web-checkout""}",2025-02-27T05:36:58.528607+00:00,2026-05-23T06:26:46.624031+00:00,Cleaned up stale pending session,2026-05-23T06:26:46.624031+00:00,true
cfd991c1-41d2-4e3b-8432-45fbe5c84d41,550e8400-e29b-41d4-a716-446655440021,17417,0000017417,6c259e86-2454-4747-916e-064cc1f8d227,TXN-60332,60332,3,"Manila city, Jabonga, Agusan Del Norte",Cash on Delivery,paid,Delivered,scheduled,423.04,98.66,0,388.36,,,"{""source"":""web-checkout""}",2025-02-27T04:50:10.952906+00:00,2026-05-22T18:44:18.131669+00:00,,,true
365bef63-8c8e-440f-9f36-85a4a2e5298e,550e8400-e29b-41d4-a716-446655440026,17522,0000017522,a02cb558-f06a-48a0-b6d8-421167a1b058,TXN-60024,60024,3,"Manila city, Jabonga, Agusan Del Norte",Maya,paid,Delivered,scheduled,138.37,111.62,17.74,307.48,,,"{""source"":""web-checkout""}",2025-02-26T22:56:13.718512+00:00,2026-05-22T18:44:18.131669+00:00,,,true
c146c438-c660-490f-8cb9-7cc1bc13c311,550e8400-e29b-41d4-a716-446655440022,17368,0000017368,4ce938fb-426d-44c0-b3fd-8fefbafd71ae,TXN-60143,60143,3,"Miilionaires Village, Manila City, Metro Manila",Credit / Debit Card,failed,Cancelled,scheduled,166.27,173.24,0,643.37,,,"{""source"":""web-checkout""}",2025-02-26T21:01:20.092899+00:00,2026-05-23T06:26:46.624031+00:00,Cleaned up stale pending session,2026-05-23T06:26:46.624031+00:00,true
746a53ce-e0a6-42d2-bec2-81498df12425,550e8400-e29b-41d4-a716-446655440015,17661,0000017661,e89c5ff5-aea5-47e0-b90b-bc892c94308e,TXN-60020,60020,3,"Pickup at Branch 3, Quezon Avenue, Quezon City",Cash on Delivery,paid,In Transit,claim_at_branch,415.33,136.44,0,225.79,,,"{""source"":""web-checkout""}",2025-02-26T15:19:32.242048+00:00,2026-05-22T18:44:18.131669+00:00,,,true
40ebe19e-3ec8-4c9d-b17b-12e9d91c4957,550e8400-e29b-41d4-a716-446655440054,17650,0000017650,df43d44e-a29a-4442-a95d-c561ffd33914,TXN-60368,60368,3,"Blk 454 lot23, Malita, Davao Occidental",Maya,paid,Processing,claim_at_branch,434.09,146.24,0,163.92,,,"{""source"":""web-checkout""}",2025-02-26T14:41:15.776243+00:00,2026-05-22T18:44:18.131669+00:00,,,true
1f2f7079-d3f7-4176-a767-57f0cbbe09bb,550e8400-e29b-41d4-a716-446655440021,17617,0000017617,d0680819-addf-4f4f-a6cc-e504bbfc0658,TXN-60260,60260,3,"Manila city, Jabonga, Agusan Del Norte",Cash on Delivery,paid,Delivered,scheduled,436.58,163.35,0,609.78,,,"{""source"":""web-checkout""}",2025-02-26T13:57:06.095474+00:00,2026-05-22T18:44:18.131669+00:00,,,true
659dd5cf-6557-4a36-9444-3e73e5489adb,550e8400-e29b-41d4-a716-446655440036,17432,0000017432,71bbcf20-8011-41d9-96e0-778ee9386d34,TXN-60313,60313,3,"Manila city, Jabonga, Agusan Del Norte",Credit / Debit Card,paid,Delivered,claim_at_branch,231.99,119.96,20.41,484.34,,,"{""source"":""web-checkout""}",2025-02-25T21:59:15.896304+00:00,2026-05-22T18:44:18.131669+00:00,,,true
0951cec6-c3f9-470d-a6a4-224a3b0378fd,550e8400-e29b-41d4-a716-446655440052,17548,0000017548,ac05922a-f3f2-4f0d-9a6f-649ddc7357bb,TXN-60380,60380,3,"Miilionaires Village, Manila City, Metro Manila",Credit / Debit Card,paid,Cancelled,scheduled,418.52,147.14,0,366.15,,,"{""source"":""web-checkout""}",2025-02-25T13:59:38.726301+00:00,2026-05-22T18:44:18.131669+00:00,,,true
72eddea5-c228-432d-b6d9-7b6ad511543f,550e8400-e29b-41d4-a716-446655440051,17647,0000017647,de99f5e2-8d6f-4294-9f90-77d262646fbf,TXN-60475,60475,3,"Manila city, Jabonga, Agusan Del Norte",GCash,paid,Delivered,scheduled,265.83,62.18,4.4,659.26,,,"{""source"":""web-checkout""}",2025-02-25T01:18:28.912061+00:00,2026-05-22T18:44:18.131669+00:00,,,true
de86dc06-4210-49d1-bd41-8d35acb642ce,550e8400-e29b-41d4-a716-446655440040,17486,0000017486,913c7c9b-7fc9-411b-aa59-c66266f0b6ba,TXN-60131,60131,3,"Pickup at Branch 3, Quezon Avenue, Quezon City",Maya,paid,In Transit,claim_at_branch,135.09,101.6,0,269.68,,,"{""source"":""web-checkout""}",2025-02-24T22:27:56.892113+00:00,2026-05-22T18:44:18.131669+00:00,,,true
7f6e6c8a-e0ab-4c50-a8f6-53ced11255d6,550e8400-e29b-41d4-a716-446655440011,17607,0000017607,ca9fbb6f-00d9-4ae0-9315-07f58b6905d1,TXN-60436,60436,3,"Manila city, Jabonga, Agusan Del Norte",GCash,paid,Delivered,scheduled,169.55,123.21,0,428.09,,,"{""source"":""web-checkout""}",2025-02-24T16:26:45.079456+00:00,2026-05-22T18:44:18.131669+00:00,,,true
acabfa4c-7a5b-493a-8479-24e4f0c91262,550e8400-e29b-41d4-a716-446655440027,17373,0000017373,4efad86b-8b63-4fb5-b007-ed4ade791195,TXN-60459,60459,3,"Miilionaires Village, Manila City, Metro Manila",Cash on Delivery,paid,Cancelled,claim_at_branch,247.54,199.46,0,553.88,,,"{""source"":""web-checkout""}",2025-02-24T05:36:30.915847+00:00,2026-05-22T18:44:18.131669+00:00,,,true
b5f8ab5c-e4d4-4e7d-855a-d0b3fcae52e4,550e8400-e29b-41d4-a716-446655440047,17593,0000017593,c1e2e4f8-afbe-4147-a905-93291fb7dde3,TXN-60233,60233,3,"Miilionaires Village, Manila City, Metro Manila",Cash on Delivery,paid,Cancelled,scheduled,397.84,151.03,0,126.4,,,"{""source"":""web-checkout""}",2025-02-24T02:55:38.520167+00:00,2026-05-22T18:44:18.131669+00:00,,,true
68b55e08-fa66-4f7f-9553-4d70acd41c59,550e8400-e29b-41d4-a716-446655440052,17698,0000017698,fac796ac-a38f-40c2-910d-1e629f69b107,TXN-60066,60066,3,"Miilionaires Village, Manila City, Metro Manila",Maya,paid,Cancelled,scheduled,313.14,69.92,0,652.92,,,"{""source"":""web-checkout""}",2025-02-23T15:55:30.112746+00:00,2026-05-22T18:44:18.131669+00:00,,,true
cadd7ff4-5b9d-40ff-8b66-a4d37bedad93,550e8400-e29b-41d4-a716-446655440045,17591,0000017591,c17f87d5-6a55-4557-97e1-68e0b4ee5bb6,TXN-60043,60043,3,"Pickup at Branch 3, Quezon Avenue, Quezon City",GCash,paid,In Transit,scheduled,323.31,110.76,28.57,666.55,,,"{""source"":""web-checkout""}",2025-02-23T09:55:58.929741+00:00,2026-05-22T18:44:18.131669+00:00,,,true
120da34d-72ba-4bc1-8897-6f52d845d2a6,550e8400-e29b-41d4-a716-446655440042,17388,0000017388,565576d7-5d8b-4795-a53c-46047c6b42c0,TXN-60357,60357,3,"Miilionaires Village, Manila City, Metro Manila",Credit / Debit Card,paid,Cancelled,claim_at_branch,162.08,216.89,0,175.27,,,"{""source"":""web-checkout""}",2025-02-23T08:35:49.997534+00:00,2026-05-22T18:44:18.131669+00:00,,,true
8cefc54f-afa1-4fdf-ab76-43b108be38e7,550e8400-e29b-41d4-a716-446655440016,17612,0000017612,ccd602c4-de65-4bdb-a590-ca6a76517e04,TXN-60247,60247,3,"Manila city, Jabonga, Agusan Del Norte",Credit / Debit Card,failed,Cancelled,scheduled,317.91,150.45,0,618.44,,,"{""source"":""web-checkout""}",2025-02-21T22:36:45.891398+00:00,2026-05-23T06:26:46.624031+00:00,Cleaned up stale pending session,2026-05-23T06:26:46.624031+00:00,true
1826902f-885d-49db-9283-499c2f286a69,550e8400-e29b-41d4-a716-446655440013,17659,0000017659,e5c7d527-5ec0-4800-a0de-67872c84300f,TXN-60424,60424,3,"Quezon city greenfields, Quezon City, Metro Manila",GCash,failed,Cancelled,claim_at_branch,278.54,121.94,0,430.65,,,"{""source"":""web-checkout""}",2025-02-21T15:31:37.103365+00:00,2026-05-23T06:26:46.624031+00:00,Cleaned up stale pending session,2026-05-23T06:26:46.624031+00:00,true
920130d0-ddaa-49ed-bfcd-1b2c3f7278f5,550e8400-e29b-41d4-a716-446655440046,17442,0000017442,756b115d-4040-4226-ae2b-869e22d560b3,TXN-60189,60189,3,"Manila city, Jabonga, Agusan Del Norte",Maya,paid,Delivered,scheduled,419.77,192.2,0,226.73,,,"{""source"":""web-checkout""}",2025-02-21T08:03:39.588838+00:00,2026-05-22T18:44:18.131669+00:00,,,true
a4c3c6fb-b3ec-4f66-a93b-e0bf1e7a4208,550e8400-e29b-41d4-a716-446655440029,17325,0000017325,397f3ddc-b4d0-4270-85c4-963d2436c31c,TXN-60336,60336,3,"Blk 454 lot23, Malita, Davao Occidental",Cash on Delivery,paid,Processing,claim_at_branch,204.02,168.1,0,231.36,,,"{""source"":""web-checkout""}",2025-02-20T12:36:43.229697+00:00,2026-05-22T18:44:18.131669+00:00,,,true
45442195-d263-40bb-bf96-5c112371dc4a,550e8400-e29b-41d4-a716-446655440038,17334,0000017334,3d4ec190-5180-4fac-b6d5-e78748f1c74a,TXN-60291,60291,3,"Quezon city greenfields, Quezon City, Metro Manila",Maya,paid,Processing,claim_at_branch,373.38,155.61,0,656.64,,,"{""source"":""web-checkout""}",2025-02-20T03:23:38.345173+00:00,2026-05-22T18:44:18.131669+00:00,,,true
2c4de50f-2f1c-4306-9755-fa9b2e875c15,550e8400-e29b-41d4-a716-446655440020,17516,0000017516,9d935b74-c233-4d4f-bdea-05f22d3df409,TXN-60297,60297,3,"Pickup at Branch 3, Quezon Avenue, Quezon City",Credit / Debit Card,paid,In Transit,claim_at_branch,375.56,220.3,0,670.14,,,"{""source"":""web-checkout""}",2025-02-20T02:18:50.362422+00:00,2026-05-22T18:44:18.131669+00:00,,,true
9e104796-16cf-4105-94ce-563cbf4c9aef,550e8400-e29b-41d4-a716-446655440041,17537,0000017537,a4c3acca-ce2a-4f90-8360-cb48f5fe52ce,TXN-60015,60015,3,"Manila city, Jabonga, Agusan Del Norte",Cash on Delivery,paid,Delivered,claim_at_branch,378.83,123.05,0,107.17,,,"{""source"":""web-checkout""}",2025-02-20T00:54:06.783273+00:00,2026-05-22T18:44:18.131669+00:00,,,true
855ed7e1-d738-4d92-b58f-1b15b4c7b456,550e8400-e29b-41d4-a716-446655440014,17560,0000017560,b109cf7f-264c-40df-993d-c99928baf114,TXN-60019,60019,3,"Blk 454 lot23, Malita, Davao Occidental",Credit / Debit Card,paid,Processing,scheduled,259.48,120.88,0,697.05,,,"{""source"":""web-checkout""}",2025-02-18T23:12:20.019394+00:00,2026-05-22T18:44:18.131669+00:00,,,true
0da1f183-ec74-437f-8c24-77a14975df69,550e8400-e29b-41d4-a716-446655440046,17242,0000017242,0efa56b9-f16c-49f9-832e-233633cd5471,TXN-60034,60034,3,"Manila city, Jabonga, Agusan Del Norte",Maya,paid,Delivered,scheduled,73.41,54.76,0,520.25,,,"{""source"":""web-checkout""}",2025-02-18T17:43:08.060717+00:00,2026-05-22T18:44:18.131669+00:00,,,true
f8d134bc-4e3e-410f-8d32-d6b570bd14f2,550e8400-e29b-41d4-a716-446655440033,17479,0000017479,8bb12de5-9aec-44ac-bb82-e3c41398bd4d,TXN-60438,60438,3,"Quezon city greenfields, Quezon City, Metro Manila",GCash,failed,Cancelled,scheduled,257.13,218.61,0,378.04,,,"{""source"":""web-checkout""}",2025-02-18T12:33:21.441529+00:00,2026-05-23T06:26:46.624031+00:00,Cleaned up stale pending session,2026-05-23T06:26:46.624031+00:00,true
b57fb46f-f3cd-420a-9ac0-3a8313a215b4,550e8400-e29b-41d4-a716-446655440035,17431,0000017431,709f6f89-4255-4467-a769-b2f8aff54a7a,TXN-60477,60477,3,"Pickup at Branch 3, Quezon Avenue, Quezon City",GCash,paid,In Transit,scheduled,441.44,150.41,0,234.8,,,"{""source"":""web-checkout""}",2025-02-18T11:42:44.501122+00:00,2026-05-22T18:44:18.131669+00:00,,,true
27cc3b0d-0660-4e86-90b3-0768fd9bf609,550e8400-e29b-41d4-a716-446655440036,17682,0000017682,f35b5dab-d33c-4465-a0a6-234528219ed0,TXN-60460,60460,3,"Manila city, Jabonga, Agusan Del Norte",Maya,failed,Cancelled,scheduled,216.68,187.17,10.28,295.62,,,"{""source"":""web-checkout""}",2025-02-18T04:35:48.899381+00:00,2026-05-23T06:26:46.624031+00:00,Cleaned up stale pending session,2026-05-23T06:26:46.624031+00:00,true
21a21745-e434-46e4-8d83-37511fdcd3dd,550e8400-e29b-41d4-a716-446655440025,17571,0000017571,b778b4b8-0108-4bc5-80a2-4b1562691853,TXN-60440,60440,3,"Pickup at Branch 3, Quezon Avenue, Quezon City",GCash,paid,In Transit,scheduled,387.54,173.84,0,654.2,,,"{""source"":""web-checkout""}",2025-02-17T19:56:32.961646+00:00,2026-05-22T18:44:18.131669+00:00,,,true
4152e257-4369-4024-821e-73e14d88a368,550e8400-e29b-41d4-a716-446655440044,17540,0000017540,a6600287-d7a4-4e54-9407-cbca6a4a1fb2,TXN-60445,60445,3,"Blk 454 lot23, Malita, Davao Occidental",Credit / Debit Card,paid,Processing,scheduled,236.04,66.28,0,684.11,,,"{""source"":""web-checkout""}",2025-02-17T12:05:12.44786+00:00,2026-05-22T18:44:18.131669+00:00,,,true
a1751abb-30c6-43bb-8146-6588a26d8c12,550e8400-e29b-41d4-a716-446655440053,17549,0000017549,ac7d143d-be82-4bd4-be58-4452f7c4569b,TXN-60361,60361,3,"Quezon city greenfields, Quezon City, Metro Manila",Cash on Delivery,failed,Cancelled,scheduled,71.64,142,0,593.79,,,"{""source"":""web-checkout""}",2025-02-16T21:40:46.275296+00:00,2026-05-23T06:26:46.624031+00:00,Cleaned up stale pending session,2026-05-23T06:26:46.624031+00:00,true
a8fb4a06-7277-42b9-9104-97c8db9be772,550e8400-e29b-41d4-a716-446655440034,17580,0000017580,bbf24662-ab8f-44ce-ba6e-b21a9122db79,TXN-60026,60026,3,"Blk 454 lot23, Malita, Davao Occidental",Credit / Debit Card,paid,Processing,scheduled,368.24,225.57,0,639.6,,,"{""source"":""web-checkout""}",2025-02-16T21:16:08.40623+00:00,2026-05-22T18:44:18.131669+00:00,,,true
a00305f1-f8af-4fda-a8fd-c77a6c508c47,550e8400-e29b-41d4-a716-446655440013,17459,0000017459,80a01a52-83fe-4d8e-aa9b-1cce263a1141,TXN-60249,60249,3,"Quezon city greenfields, Quezon City, Metro Manila",GCash,paid,Processing,claim_at_branch,387.9,218.82,0,642.84,,,"{""source"":""web-checkout""}",2025-02-16T19:35:56.510353+00:00,2026-05-22T18:44:18.131669+00:00,,,true
7ca4a938-df4e-43a7-b7bd-c44e7cd80c5a,550e8400-e29b-41d4-a716-446655440056,17552,0000017552,ad70aa2b-dd3e-4fa9-a86e-aa1e7f8915f3,TXN-60191,60191,3,"Manila city, Jabonga, Agusan Del Norte",Credit / Debit Card,paid,Delivered,claim_at_branch,114.02,56.41,10.27,359.3,,,"{""source"":""web-checkout""}",2025-02-16T19:13:21.948967+00:00,2026-05-22T18:44:18.131669+00:00,,,true
3f5aefba-3b00-40a9-8e6c-fb5f3ee8beb4,550e8400-e29b-41d4-a716-446655440051,17447,0000017447,76ce8f95-ed1f-4e28-a1c4-4f89f0cecc89,TXN-60111,60111,3,"Manila city, Jabonga, Agusan Del Norte",GCash,paid,Delivered,scheduled,263.26,70.47,0,541.53,,,"{""source"":""web-checkout""}",2025-02-16T17:29:12.608192+00:00,2026-05-22T18:44:18.131669+00:00,,,true
2527ed2a-6fda-4cef-b285-f09ecb100960,550e8400-e29b-41d4-a716-446655440027,17323,0000017323,3930dcea-106a-40a8-8eb8-eda5f49468e7,TXN-60491,60491,3,"Miilionaires Village, Manila City, Metro Manila",GCash,paid,Cancelled,claim_at_branch,120.14,216.87,17.17,562.79,,,"{""source"":""web-checkout""}",2025-02-16T07:33:58.689339+00:00,2026-05-22T18:44:18.131669+00:00,,,true
a31ce7ea-4860-48cc-9c9f-4dfe6baaff2a,550e8400-e29b-41d4-a716-446655440012,17608,0000017608,cae623cb-3155-438f-9af3-0a101f2b6c14,TXN-60288,60288,3,"Miilionaires Village, Manila City, Metro Manila",Credit / Debit Card,paid,Cancelled,claim_at_branch,214.81,57.34,0,447.48,,,"{""source"":""web-checkout""}",2025-02-16T02:33:08.602413+00:00,2026-05-22T18:44:18.131669+00:00,,,true
b2f54bc2-e7be-4de8-8298-7ab6eeba3061,550e8400-e29b-41d4-a716-446655440046,17392,0000017392,592901ef-b7c9-4ef3-bbfc-fc21a4cf3445,TXN-60295,60295,3,"Manila city, Jabonga, Agusan Del Norte",Credit / Debit Card,paid,Delivered,scheduled,288.15,139.15,0,134.75,,,"{""source"":""web-checkout""}",2025-02-15T23:43:00.225771+00:00,2026-05-22T18:44:18.131669+00:00,,,true
72721ee9-07d7-4265-a92a-d80ee38f08f9,550e8400-e29b-41d4-a716-446655440041,17687,0000017687,f725c17f-c46f-4e22-b4e2-5787399a0120,TXN-60463,60463,3,"Manila city, Jabonga, Agusan Del Norte",GCash,failed,Cancelled,claim_at_branch,342.27,118.03,0,104.26,,,"{""source"":""web-checkout""}",2025-02-15T20:31:34.50621+00:00,2026-05-23T06:26:46.624031+00:00,Cleaned up stale pending session,2026-05-23T06:26:46.624031+00:00,true
d8549229-80a3-4fe0-a1f0-5d69b141145a,550e8400-e29b-41d4-a716-446655440027,17573,0000017573,b8ce853c-444d-4657-9cd7-c0558167a967,TXN-60437,60437,3,"Miilionaires Village, Manila City, Metro Manila",Cash on Delivery,paid,Cancelled,scheduled,96.96,229.03,0,260.39,,,"{""source"":""web-checkout""}",2025-02-15T16:28:10.824501+00:00,2026-05-22T18:44:18.131669+00:00,,,true
31abbaea-a32e-4885-83d3-9149c4e28bf1,550e8400-e29b-41d4-a716-446655440037,17333,0000017333,3d3d90db-b8ab-4ef6-8646-e0ec0e38d4bb,TXN-60376,60376,3,"Miilionaires Village, Manila City, Metro Manila",Cash on Delivery,paid,Cancelled,claim_at_branch,63.42,127.63,0,436.41,,,"{""source"":""web-checkout""}",2025-02-15T07:53:19.222079+00:00,2026-05-22T18:44:18.131669+00:00,,,true
79955c28-136d-4cea-93b5-c1cdb686b278,550e8400-e29b-41d4-a716-446655440053,17699,0000017699,fad71990-eee6-4dc1-b97f-2a3af243270c,TXN-60049,60049,3,"Quezon city greenfields, Quezon City, Metro Manila",GCash,paid,Processing,claim_at_branch,124.93,140.31,0,266.73,,,"{""source"":""web-checkout""}",2025-02-15T04:44:02.020495+00:00,2026-05-22T18:44:18.131669+00:00,,,true
fed26a95-3e14-4337-a15a-c31ac4ffd1f9,550e8400-e29b-41d4-a716-446655440010,17306,0000017306,2ec133b6-866a-4ed0-ae5e-d722a188b866,TXN-60052,60052,3,"Pickup at Branch 3, Quezon Avenue, Quezon City",Maya,paid,In Transit,scheduled,413.52,87.85,16.49,179.25,,,"{""source"":""web-checkout""}",2025-02-15T00:56:09.100731+00:00,2026-05-22T18:44:18.131669+00:00,,,true
746f9f0a-7d76-4001-b1f7-a88c1f01ba06,550e8400-e29b-41d4-a716-446655440025,17271,0000017271,1e67bffa-a804-4051-8208-dedf14b094d7,TXN-60158,60158,3,"Pickup at Branch 3, Quezon Avenue, Quezon City",GCash,paid,In Transit,scheduled,433.57,100.56,0,588.93,,,"{""source"":""web-checkout""}",2025-02-14T13:06:31.232222+00:00,2026-05-22T18:44:18.131669+00:00,,,true
c4016f43-0097-455e-ad49-f9444901715d,550e8400-e29b-41d4-a716-446655440013,17259,0000017259,190f9ea6-1654-4398-9dd8-3ba4c746c3d2,TXN-60217,60217,3,"Quezon city greenfields, Quezon City, Metro Manila",GCash,paid,Processing,claim_at_branch,291.63,173.76,42.94,567.59,,,"{""source"":""web-checkout""}",2025-02-13T10:55:02.905812+00:00,2026-05-22T18:44:18.131669+00:00,,,true
c788f56d-e54f-4326-ba2c-f77b41df6c42,550e8400-e29b-41d4-a716-446655440015,17261,0000017261,1a18b42a-5071-4cf0-b667-1319aea170c6,TXN-60135,60135,3,"Pickup at Branch 3, Quezon Avenue, Quezon City",Cash on Delivery,paid,In Transit,claim_at_branch,219.97,90.28,0,285.03,,,"{""source"":""web-checkout""}",2025-02-13T10:09:32.844674+00:00,2026-05-22T18:44:18.131669+00:00,,,true
1a0f38e6-8fb9-4a38-9e72-4e9b891f43a3,550e8400-e29b-41d4-a716-446655440059,17305,0000017305,2e4c97b8-649f-4d58-9bb6-e743a93eff40,TXN-60442,60442,3,"Blk 454 lot23, Malita, Davao Occidental",Cash on Delivery,paid,Processing,scheduled,331.68,202.92,0,345.66,,,"{""source"":""web-checkout""}",2025-02-13T08:12:44.116634+00:00,2026-05-22T18:44:18.131669+00:00,,,true
6bf3157b-9558-4afd-89fc-b63bcd6fb042,550e8400-e29b-41d4-a716-446655440050,17346,0000017346,416e2a78-29fd-428d-8635-c863651e64d4,TXN-60275,60275,3,"Pickup at Branch 3, Quezon Avenue, Quezon City",Maya,failed,Cancelled,claim_at_branch,179.97,184.68,0,482.93,,,"{""source"":""web-checkout""}",2025-02-13T03:31:31.858442+00:00,2026-05-23T06:26:46.624031+00:00,Cleaned up stale pending session,2026-05-23T06:26:46.624031+00:00,true
9ad1d644-bbab-4efa-950b-a1b1364e2862,550e8400-e29b-41d4-a716-446655440029,17575,0000017575,b932fd05-c991-4517-b991-b88afaeca2ef,TXN-60257,60257,3,"Blk 454 lot23, Malita, Davao Occidental",GCash,paid,Processing,claim_at_branch,417.33,146.56,0,311.88,,,"{""source"":""web-checkout""}",2025-02-13T03:25:44.017926+00:00,2026-05-22T18:44:18.131669+00:00,,,true
ac7cebbc-3cc8-48bf-b1fc-c214c5963796,550e8400-e29b-41d4-a716-446655440031,17377,0000017377,5079c86c-4516-41a9-8089-8bc759820918,TXN-60032,60032,3,"Manila city, Jabonga, Agusan Del Norte",Cash on Delivery,paid,Delivered,scheduled,165.7,193.81,35.86,341.33,,,"{""source"":""web-checkout""}",2025-02-12T13:31:17.140504+00:00,2026-05-22T18:44:18.131669+00:00,,,true
2c930068-0d28-4ae1-a75e-bbe32c9bdaae,550e8400-e29b-41d4-a716-446655440023,17219,0000017219,069b4f2e-b1f7-41fe-92ef-66ffa82624b0,TXN-60416,60416,3,"Quezon city greenfields, Quezon City, Metro Manila",GCash,paid,Processing,scheduled,335.74,134.4,0,253.91,,,"{""source"":""web-checkout""}",2025-02-12T07:14:02.02897+00:00,2026-05-22T18:44:18.131669+00:00,,,true
ee8bd835-a07e-48ac-895c-b32de52b341e,550e8400-e29b-41d4-a716-446655440020,17616,0000017616,d047eba6-3928-42c6-8416-b5f8c1c08f0d,TXN-60199,60199,3,"Pickup at Branch 3, Quezon Avenue, Quezon City",Credit / Debit Card,paid,In Transit,claim_at_branch,442.45,123.26,0,258.12,,,"{""source"":""web-checkout""}",2025-02-12T03:26:44.989662+00:00,2026-05-22T18:44:18.131669+00:00,,,true
37289ab8-3bfc-4266-b300-837fb5805b7e,550e8400-e29b-41d4-a716-446655440017,17263,0000017263,1b4bbdaf-5fb6-454d-9f99-7aa08022a798,TXN-60321,60321,3,"Miilionaires Village, Manila City, Metro Manila",GCash,paid,Cancelled,scheduled,124.95,62.06,0,399.74,,,"{""source"":""web-checkout""}",2025-02-11T13:36:30.815134+00:00,2026-05-22T18:44:18.131669+00:00,,,true
82d610ae-3a87-4ab6-9626-313579578113,550e8400-e29b-41d4-a716-446655440019,17265,0000017265,1b73c6f0-4f66-434b-ba7c-0bef67cc9ced,TXN-60478,60478,3,"Blk 454 lot23, Malita, Davao Occidental",Cash on Delivery,paid,Processing,claim_at_branch,115.21,112.02,0,171.31,,,"{""source"":""web-checkout""}",2025-02-11T13:31:50.660792+00:00,2026-05-22T18:44:18.131669+00:00,,,true
8db341bd-b827-4c52-b0be-a6f024021cb1,550e8400-e29b-41d4-a716-446655440039,17485,0000017485,904cef9e-b346-4df6-a37c-224288779bff,TXN-60011,60011,3,"Blk 454 lot23, Malita, Davao Occidental",Cash on Delivery,paid,Processing,scheduled,86.81,76.83,17.25,312.12,,,"{""source"":""web-checkout""}",2025-02-11T00:02:16.123611+00:00,2026-05-22T18:44:18.131669+00:00,,,true
fa678678-34b2-4e7b-84bf-b165cac98e2f,550e8400-e29b-41d4-a716-446655440033,17329,0000017329,3b4d818c-a0b9-4a3e-900a-f1827b133511,TXN-60439,60439,3,"Quezon city greenfields, Quezon City, Metro Manila",Cash on Delivery,paid,Processing,scheduled,420.49,191.48,0,525.18,,,"{""source"":""web-checkout""}",2025-02-10T19:40:16.318174+00:00,2026-05-22T18:44:18.131669+00:00,,,true
08509b19-f49e-474d-a049-880ab30fbb6a,550e8400-e29b-41d4-a716-446655440044,17390,0000017390,577e11ed-68e2-4a62-b430-73a68e3ecedd,TXN-60310,60310,3,"Blk 454 lot23, Malita, Davao Occidental",Maya,paid,Processing,scheduled,438.35,160.11,0,491.49,,,"{""source"":""web-checkout""}",2025-02-10T19:25:48.594069+00:00,2026-05-22T18:44:18.131669+00:00,,,true
332e2d4d-4667-4f63-9dcb-8108ab25a941,550e8400-e29b-41d4-a716-446655440032,17378,0000017378,50a826a7-d0ee-48bc-90c6-4c22ffcd3c5b,TXN-60194,60194,3,"Miilionaires Village, Manila City, Metro Manila",Maya,paid,Cancelled,scheduled,70.09,145.59,0,281.39,,,"{""source"":""web-checkout""}",2025-02-10T08:38:30.735782+00:00,2026-05-22T18:44:18.131669+00:00,,,true
fb034c37-12aa-423c-93ca-4ec0ff6ed688,550e8400-e29b-41d4-a716-446655440046,17592,0000017592,c18084c7-b87f-4a3e-b317-64dfad5b0fee,TXN-60139,60139,3,"Manila city, Jabonga, Agusan Del Norte",Credit / Debit Card,paid,Delivered,scheduled,338.66,249.29,0,476.77,,,"{""source"":""web-checkout""}",2025-02-09T14:53:48.257383+00:00,2026-05-22T18:44:18.131669+00:00,,,true
626a189a-954d-4141-9111-12e428415440,550e8400-e29b-41d4-a716-446655440016,17412,0000017412,67594a0f-13f2-4a83-a0e5-202667c96c84,TXN-60212,60212,3,"Manila city, Jabonga, Agusan Del Norte",Credit / Debit Card,paid,Delivered,scheduled,263.41,84.52,0,405.37,,,"{""source"":""web-checkout""}",2025-02-09T13:46:39.787848+00:00,2026-05-22T18:44:18.131669+00:00,,,true
2aaa4a9b-ad8f-46a8-9bf0-d8419dba78bc,550e8400-e29b-41d4-a716-446655440052,17598,0000017598,c3335fb0-078d-43ce-b8b7-75e08eb53e24,TXN-60197,60197,3,"Miilionaires Village, Manila City, Metro Manila",Maya,failed,Cancelled,claim_at_branch,135.01,153.84,0,503.27,,,"{""source"":""web-checkout""}",2025-02-09T05:14:35.337028+00:00,2026-05-23T06:26:46.624031+00:00,Cleaned up stale pending session,2026-05-23T06:26:46.624031+00:00,true
f60b0e33-e270-4d17-bfb5-e1fe555beb3b,550e8400-e29b-41d4-a716-446655440019,17215,0000017215,049d02c3-7443-45e5-838d-17b5b412f83a,TXN-60004,60004,3,"Blk 454 lot23, Malita, Davao Occidental",GCash,failed,Cancelled,claim_at_branch,235.52,147.48,0,138.39,,,"{""source"":""web-checkout""}",2025-02-08T22:31:08.566077+00:00,2026-05-23T06:26:46.624031+00:00,Cleaned up stale pending session,2026-05-23T06:26:46.624031+00:00,true
fea6d1f6-991e-49fb-9ff9-b672da7b256a,550e8400-e29b-41d4-a716-446655440033,17429,0000017429,7001fc86-0e90-4647-aac5-f8ab3f1ad826,TXN-60028,60028,3,"Quezon city greenfields, Quezon City, Metro Manila",Cash on Delivery,paid,Processing,scheduled,257.1,131.75,0,382.56,,,"{""source"":""web-checkout""}",2025-02-08T18:51:42.799377+00:00,2026-05-22T18:44:18.131669+00:00,,,true
680ce914-672d-4a33-b95b-7c9d3022e9a3,550e8400-e29b-41d4-a716-446655440055,17301,0000017301,2ce0086e-0c83-4941-9b6b-b1c6aa0a368b,TXN-60122,60122,3,"Pickup at Branch 3, Quezon Avenue, Quezon City",Cash on Delivery,paid,In Transit,scheduled,74.06,58.67,0,469.9,,,"{""source"":""web-checkout""}",2025-02-08T06:34:27.838649+00:00,2026-05-22T18:44:18.131669+00:00,,,true
62b61351-4480-4d38-988f-b4b2b6035332,550e8400-e29b-41d4-a716-446655440041,17337,0000017337,3ed8a99f-360d-4c99-aa50-7af1659117af,TXN-60400,60400,3,"Manila city, Jabonga, Agusan Del Norte",Cash on Delivery,paid,Delivered,scheduled,283.03,64.27,0,507.96,,,"{""source"":""web-checkout""}",2025-02-08T06:01:54.102769+00:00,2026-05-22T18:44:18.131669+00:00,,,true
97fabdd5-cb44-4a4e-90a5-d8e5f79be066,550e8400-e29b-41d4-a716-446655440053,17399,0000017399,5ea5c450-5732-4565-be22-3f655ad1409c,TXN-60360,60360,3,"Quezon city greenfields, Quezon City, Metro Manila",GCash,paid,Processing,scheduled,96.15,165.52,38.8,607.09,,,"{""source"":""web-checkout""}",2025-02-07T21:45:35.224353+00:00,2026-05-22T18:44:18.131669+00:00,,,true
8d93a8a8-483c-4d49-b2b9-26e142cd9649,550e8400-e29b-41d4-a716-446655440025,17521,0000017521,9f968743-c582-41f9-9b33-5c7df1fbcf11,TXN-60255,60255,3,"Pickup at Branch 3, Quezon Avenue, Quezon City",Cash on Delivery,paid,In Transit,scheduled,180.21,229.43,0,568.66,,,"{""source"":""web-checkout""}",2025-02-07T18:04:02.844013+00:00,2026-05-22T18:44:18.131669+00:00,,,true
fb7de1f2-d09c-4aa1-9443-23717973d9b0,550e8400-e29b-41d4-a716-446655440031,17277,0000017277,20bb7e11-71ae-4d9c-93d7-e4f1a7260243,TXN-60495,60495,3,"Manila city, Jabonga, Agusan Del Norte",Cash on Delivery,paid,Delivered,scheduled,208.49,89.4,0,456.4,,,"{""source"":""web-checkout""}",2025-02-07T06:45:39.69182+00:00,2026-05-22T18:44:18.131669+00:00,,,true
9ec9a366-da46-4bb1-8e38-1eef352f8845,550e8400-e29b-41d4-a716-446655440029,17475,0000017475,8a087665-9e13-4125-8e5d-04770a92cd7c,TXN-60405,60405,3,"Blk 454 lot23, Malita, Davao Occidental",GCash,failed,Cancelled,claim_at_branch,100.61,51.96,0,428.69,,,"{""source"":""web-checkout""}",2025-02-07T00:58:42.374544+00:00,2026-05-23T06:26:46.624031+00:00,Cleaned up stale pending session,2026-05-23T06:26:46.624031+00:00,true
7e3c0651-8f80-4ef4-93cc-ffb8428bb67f,550e8400-e29b-41d4-a716-446655440025,17621,0000017621,d1c721f9-e3a7-4f2c-b84d-58b51c1afaa1,TXN-60103,60103,3,"Pickup at Branch 3, Quezon Avenue, Quezon City",Cash on Delivery,paid,In Transit,claim_at_branch,335.9,223.27,0,129.96,,,"{""source"":""web-checkout""}",2025-02-06T20:24:50.659092+00:00,2026-05-22T18:44:18.131669+00:00,,,true
1dc7c872-595a-4fe4-af5c-df92bfa2790e,550e8400-e29b-41d4-a716-446655440016,17662,0000017662,e8e6ba90-ea28-44e0-9f79-1d8e836d412a,TXN-60082,60082,3,"Manila city, Jabonga, Agusan Del Norte",Maya,paid,Delivered,scheduled,112.1,91.97,0,476.32,,,"{""source"":""web-checkout""}",2025-02-06T06:01:00.552944+00:00,2026-05-22T18:44:18.131669+00:00,,,true
629746de-6b26-4c84-bac9-0b0beec5ae78,550e8400-e29b-41d4-a716-446655440047,17543,0000017543,a88baf2c-1b6e-4d91-9466-b2289d4fabce,TXN-60469,60469,3,"Miilionaires Village, Manila City, Metro Manila",GCash,paid,Cancelled,claim_at_branch,50.23,195.28,0,680.12,,,"{""source"":""web-checkout""}",2025-02-05T21:50:36.696164+00:00,2026-05-22T18:44:18.131669+00:00,,,true
0955d9c4-f7f0-4267-aa5a-2859acd7a734,550e8400-e29b-41d4-a716-446655440057,17353,0000017353,4454d966-bcc1-40f2-a5fb-05ca395bcba5,TXN-60112,60112,3,"Miilionaires Village, Manila City, Metro Manila",Cash on Delivery,paid,Cancelled,claim_at_branch,104.66,99.91,0,489.82,,,"{""source"":""web-checkout""}",2025-02-04T02:35:16.438688+00:00,2026-05-22T18:44:18.131669+00:00,,,true
0bd52adf-efcb-45e2-b8c5-e749c42c3d8d,550e8400-e29b-41d4-a716-446655440015,17211,0000017211,015fd9ac-eec9-458d-b886-456918c7a972,TXN-60241,60241,3,"Pickup at Branch 3, Quezon Avenue, Quezon City",GCash,paid,In Transit,scheduled,289.24,59.34,0,560.88,,,"{""source"":""web-checkout""}",2025-02-03T17:13:11.315691+00:00,2026-05-22T18:44:18.131669+00:00,,,true
bc224cd8-6f3b-4ffe-a8c8-52d26eca02f5,550e8400-e29b-41d4-a716-446655440020,17316,0000017316,34ade36b-2ad1-4c5d-9138-520cbf2e9907,TXN-60021,60021,3,"Pickup at Branch 3, Quezon Avenue, Quezon City",Credit / Debit Card,failed,Cancelled,scheduled,88.78,174.27,40.45,311.29,,,"{""source"":""web-checkout""}",2025-02-03T08:45:22.106472+00:00,2026-05-23T06:26:46.624031+00:00,Cleaned up stale pending session,2026-05-23T06:26:46.624031+00:00,true
84ee08f3-f319-48d5-aaa6-16f3543908e3,550e8400-e29b-41d4-a716-446655440054,17250,0000017250,13f530d1-41ba-4d1a-895a-6e4c5a74d1ea,TXN-60410,60410,3,"Blk 454 lot23, Malita, Davao Occidental",Maya,paid,Processing,scheduled,442.26,127.31,0,195.15,,,"{""source"":""web-checkout""}",2025-02-03T08:01:32.892973+00:00,2026-05-22T18:44:18.131669+00:00,,,true
63c83556-fe20-41e8-9357-0d3adb7a061b,550e8400-e29b-41d4-a716-446655440023,17569,0000017569,b5f224fc-2160-45f7-8ed2-c4f74ec9d044,TXN-60047,60047,3,"Quezon city greenfields, Quezon City, Metro Manila",Cash on Delivery,paid,Processing,scheduled,423.7,228.53,0,156.11,,,"{""source"":""web-checkout""}",2025-02-02T21:59:48.031036+00:00,2026-05-22T18:44:18.131669+00:00,,,true
6edcc3e3-6164-40e8-aeb9-2917b4316823,550e8400-e29b-41d4-a716-446655440032,17628,0000017628,d5e3eae7-20cd-4539-8fcf-7009c09c5052,TXN-60479,60479,3,"Miilionaires Village, Manila City, Metro Manila",Credit / Debit Card,paid,Cancelled,claim_at_branch,236.82,234.23,0,639.65,,,"{""source"":""web-checkout""}",2025-02-02T21:55:22.375542+00:00,2026-05-22T18:44:18.131669+00:00,,,true
47c28375-4589-4830-8b0d-3523bc5bb2be,550e8400-e29b-41d4-a716-446655440017,17613,0000017613,cdc14e53-9148-4e63-a988-1bb9f825b326,TXN-60200,60200,3,"Miilionaires Village, Manila City, Metro Manila",Cash on Delivery,paid,Cancelled,claim_at_branch,315.34,119.89,0,225.54,,,"{""source"":""web-checkout""}",2025-02-02T06:22:18.90619+00:00,2026-05-22T18:44:18.131669+00:00,,,true
bc9c64bb-b95d-4617-8831-a1c57294c9ba,550e8400-e29b-41d4-a716-446655440012,17658,0000017658,e2e612e9-2af8-41f4-bf4a-720613c656a1,TXN-60149,60149,3,"Miilionaires Village, Manila City, Metro Manila",Maya,failed,Cancelled,claim_at_branch,288.71,247.74,0,238.45,,,"{""source"":""web-checkout""}",2025-02-02T00:27:21.893673+00:00,2026-05-23T06:26:46.624031+00:00,Cleaned up stale pending session,2026-05-23T06:26:46.624031+00:00,true
8de6a1b6-ff28-4192-a18d-d37ba15eb11f,550e8400-e29b-41d4-a716-446655440056,17402,0000017402,61570ffd-7301-4161-8d25-133608f88973,TXN-60476,60476,3,"Manila city, Jabonga, Agusan Del Norte",Maya,failed,Cancelled,scheduled,264,68.36,5.37,558.13,,,"{""source"":""web-checkout""}",2025-02-01T22:51:50.703677+00:00,2026-05-23T06:26:46.624031+00:00,Cleaned up stale pending session,2026-05-23T06:26:46.624031+00:00,true
d7117bea-d5a0-40ce-b6a0-809c08bd9bc3,550e8400-e29b-41d4-a716-446655440059,17255,0000017255,16c81a4d-3e76-4400-aedc-c52e77fd9ad3,TXN-60185,60185,3,"Blk 454 lot23, Malita, Davao Occidental",GCash,paid,Processing,scheduled,184.27,123.13,0,693.35,,,"{""source"":""web-checkout""}",2025-02-01T14:44:52.345119+00:00,2026-05-22T18:44:18.131669+00:00,,,true
bd5d20f5-ad51-4a6d-b650-d2849121c910,550e8400-e29b-41d4-a716-446655440024,17470,0000017470,87b2d26d-4386-42de-97ed-761daa586c6b,TXN-60326,60326,3,"Blk 454 lot23, Malita, Davao Occidental",Maya,paid,Processing,claim_at_branch,279.87,105.84,0,524.87,,,"{""source"":""web-checkout""}",2025-02-01T11:41:53.666239+00:00,2026-05-22T18:44:18.131669+00:00,,,true
4f07e23d-ebce-4404-8f5f-ed13ac34c01d,550e8400-e29b-41d4-a716-446655440036,17282,0000017282,222fa3ae-44de-45ff-93ad-f565fc56ff0e,TXN-60389,60389,3,"Manila city, Jabonga, Agusan Del Norte",Maya,paid,Delivered,scheduled,94.34,231.84,17.75,533.93,,,"{""source"":""web-checkout""}",2025-02-01T01:36:23.918171+00:00,2026-05-22T18:44:18.131669+00:00,,,true
fcb89506-1795-4abe-8c49-7a23637b6c74,550e8400-e29b-41d4-a716-446655440028,17424,0000017424,6e9cae7f-f853-450f-92f7-92653a677c7a,TXN-60104,60104,3,"Quezon city greenfields, Quezon City, Metro Manila",Credit / Debit Card,paid,Processing,scheduled,423.46,200.3,0,579.04,,,"{""source"":""web-checkout""}",2025-01-31T22:29:13.092576+00:00,2026-05-22T18:44:18.131669+00:00,,,true
d1f850cc-6b7a-4ed3-847e-ec6b9f47c816,550e8400-e29b-41d4-a716-446655440048,17344,0000017344,4145bb7e-6143-4222-af28-1b4f51533933,TXN-60281,60281,3,"Quezon city greenfields, Quezon City, Metro Manila",Credit / Debit Card,paid,Processing,claim_at_branch,206.56,236.38,0,224.44,,,"{""source"":""web-checkout""}",2025-01-31T20:40:03.998062+00:00,2026-05-22T18:44:18.131669+00:00,,,true
ba4a8cd7-4a7f-4c9a-b058-2e65d9815350,550e8400-e29b-41d4-a716-446655440038,17434,0000017434,72348f02-5d7a-4192-b943-7c84496952d5,TXN-60007,60007,3,"Quezon city greenfields, Quezon City, Metro Manila",Maya,failed,Cancelled,claim_at_branch,104.99,164.2,0,426.63,,,"{""source"":""web-checkout""}",2025-01-30T10:02:00.687948+00:00,2026-05-23T06:26:46.624031+00:00,Cleaned up stale pending session,2026-05-23T06:26:46.624031+00:00,true
8af84169-8e8a-4ca5-bd76-eb21c0057ab6,550e8400-e29b-41d4-a716-446655440028,17374,0000017374,4f7af5fc-d1fb-4628-ad5f-d9e6da6d02cb,TXN-60252,60252,3,"Quezon city greenfields, Quezon City, Metro Manila",Maya,paid,Processing,scheduled,298.99,58.68,0,563.92,,,"{""source"":""web-checkout""}",2025-01-30T05:17:43.178679+00:00,2026-05-22T18:44:18.131669+00:00,,,true
8f8c54a2-aa14-4ec3-8a46-fb05f7d001be,550e8400-e29b-41d4-a716-446655440058,17404,0000017404,61a2c80f-cea1-47c2-bee7-3cc8d5889f90,TXN-60497,60497,3,"Quezon city greenfields, Quezon City, Metro Manila",Credit / Debit Card,paid,Processing,claim_at_branch,269.97,157.75,0,233.57,,,"{""source"":""web-checkout""}",2025-01-30T01:26:01.493307+00:00,2026-05-22T18:44:18.131669+00:00,,,true
e117da21-8d56-4aba-a0f3-956dbfc4619b,550e8400-e29b-41d4-a716-446655440045,17341,0000017341,408b8878-3efe-40ab-bef2-5b7322a5644e,TXN-60395,60395,3,"Pickup at Branch 3, Quezon Avenue, Quezon City",Cash on Delivery,paid,In Transit,scheduled,303.11,204.19,5.04,295.64,,,"{""source"":""web-checkout""}",2025-01-30T01:11:43.871571+00:00,2026-05-22T18:44:18.131669+00:00,,,true
1ca08b82-cc38-4287-8085-a6362644ebd7,550e8400-e29b-41d4-a716-446655440021,17567,0000017567,b5c9c2e8-1b95-472c-9543-9a694077af40,TXN-60048,60048,3,"Manila city, Jabonga, Agusan Del Norte",GCash,paid,Delivered,scheduled,244.03,50.6,0,140.38,,,"{""source"":""web-checkout""}",2025-01-29T22:09:18.719627+00:00,2026-05-22T18:44:18.131669+00:00,,,true
97c5f0d9-8331-4f1e-963f-6abddcbd1f99,550e8400-e29b-41d4-a716-446655440021,17217,0000017217,05aa6835-3e42-44d0-a09b-7fff6c459a5f,TXN-60230,60230,3,"Manila city, Jabonga, Agusan Del Norte",Cash on Delivery,failed,Cancelled,scheduled,85.77,65.35,10.38,572.63,,,"{""source"":""web-checkout""}",2025-01-29T18:40:08.832538+00:00,2026-05-23T06:26:46.624031+00:00,Cleaned up stale pending session,2026-05-23T06:26:46.624031+00:00,true
bab36771-c105-44de-9411-cd9cc89e4e51,550e8400-e29b-41d4-a716-446655440051,17247,0000017247,118b01cc-9286-42a5-91b2-f4dcec0f1b88,TXN-60121,60121,3,"Manila city, Jabonga, Agusan Del Norte",GCash,paid,Delivered,scheduled,275.4,132.99,0,126.22,,,"{""source"":""web-checkout""}",2025-01-28T03:02:16.416235+00:00,2026-05-22T18:44:18.131669+00:00,,,true
89cbf585-4d8c-4bd3-8b3b-be55cdcfe062,550e8400-e29b-41d4-a716-446655440031,17227,0000017227,08f478c2-06ea-4fd5-a347-dd0fedf8f552,TXN-60243,60243,3,"Manila city, Jabonga, Agusan Del Norte",GCash,paid,Delivered,scheduled,415.3,231.82,0,243.54,,,"{""source"":""web-checkout""}",2025-01-27T18:48:07.570242+00:00,2026-05-22T18:44:18.131669+00:00,,,true
4921b572-bbca-4633-adb6-ac07a5587737,550e8400-e29b-41d4-a716-446655440036,17632,0000017632,d7d91791-a7e8-4e92-a25d-6aa596776fba,TXN-60411,60411,3,"Manila city, Jabonga, Agusan Del Norte",Credit / Debit Card,paid,Delivered,scheduled,307.63,105.51,0,223.49,,,"{""source"":""web-checkout""}",2025-01-27T16:10:08.462117+00:00,2026-05-22T18:44:18.131669+00:00,,,true
ee133297-8e69-43e0-9303-3a7c235f764a,550e8400-e29b-41d4-a716-446655440023,17319,0000017319,3764cd86-400d-48bb-87d8-34d8800ebe0e,TXN-60168,60168,3,"Quezon city greenfields, Quezon City, Metro Manila",GCash,paid,Processing,scheduled,232.26,245.32,25.33,456.66,,,"{""source"":""web-checkout""}",2025-01-27T10:25:00.747101+00:00,2026-05-22T18:44:18.131669+00:00,,,true
27c7f0ca-5637-442a-baac-8c37674afa69,550e8400-e29b-41d4-a716-446655440021,17367,0000017367,4c5c768d-cf82-403b-ac46-952d124c3e09,TXN-60283,60283,3,"Manila city, Jabonga, Agusan Del Norte",GCash,paid,Delivered,claim_at_branch,91.44,226.9,0,615.14,,,"{""source"":""web-checkout""}",2025-01-27T04:09:08.426139+00:00,2026-05-22T18:44:18.131669+00:00,,,true
21b005f8-6426-43bc-8840-9359480b57ab,550e8400-e29b-41d4-a716-446655440027,17273,0000017273,1f112bd2-212f-4717-a5e7-dc08d21a9aeb,TXN-60010,60010,3,"Miilionaires Village, Manila City, Metro Manila",Cash on Delivery,paid,Cancelled,scheduled,436.44,64.94,0,421.02,,,"{""source"":""web-checkout""}",2025-01-27T03:34:36.957546+00:00,2026-05-22T18:44:18.131669+00:00,,,true
ffb7d58d-d5ef-4f2e-9a2f-98d8a8fefb7b,550e8400-e29b-41d4-a716-446655440012,17358,0000017358,4611a3cb-825e-4f37-a533-290659960e7c,TXN-60354,60354,3,"Miilionaires Village, Manila City, Metro Manila",Maya,paid,Cancelled,scheduled,396.77,70.49,0,249.57,,,"{""source"":""web-checkout""}",2025-01-26T00:32:55.64661+00:00,2026-05-22T18:44:18.131669+00:00,,,true
f51b5aac-140c-4d9d-8df6-f4c694e7ce22,550e8400-e29b-41d4-a716-446655440032,17578,0000017578,b9ee1b9d-a4f8-4a23-9dc2-03da6eacac15,TXN-60496,60496,3,"Miilionaires Village, Manila City, Metro Manila",Maya,paid,Cancelled,scheduled,191.83,190.99,0,259.62,,,"{""source"":""web-checkout""}",2025-01-25T19:44:35.673732+00:00,2026-05-22T18:44:18.131669+00:00,,,true
b5bc81d1-1430-41e6-8455-f31537172b6e,550e8400-e29b-41d4-a716-446655440033,17579,0000017579,ba0be931-ecaf-4a5b-887b-21f49264ad88,TXN-60192,60192,3,"Quezon city greenfields, Quezon City, Metro Manila",GCash,paid,Processing,claim_at_branch,229.09,154.83,0,630.31,,,"{""source"":""web-checkout""}",2025-01-25T02:40:55.783841+00:00,2026-05-22T18:44:18.131669+00:00,,,true
3dcac965-4a08-42f2-9950-e3cf8b68212a,550e8400-e29b-41d4-a716-446655440026,17572,0000017572,b880e953-51cf-4877-9496-5ae20306cfe5,TXN-60073,60073,3,"Manila city, Jabonga, Agusan Del Norte",Credit / Debit Card,paid,Delivered,claim_at_branch,343.12,202.07,0,501.14,,,"{""source"":""web-checkout""}",2025-01-24T20:33:27.251998+00:00,2026-05-22T18:44:18.131669+00:00,,,true
bd0405c6-7e40-4010-aaba-7a4452d0c76a,550e8400-e29b-41d4-a716-446655440018,17664,0000017664,e9eca9ed-2f31-4d36-9b5b-028c58d59b82,TXN-60339,60339,3,"Quezon city greenfields, Quezon City, Metro Manila",Credit / Debit Card,paid,Processing,scheduled,423.96,113.53,0,359.23,,,"{""source"":""web-checkout""}",2025-01-24T18:19:35.114218+00:00,2026-05-22T18:44:18.131669+00:00,,,true
e097f15e-6eea-45c8-8791-ab2aabaf7e59,550e8400-e29b-41d4-a716-446655440023,17669,0000017669,ed0740e8-35e5-44ba-8786-2d09e25fc5e8,TXN-60391,60391,3,"Quezon city greenfields, Quezon City, Metro Manila",Cash on Delivery,failed,Cancelled,scheduled,272.64,230.1,0,193.44,,,"{""source"":""web-checkout""}",2025-01-24T09:16:19.007588+00:00,2026-05-23T06:26:46.624031+00:00,Cleaned up stale pending session,2026-05-23T06:26:46.624031+00:00,true
fe4f72de-999f-493d-a2b3-5ba778ec6d63,550e8400-e29b-41d4-a716-446655440043,17589,0000017589,c0a7d4f5-b31e-4ca4-814e-133d6ddf6866,TXN-60407,60407,3,"Quezon city greenfields, Quezon City, Metro Manila",Cash on Delivery,failed,Cancelled,claim_at_branch,330.24,117.17,0,227.07,,,"{""source"":""web-checkout""}",2025-01-24T03:13:42.254399+00:00,2026-05-23T06:26:46.624031+00:00,Cleaned up stale pending session,2026-05-23T06:26:46.624031+00:00,true
6936bf8c-af9f-4a94-b2df-260c2ac3b37a,550e8400-e29b-41d4-a716-446655440029,17275,0000017275,203c3d24-3b78-4b8a-b8d2-6ceaa7193e4f,TXN-60141,60141,3,"Blk 454 lot23, Malita, Davao Occidental",GCash,paid,Processing,claim_at_branch,434.18,169.39,0,350.24,,,"{""source"":""web-checkout""}",2025-01-23T23:22:12.91119+00:00,2026-05-22T18:44:18.131669+00:00,,,true
a04416fc-2a89-496c-bd75-81949c544e7d,550e8400-e29b-41d4-a716-446655440038,17284,0000017284,24f93f49-506d-4aba-97ed-195baba29de9,TXN-60031,60031,3,"Quezon city greenfields, Quezon City, Metro Manila",Credit / Debit Card,failed,Cancelled,scheduled,92.09,173.4,0,159.46,,,"{""source"":""web-checkout""}",2025-01-23T17:46:24.753844+00:00,2026-05-23T06:26:46.624031+00:00,Cleaned up stale pending session,2026-05-23T06:26:46.624031+00:00,true
d09bcb8b-0697-44ab-b686-9bb7470fa9c9,550e8400-e29b-41d4-a716-446655440057,17503,0000017503,96b78723-a20f-4809-bb4c-c01bde581b36,TXN-60184,60184,3,"Miilionaires Village, Manila City, Metro Manila",GCash,paid,Cancelled,claim_at_branch,336.94,170.08,14,348.8,,,"{""source"":""web-checkout""}",2025-01-23T14:35:32.438954+00:00,2026-05-22T18:44:18.131669+00:00,,,true
f9d84a3f-5615-4034-83ac-10b9d4e87a42,550e8400-e29b-41d4-a716-446655440048,17294,0000017294,2a6fbfff-dbf6-42b3-82c4-ca337dc93860,TXN-60356,60356,3,"Quezon city greenfields, Quezon City, Metro Manila",Maya,paid,Processing,scheduled,265.78,217.63,0,508.19,,,"{""source"":""web-checkout""}",2025-01-23T03:57:33.327575+00:00,2026-05-22T18:44:18.131669+00:00,,,true
10fd8915-0fce-4925-8546-bad50f943b17,550e8400-e29b-41d4-a716-446655440019,17365,0000017365,49be099f-3c58-411b-9cba-dc3f24eb468d,TXN-60494,60494,3,"Blk 454 lot23, Malita, Davao Occidental",Cash on Delivery,paid,Processing,scheduled,328.58,211.24,45.12,310.91,,,"{""source"":""web-checkout""}",2025-01-23T01:17:29.860891+00:00,2026-05-22T18:44:18.131669+00:00,,,true
f8238233-7b97-441d-ba09-0d6af471e4ee,550e8400-e29b-41d4-a716-446655440014,17360,0000017360,48198bc5-0786-49c5-8a6c-814a8b214a4a,TXN-60492,60492,3,"Blk 454 lot23, Malita, Davao Occidental",Credit / Debit Card,paid,Processing,claim_at_branch,405.08,91.28,9.11,503.84,,,"{""source"":""web-checkout""}",2025-01-23T01:04:47.699174+00:00,2026-05-22T18:44:18.131669+00:00,,,true
2b337df2-a38e-4723-aea1-ef87bc717626,550e8400-e29b-41d4-a716-446655440028,17624,0000017624,d3cde3a5-3f61-45b8-9a56-de815d0d94ac,TXN-60325,60325,3,"Quezon city greenfields, Quezon City, Metro Manila",Credit / Debit Card,paid,Processing,scheduled,447.9,156.67,0,435.9,,,"{""source"":""web-checkout""}",2025-01-22T04:50:17.191252+00:00,2026-05-22T18:44:18.131669+00:00,,,true
bfb5ea7f-6015-4200-8cb1-5434fd96dc64,550e8400-e29b-41d4-a716-446655440056,17602,0000017602,c5845aac-7d57-49d7-a3c7-3b9d837ed1cc,TXN-60379,60379,3,"Manila city, Jabonga, Agusan Del Norte",Maya,paid,Delivered,scheduled,147.93,76.87,0,189.73,,,"{""source"":""web-checkout""}",2025-01-22T04:46:37.706489+00:00,2026-05-22T18:44:18.131669+00:00,,,true
4334eec7-cd79-4e2d-a2b7-4a068d74d7a6,550e8400-e29b-41d4-a716-446655440012,17558,0000017558,af2f86ec-ddea-4fc4-b99a-47de5cd4a105,TXN-60231,60231,3,"Miilionaires Village, Manila City, Metro Manila",Maya,paid,Cancelled,scheduled,56.12,126.56,0,315.88,,,"{""source"":""web-checkout""}",2025-01-21T21:49:33.219676+00:00,2026-05-22T18:44:18.131669+00:00,,,true
518e72ac-12c1-45bc-818a-3e8f4eafb98b,550e8400-e29b-41d4-a716-446655440021,17317,0000017317,36398be3-5e34-4ccc-9600-4b9a2b2b764f,TXN-60455,60455,3,"Manila city, Jabonga, Agusan Del Norte",Cash on Delivery,paid,Delivered,scheduled,225.37,174.55,0,333.93,,,"{""source"":""web-checkout""}",2025-01-21T07:13:20.476485+00:00,2026-05-22T18:44:18.131669+00:00,,,true
ac06a703-bf5c-417d-b5b5-9ca5f62bcc93,550e8400-e29b-41d4-a716-446655440017,17213,0000017213,030743fa-18bd-4bc2-86b0-07aa1663c3b4,TXN-60441,60441,3,"Miilionaires Village, Manila City, Metro Manila",Cash on Delivery,paid,Cancelled,scheduled,120.88,68.53,0,578,,,"{""source"":""web-checkout""}",2025-01-21T02:05:34.057399+00:00,2026-05-22T18:44:18.131669+00:00,,,true
aa1c0ca7-02af-4d77-8dcc-4b5eab0e2c33,550e8400-e29b-41d4-a716-446655440040,17636,0000017636,d9c02d52-8d79-40c6-af71-d0593ae070e8,TXN-60399,60399,3,"Pickup at Branch 3, Quezon Avenue, Quezon City",Credit / Debit Card,failed,Cancelled,claim_at_branch,140.83,89.69,0,314.1,,,"{""source"":""web-checkout""}",2025-01-20T22:50:07.085243+00:00,2026-05-23T06:26:46.624031+00:00,Cleaned up stale pending session,2026-05-23T06:26:46.624031+00:00,true
6466443f-39ca-4fd4-90c6-fdd720ee9e74,550e8400-e29b-41d4-a716-446655440011,17507,0000017507,985e554b-40e5-42d2-b557-de7324516b31,TXN-60204,60204,3,"Manila city, Jabonga, Agusan Del Norte",GCash,paid,Delivered,claim_at_branch,166.18,196.05,0,321.35,,,"{""source"":""web-checkout""}",2025-01-19T06:09:19.864687+00:00,2026-05-22T18:44:18.131669+00:00,,,true
9ed34e0f-1e86-4e44-b1b5-82f18fc160f4,550e8400-e29b-41d4-a716-446655440042,17338,0000017338,3ee70013-1303-41c6-a385-2170a257f38c,TXN-60236,60236,3,"Miilionaires Village, Manila City, Metro Manila",Maya,paid,Cancelled,scheduled,68.94,115.07,0,299.75,,,"{""source"":""web-checkout""}",2025-01-19T00:06:47.942641+00:00,2026-05-22T18:44:18.131669+00:00,,,true
f29d5c61-540a-471e-84b5-46419e4259cc,550e8400-e29b-41d4-a716-446655440036,17382,0000017382,5323411e-b7f1-4837-a6c7-89ed4baa7ebe,TXN-60029,60029,3,"Manila city, Jabonga, Agusan Del Norte",Maya,paid,Delivered,scheduled,239.35,173.85,35.17,663.41,,,"{""source"":""web-checkout""}",2025-01-18T08:28:50.663857+00:00,2026-05-22T18:44:18.131669+00:00,,,true
c07e7820-5ee7-42e1-a57d-ea4090a6eacd,550e8400-e29b-41d4-a716-446655440024,17270,0000017270,1dd916e1-9a21-4d12-8a6f-94fa270b84e5,TXN-60293,60293,3,"Blk 454 lot23, Malita, Davao Occidental",Maya,failed,Cancelled,scheduled,168.18,209.16,48.57,565.83,,,"{""source"":""web-checkout""}",2025-01-17T22:06:11.367722+00:00,2026-05-23T06:26:46.624031+00:00,Cleaned up stale pending session,2026-05-23T06:26:46.624031+00:00,true
19342e61-a089-4888-baa6-609050f0234b,550e8400-e29b-41d4-a716-446655440049,17595,0000017595,c2001e49-67e9-44de-bc74-1bfbba45f679,TXN-60500,60500,3,"Blk 454 lot23, Malita, Davao Occidental",GCash,paid,Processing,scheduled,185.42,147.13,0,579.33,,,"{""source"":""web-checkout""}",2025-01-17T06:43:29.593143+00:00,2026-05-22T18:44:18.131669+00:00,,,true
2274d36a-2e95-44bf-8140-fb25a969fb5e,550e8400-e29b-41d4-a716-446655440019,17315,0000017315,34993262-7ba3-4e6e-9cd5-6d62cbcd05e3,TXN-60282,60282,3,"Blk 454 lot23, Malita, Davao Occidental",GCash,paid,Processing,scheduled,323.91,207.39,47.21,576.58,,,"{""source"":""web-checkout""}",2025-01-17T00:02:58.850336+00:00,2026-05-22T18:44:18.131669+00:00,,,true
2ceb06c3-be55-4c72-8beb-379a772ffbca,550e8400-e29b-41d4-a716-446655440059,17605,0000017605,c7f61d17-6fec-44db-b159-3bb6c5544c73,TXN-60061,60061,3,"Blk 454 lot23, Malita, Davao Occidental",Cash on Delivery,paid,Processing,claim_at_branch,242.94,73.37,0,302.1,,,"{""source"":""web-checkout""}",2025-01-16T17:50:01.943006+00:00,2026-05-22T18:44:18.131669+00:00,,,true
e65bbb5f-5de7-41a4-a48c-1107a8490775,550e8400-e29b-41d4-a716-446655440026,17422,0000017422,6e2eb930-53ec-4813-983d-b4342d8a30a8,TXN-60355,60355,3,"Manila city, Jabonga, Agusan Del Norte",Maya,paid,Delivered,scheduled,305.68,187.76,0,237.22,,,"{""source"":""web-checkout""}",2025-01-15T21:36:35.674457+00:00,2026-05-22T18:44:18.131669+00:00,,,true
0475fa7a-ff6b-4c20-a1b5-71b92a2796a9,550e8400-e29b-41d4-a716-446655440010,17656,0000017656,e2be9285-cd9f-4d91-bd34-7d8a4992395d,TXN-60219,60219,3,"Pickup at Branch 3, Quezon Avenue, Quezon City",Credit / Debit Card,failed,Cancelled,claim_at_branch,190.78,242.38,0,413.29,,,"{""source"":""web-checkout""}",2025-01-15T21:30:44.286333+00:00,2026-05-23T06:26:46.624031+00:00,Cleaned up stale pending session,2026-05-23T06:26:46.624031+00:00,true
5c6b37a1-ca86-4688-a0eb-0abfae8daa43,550e8400-e29b-41d4-a716-446655440025,17421,0000017421,6d4f9581-8c6b-4895-85bb-2327713f0191,TXN-60160,60160,3,"Pickup at Branch 3, Quezon Avenue, Quezon City",Cash on Delivery,paid,In Transit,claim_at_branch,380.28,229.39,0,476.48,,,"{""source"":""web-checkout""}",2025-01-15T01:28:01.600035+00:00,2026-05-22T18:44:18.131669+00:00,,,true
6f50fd33-7626-46aa-aaef-b314417c4af0,550e8400-e29b-41d4-a716-446655440029,17425,0000017425,6ec34f8c-8870-43fd-85f2-2722d0635384,TXN-60188,60188,3,"Blk 454 lot23, Malita, Davao Occidental",Cash on Delivery,paid,Processing,scheduled,127.16,67.25,43.28,302.94,,,"{""source"":""web-checkout""}",2025-01-14T18:35:31.670885+00:00,2026-05-22T18:44:18.131669+00:00,,,true
773b751c-1390-4116-b642-a41d0ce332fc,550e8400-e29b-41d4-a716-446655440050,17246,0000017246,10e9697f-b5aa-4273-a70f-8362dc1059d5,TXN-60448,60448,3,"Pickup at Branch 3, Quezon Avenue, Quezon City",Maya,paid,In Transit,claim_at_branch,448.92,156.91,0,593.51,,,"{""source"":""web-checkout""}",2025-01-14T16:57:23.154124+00:00,2026-05-22T18:44:18.131669+00:00,,,true
cfcb65ca-dd96-4986-8699-6932f92015e5,550e8400-e29b-41d4-a716-446655440038,17534,0000017534,a492bdce-9470-4949-9675-db18af417fb8,TXN-60384,60384,3,"Quezon city greenfields, Quezon City, Metro Manila",Maya,paid,Processing,scheduled,447.75,109.67,0,699.08,,,"{""source"":""web-checkout""}",2025-01-13T16:06:47.249572+00:00,2026-05-22T18:44:18.131669+00:00,,,true
8feed45a-c54c-4de8-bb67-c8f60f83ee50,550e8400-e29b-41d4-a716-446655440020,17266,0000017266,1bb3df48-c8bd-4c6b-aad2-28c525a75d26,TXN-60413,60413,3,"Pickup at Branch 3, Quezon Avenue, Quezon City",Maya,paid,In Transit,claim_at_branch,250.64,197.3,0,547.49,,,"{""source"":""web-checkout""}",2025-01-13T14:49:44.396216+00:00,2026-05-22T18:44:18.131669+00:00,,,true
7c227d8f-e08b-4552-a674-f225b8fec7a1,550e8400-e29b-41d4-a716-446655440035,17681,0000017681,f3231092-7b67-4e6d-973e-6a8a60d9f1f8,TXN-60059,60059,3,"Pickup at Branch 3, Quezon Avenue, Quezon City",Cash on Delivery,paid,In Transit,scheduled,412.72,109.86,0,618.98,,,"{""source"":""web-checkout""}",2025-01-13T01:56:05.861474+00:00,2026-05-22T18:44:18.131669+00:00,,,true
c9e85957-8871-4426-86d6-56b2548a465f,550e8400-e29b-41d4-a716-446655440018,17464,0000017464,848c10d0-7c2a-4412-bf76-527a767d7924,TXN-60209,60209,3,"Quezon city greenfields, Quezon City, Metro Manila",Credit / Debit Card,paid,Processing,scheduled,324.31,50.32,0,567.07,,,"{""source"":""web-checkout""}",2025-01-12T02:06:06.751545+00:00,2026-05-22T18:44:18.131669+00:00,,,true
17e2a445-4428-4730-a2f7-6547879d17d1,550e8400-e29b-41d4-a716-446655440032,17528,0000017528,a29855c0-0725-484c-a099-1f473904e5cf,TXN-60037,60037,3,"Miilionaires Village, Manila City, Metro Manila",Credit / Debit Card,paid,Cancelled,scheduled,68.04,55.65,0,435.12,,,"{""source"":""web-checkout""}",2025-01-11T22:59:55.804892+00:00,2026-05-22T18:44:18.131669+00:00,,,true
7fcbcf97-bee8-4930-a522-2d6d7a027751,550e8400-e29b-41d4-a716-446655440017,17513,0000017513,9d2e0564-4168-4890-8565-ad9475457e70,TXN-60312,60312,3,"Miilionaires Village, Manila City, Metro Manila",Cash on Delivery,paid,Cancelled,scheduled,60.34,137.59,0,670.65,,,"{""source"":""web-checkout""}",2025-01-11T18:54:20.788598+00:00,2026-05-22T18:44:18.131669+00:00,,,true
bbe77351-9e46-4744-8c1d-9990307b630c,550e8400-e29b-41d4-a716-446655440052,17648,0000017648,dea0a86e-e636-42d6-977d-e69b86e2a699,TXN-60070,60070,3,"Miilionaires Village, Manila City, Metro Manila",Credit / Debit Card,paid,Cancelled,claim_at_branch,138.54,101.04,0,554.79,,,"{""source"":""web-checkout""}",2025-01-11T18:03:57.888841+00:00,2026-05-22T18:44:18.131669+00:00,,,true
fe14c17d-77b8-42f1-8bca-181aff3a4757,550e8400-e29b-41d4-a716-446655440026,17322,0000017322,38b9c21d-ab74-4eb9-89ff-b959d6fc6c7c,TXN-60075,60075,3,"Manila city, Jabonga, Agusan Del Norte",Maya,paid,Delivered,claim_at_branch,273.81,232.61,0,254.06,,,"{""source"":""web-checkout""}",2025-01-11T17:22:57.080471+00:00,2026-05-22T18:44:18.131669+00:00,,,true
3f9bc3d5-3f01-4716-9db7-aadfd73ea317,550e8400-e29b-41d4-a716-446655440011,17307,0000017307,2ef44a99-c379-4ee5-ba5f-70137e4d0f38,TXN-60234,60234,3,"Manila city, Jabonga, Agusan Del Norte",GCash,paid,Delivered,scheduled,233.14,227.02,0,509.41,,,"{""source"":""web-checkout""}",2025-01-11T08:34:07.054938+00:00,2026-05-22T18:44:18.131669+00:00,,,true
9a3ec1b6-c38b-4585-a32d-b7ccfbe1583d,550e8400-e29b-41d4-a716-446655440041,17437,0000017437,73226743-357b-47cf-91f8-19cdc2377ada,TXN-60017,60017,3,"Manila city, Jabonga, Agusan Del Norte",Cash on Delivery,paid,Delivered,claim_at_branch,317.41,238.49,0,560.56,,,"{""source"":""web-checkout""}",2025-01-09T21:00:15.06338+00:00,2026-05-22T18:44:18.131669+00:00,,,true
b5b8d1e3-d4b7-454a-a072-7ab6200004de,550e8400-e29b-41d4-a716-446655440058,17454,0000017454,7b7741d8-ded2-42bd-b402-0170099b94e4,TXN-60421,60421,3,"Quezon city greenfields, Quezon City, Metro Manila",Maya,paid,Processing,scheduled,240.93,200.24,17.64,130.14,,,"{""source"":""web-checkout""}",2025-01-09T16:40:10.614465+00:00,2026-05-22T18:44:18.131669+00:00,,,true
d43dc346-8a00-46ac-bb15-f5dce77aa0bd,550e8400-e29b-41d4-a716-446655440013,17559,0000017559,b0c4f845-db11-487b-aa3c-38bfa3e5ad61,TXN-60366,60366,3,"Quezon city greenfields, Quezon City, Metro Manila",GCash,failed,Cancelled,scheduled,58.39,67.29,0,203.47,,,"{""source"":""web-checkout""}",2025-01-09T12:07:52.576757+00:00,2026-05-23T06:26:46.624031+00:00,Cleaned up stale pending session,2026-05-23T06:26:46.624031+00:00,true
4563b07b-efbf-4d3f-b3ff-f911a0e96ba5,550e8400-e29b-41d4-a716-446655440029,17375,0000017375,50321aeb-d14a-4391-a88f-ba7bb0061f70,TXN-60402,60402,3,"Blk 454 lot23, Malita, Davao Occidental",GCash,paid,Processing,scheduled,221.61,128.43,0,272.64,,,"{""source"":""web-checkout""}",2025-01-09T04:04:11.040662+00:00,2026-05-22T18:44:18.131669+00:00,,,true
e1d7e350-3030-48a4-8d5b-6fe473814151,550e8400-e29b-41d4-a716-446655440056,17252,0000017252,14ee6bbe-5013-436a-92e0-9df61fb7251c,TXN-60113,60113,3,"Manila city, Jabonga, Agusan Del Norte",Credit / Debit Card,paid,Delivered,scheduled,162.15,90.55,0,482.79,,,"{""source"":""web-checkout""}",2025-01-09T00:23:06.199755+00:00,2026-05-22T18:44:18.131669+00:00,,,true
58cdf996-9d67-4017-b987-56bee7877910,550e8400-e29b-41d4-a716-446655440027,17423,0000017423,6e8d2b26-ecca-4cc8-a742-cb78f5834334,TXN-60488,60488,3,"Miilionaires Village, Manila City, Metro Manila",GCash,failed,Cancelled,claim_at_branch,140.21,76.95,32.6,524.14,,,"{""source"":""web-checkout""}",2025-01-08T23:53:34.42339+00:00,2026-05-23T06:26:46.624031+00:00,Cleaned up stale pending session,2026-05-23T06:26:46.624031+00:00,true
efa0882c-43bc-4991-84ef-f41a344e69b1,550e8400-e29b-41d4-a716-446655440028,17524,0000017524,a0f6f596-07f6-45b2-95a9-549e69d24ab0,TXN-60470,60470,3,"Quezon city greenfields, Quezon City, Metro Manila",Credit / Debit Card,failed,Cancelled,scheduled,289.87,76.54,0,418.01,,,"{""source"":""web-checkout""}",2025-01-08T13:18:23.327432+00:00,2026-05-23T06:26:46.624031+00:00,Cleaned up stale pending session,2026-05-23T06:26:46.624031+00:00,true
8179e349-62b5-43b1-948c-c7dbccd8d124,550e8400-e29b-41d4-a716-446655440045,17391,0000017391,58fdaa5a-4352-42c1-a724-22164420f1d6,TXN-60170,60170,3,"Pickup at Branch 3, Quezon Avenue, Quezon City",GCash,paid,In Transit,scheduled,367.32,234.01,0,341.35,,,"{""source"":""web-checkout""}",2025-01-08T10:33:09.820754+00:00,2026-05-22T18:44:18.131669+00:00,,,true
f812c61a-28a9-47d6-9884-d3062ea1c0e1,550e8400-e29b-41d4-a716-446655440050,17646,0000017646,de4cfdc7-0a99-4d10-8385-b57c42338031,TXN-60372,60372,3,"Pickup at Branch 3, Quezon Avenue, Quezon City",Maya,paid,In Transit,claim_at_branch,431.16,106.05,0,405.34,,,"{""source"":""web-checkout""}",2025-01-08T07:01:31.111253+00:00,2026-05-22T18:44:18.131669+00:00,,,true
e433a74e-42cd-46b5-9c6c-d028f6363c34,550e8400-e29b-41d4-a716-446655440053,17299,0000017299,2c9ea1ba-404c-4fa7-a150-78d95c924682,TXN-60415,60415,3,"Quezon city greenfields, Quezon City, Metro Manila",GCash,paid,Processing,scheduled,274.99,97.16,0,576.58,,,"{""source"":""web-checkout""}",2025-01-08T04:09:52.623089+00:00,2026-05-22T18:44:18.131669+00:00,,,true
b7a76220-5bca-4355-a10a-de472ca7622d,550e8400-e29b-41d4-a716-446655440037,17283,0000017283,2326dbd2-9f92-49bc-bc16-5ac89b9775b8,TXN-60226,60226,3,"Miilionaires Village, Manila City, Metro Manila",GCash,paid,Cancelled,claim_at_branch,210.64,121.35,0,554.92,,,"{""source"":""web-checkout""}",2025-01-07T23:59:27.758881+00:00,2026-05-22T18:44:18.131669+00:00,,,true
43597102-e3f9-4947-bde2-73456c8bb4bd,550e8400-e29b-41d4-a716-446655440021,17517,0000017517,9d997009-85a4-4747-8b88-dc8f44162d23,TXN-60263,60263,3,"Manila city, Jabonga, Agusan Del Norte",Cash on Delivery,failed,Cancelled,scheduled,390.43,228.24,0,490.48,,,"{""source"":""web-checkout""}",2025-01-07T11:53:03.763347+00:00,2026-05-23T06:26:46.624031+00:00,Cleaned up stale pending session,2026-05-23T06:26:46.624031+00:00,true
ebe4278f-e71f-470b-bc1b-6094c28f71f7,550e8400-e29b-41d4-a716-446655440037,17383,0000017383,53b28a32-7251-4679-a4f5-6f44b48428b4,TXN-60071,60071,3,"Miilionaires Village, Manila City, Metro Manila",GCash,paid,Cancelled,scheduled,159.25,65.77,0,372.11,,,"{""source"":""web-checkout""}",2025-01-07T11:04:13.550985+00:00,2026-05-22T18:44:18.131669+00:00,,,true
ef81fc76-b1e3-4f3b-957c-2aa9e47c7f86,550e8400-e29b-41d4-a716-446655440012,17458,0000017458,7ef5ef76-0b1a-45d3-90ef-143db45430bf,TXN-60096,60096,3,"Miilionaires Village, Manila City, Metro Manila",Maya,paid,Cancelled,claim_at_branch,246.19,188.48,0,429.25,,,"{""source"":""web-checkout""}",2025-01-07T03:55:11.694455+00:00,2026-05-22T18:44:18.131669+00:00,,,true
d50a5896-bf1c-44b5-ae7c-e6dac493dc23,550e8400-e29b-41d4-a716-446655440026,17672,0000017672,ef5e543a-d130-44ee-831c-1a638e596c1f,TXN-60454,60454,3,"Manila city, Jabonga, Agusan Del Norte",Credit / Debit Card,paid,Delivered,claim_at_branch,148.27,218.34,1.83,697.39,,,"{""source"":""web-checkout""}",2025-01-07T00:39:06.664505+00:00,2026-05-22T18:44:18.131669+00:00,,,true
de14a54d-7cb8-4be5-9cee-5e2b73ed8c24,550e8400-e29b-41d4-a716-446655440023,17419,0000017419,6cb136a5-f9ea-4133-b9c4-c8310273f464,TXN-60167,60167,3,"Quezon city greenfields, Quezon City, Metro Manila",GCash,paid,Processing,scheduled,316.12,182.99,0,269.16,,,"{""source"":""web-checkout""}",2025-01-06T08:57:07.800185+00:00,2026-05-22T18:44:18.131669+00:00,,,true
aa009f0f-023f-4cdd-bf2c-ed1faaf905a2,550e8400-e29b-41d4-a716-446655440022,17518,0000017518,9e4cc609-fb7a-4468-af20-7655eea3ecdb,TXN-60062,60062,3,"Miilionaires Village, Manila City, Metro Manila",Maya,paid,Cancelled,scheduled,250.57,174.7,0,675.02,,,"{""source"":""web-checkout""}",2025-01-05T22:53:55.964319+00:00,2026-05-22T18:44:18.131669+00:00,,,true
2419d459-8305-4daf-8e35-90730958caa0,550e8400-e29b-41d4-a716-446655440025,17371,0000017371,4ed8b723-29a9-4e9b-9291-40fffd7f15ff,TXN-60324,60324,3,"Pickup at Branch 3, Quezon Avenue, Quezon City",GCash,paid,In Transit,claim_at_branch,247.43,246.97,0,226.45,,,"{""source"":""web-checkout""}",2025-01-05T18:27:47.444149+00:00,2026-05-22T18:44:18.131669+00:00,,,true
d223f3cf-ce17-448b-affd-3091fd0bf86c,550e8400-e29b-41d4-a716-446655440055,17401,0000017401,5fbbc150-c150-42b7-ae86-e5c2c5115789,TXN-60347,60347,3,"Pickup at Branch 3, Quezon Avenue, Quezon City",Cash on Delivery,paid,In Transit,scheduled,333.69,247.19,0,665.82,,,"{""source"":""web-checkout""}",2025-01-05T02:57:42.2961+00:00,2026-05-22T18:44:18.131669+00:00,,,true
73a9fcf8-0fc5-4e92-aa29-83d176394e12,550e8400-e29b-41d4-a716-446655440014,17660,0000017660,e857c2c9-9a60-4356-a82b-cef72c9bbd48,TXN-60419,60419,3,"Blk 454 lot23, Malita, Davao Occidental",Credit / Debit Card,paid,Processing,scheduled,372.33,216.13,0,299.94,,,"{""source"":""web-checkout""}",2025-01-04T17:11:39.60824+00:00,2026-05-22T18:44:18.131669+00:00,,,true
ca7561a9-293e-46fb-a7e0-ecf57c33c016,550e8400-e29b-41d4-a716-446655440059,17705,0000017705,fec25a8f-1044-4c2d-a2fe-4fd46bf9a990,TXN-60123,60123,3,"Blk 454 lot23, Malita, Davao Occidental",Cash on Delivery,failed,Cancelled,claim_at_branch,225.78,105.04,0,454.69,,,"{""source"":""web-checkout""}",2025-01-03T02:44:08.568306+00:00,2026-05-23T06:26:46.624031+00:00,Cleaned up stale pending session,2026-05-23T06:26:46.624031+00:00,true
f080b712-dafa-4f25-84e5-e063f0b9340d,550e8400-e29b-41d4-a716-446655440051,17697,0000017697,f9e6f34b-d967-4c9d-a989-ee516e3fcce6,TXN-60390,60390,3,"Manila city, Jabonga, Agusan Del Norte",Cash on Delivery,paid,Delivered,scheduled,395.58,54.76,0,663.03,,,"{""source"":""web-checkout""}",2025-01-02T21:58:51.557294+00:00,2026-05-22T18:44:18.131669+00:00,,,true
e8841b35-a324-402b-963d-253c9e1d3127,550e8400-e29b-41d4-a716-446655440029,17625,0000017625,d4a19296-5fae-4066-abfc-f578a0ed4a9a,TXN-60221,60221,3,"Blk 454 lot23, Malita, Davao Occidental",Cash on Delivery,paid,Processing,scheduled,118.8,137.01,0,580.95,,,"{""source"":""web-checkout""}",2025-01-02T19:06:03.087896+00:00,2026-05-22T18:44:18.131669+00:00,,,true
10d62ff6-4eb3-4286-aaa5-8e1991f32007,550e8400-e29b-41d4-a716-446655440031,17527,0000017527,a2770296-0918-47c4-bed7-39199ac8cf50,TXN-60009,60009,3,"Manila city, Jabonga, Agusan Del Norte",GCash,failed,Cancelled,scheduled,195.43,138.2,0,283.79,,,"{""source"":""web-checkout""}",2025-01-02T10:34:40.889408+00:00,2026-05-23T06:26:46.624031+00:00,Cleaned up stale pending session,2026-05-23T06:26:46.624031+00:00,true
26115456-ab40-4a4a-b3b8-2251224ed062,550e8400-e29b-41d4-a716-446655440027,17523,0000017523,a04145ce-5466-4504-b871-156f4eb5a1c8,TXN-60331,60331,3,"Miilionaires Village, Manila City, Metro Manila",GCash,failed,Cancelled,scheduled,227.51,50.52,0,649.85,,,"{""source"":""web-checkout""}",2025-01-01T19:13:49.510177+00:00,2026-05-23T06:26:46.624031+00:00,Cleaned up stale pending session,2026-05-23T06:26:46.624031+00:00,true
7bbfe664-a8ab-4c36-ac24-fcf7eb7de6f3,550e8400-e29b-41d4-a716-446655440021,17667,0000017667,ec3f005a-92db-4991-a0a4-91289fb396ce,TXN-60432,60432,3,"Manila city, Jabonga, Agusan Del Norte",GCash,paid,Delivered,scheduled,441.5,144.4,0,327.56,,,"{""source"":""web-checkout""}",2025-01-01T16:15:03.728439+00:00,2026-05-22T18:44:18.131669+00:00,,,true
79d07e71-4604-4560-ae2e-d040c83c3150,550e8400-e29b-41d4-a716-446655440053,17499,0000017499,95346f7b-46db-4dda-8d00-48be77357d93,TXN-60117,60117,3,"Quezon city greenfields, Quezon City, Metro Manila",GCash,paid,Processing,scheduled,98.23,151.48,0,371.99,,,"{""source"":""web-checkout""}",2025-01-01T15:28:44.05813+00:00,2026-05-22T18:44:18.131669+00:00,,,true
f65396ab-2e9c-47f0-8695-6714ad4ebb1c,550e8400-e29b-41d4-a716-446655440041,17487,0000017487,91dfef06-cc24-45e4-8c0e-dca30ecc9110,TXN-60290,60290,3,"Manila city, Jabonga, Agusan Del Norte",GCash,paid,Delivered,scheduled,297.99,50.8,5.95,271.95,,,"{""source"":""web-checkout""}",2025-01-01T15:15:20.642631+00:00,2026-05-22T18:44:18.131669+00:00,,,true
9906ce05-4f85-4d0b-91f3-643beeeaad5e,550e8400-e29b-41d4-a716-446655440011,17207,0000017207,00b73143-91ea-448f-9989-4cb492fabfa5,TXN-60337,60337,3,"Manila city, Jabonga, Agusan Del Norte",GCash,paid,Delivered,scheduled,367.27,137.2,23.45,149.51,,,"{""source"":""web-checkout""}",2025-01-01T11:07:59.726985+00:00,2026-05-22T18:44:18.131669+00:00,,,true
8f3ffbbb-740f-40d4-95c4-075b4e4f3c4e,550e8400-e29b-41d4-a716-446655440049,17345,0000017345,4147ce31-f77b-4a37-a712-0ffb5769d352,TXN-60367,60367,3,"Blk 454 lot23, Malita, Davao Occidental",Cash on Delivery,paid,Processing,scheduled,238.87,238.34,0,423.44,,,"{""source"":""web-checkout""}",2025-01-01T05:43:03.148918+00:00,2026-05-22T18:44:18.131669+00:00,,,true